URS Requirement ID,Priority,Requirement,Acceptance Criteria,Business Process,Epic,Design Component,Design Reference,API,Database Entity,User Story,Test Case ID,Test Type,Test Case,Test Result,Defect Reference,Release Version
BFR-GOV-001,P1,The platform shall support configurable country-specific regulatory rules.,Regulatory limits can be changed through controlled configuration without changing source code.,Platform governance,EPIC-GOV,Configuration (`config-svc`) / Resolution engine,05-fds/domain-01-platform-governance.md#bfr-gov-001,GET /api/admin/v1/config?key=&scope_type=&scope_ref=; GET /api/admin/v1/config/{config_id}; POST /api/admin/v1/config/{config_id}/versions; GET /api/admin/v1/config/resolve?key=&country=&product=&tier=&corridor=&cohort=,"platform_config, config_version",US-GOV-001,TC-GOV-001-1,Positive functional,Change a limit via config; new limit enforced with no deployment,NOT_EXECUTED,,
BFR-GOV-001,P1,The platform shall support configurable country-specific regulatory rules.,Regulatory limits can be changed through controlled configuration without changing source code.,Platform governance,EPIC-GOV,Configuration (`config-svc`) / Resolution engine,05-fds/domain-01-platform-governance.md#bfr-gov-001,GET /api/admin/v1/config?key=&scope_type=&scope_ref=; GET /api/admin/v1/config/{config_id}; POST /api/admin/v1/config/{config_id}/versions; GET /api/admin/v1/config/resolve?key=&country=&product=&tier=&corridor=&cohort=,"platform_config, config_version",US-GOV-001,TC-GOV-001-2,Negative functional,Wrong data type for key is rejected,NOT_EXECUTED,,
BFR-GOV-001,P1,The platform shall support configurable country-specific regulatory rules.,Regulatory limits can be changed through controlled configuration without changing source code.,Platform governance,EPIC-GOV,Configuration (`config-svc`) / Resolution engine,05-fds/domain-01-platform-governance.md#bfr-gov-001,GET /api/admin/v1/config?key=&scope_type=&scope_ref=; GET /api/admin/v1/config/{config_id}; POST /api/admin/v1/config/{config_id}/versions; GET /api/admin/v1/config/resolve?key=&country=&product=&tier=&corridor=&cohort=,"platform_config, config_version",US-GOV-001,TC-GOV-001-3,Permissions,User without `config.propose` cannot create a version,NOT_EXECUTED,,
BFR-GOV-001,P1,The platform shall support configurable country-specific regulatory rules.,Regulatory limits can be changed through controlled configuration without changing source code.,Platform governance,EPIC-GOV,Configuration (`config-svc`) / Resolution engine,05-fds/domain-01-platform-governance.md#bfr-gov-001,GET /api/admin/v1/config?key=&scope_type=&scope_ref=; GET /api/admin/v1/config/{config_id}; POST /api/admin/v1/config/{config_id}/versions; GET /api/admin/v1/config/resolve?key=&country=&product=&tier=&corridor=&cohort=,"platform_config, config_version",US-GOV-001,TC-GOV-001-4,Audit verification,Activation writes audit with old and new value,NOT_EXECUTED,,
BFR-GOV-001,P1,The platform shall support configurable country-specific regulatory rules.,Regulatory limits can be changed through controlled configuration without changing source code.,Platform governance,EPIC-GOV,Configuration (`config-svc`) / Resolution engine,05-fds/domain-01-platform-governance.md#bfr-gov-001,GET /api/admin/v1/config?key=&scope_type=&scope_ref=; GET /api/admin/v1/config/{config_id}; POST /api/admin/v1/config/{config_id}/versions; GET /api/admin/v1/config/resolve?key=&country=&product=&tier=&corridor=&cohort=,"platform_config, config_version",US-GOV-001,TC-GOV-001-5,API contract,Resolve endpoint returns the deciding `config_version_id`,NOT_EXECUTED,,
BFR-GOV-001,P1,The platform shall support configurable country-specific regulatory rules.,Regulatory limits can be changed through controlled configuration without changing source code.,Platform governance,EPIC-GOV,Configuration (`config-svc`) / Resolution engine,05-fds/domain-01-platform-governance.md#bfr-gov-001,GET /api/admin/v1/config?key=&scope_type=&scope_ref=; GET /api/admin/v1/config/{config_id}; POST /api/admin/v1/config/{config_id}/versions; GET /api/admin/v1/config/resolve?key=&country=&product=&tier=&corridor=&cohort=,"platform_config, config_version",US-GOV-001,TC-GOV-001-6,Error handling,"Missing effective version fails closed, does not silently default",NOT_EXECUTED,,
BFR-GOV-002,P1,The platform shall distinguish BuntuFin services from regulated partner services.,Each financial product identifies the legal service provider presented to the customer.,Platform governance,EPIC-GOV,Configuration (`config-svc`) / Product catalogue + `partner-svc`,05-fds/domain-01-platform-governance.md#bfr-gov-002,GET /api/v1/products/{product_code}; POST /api/admin/v1/products/{id}/versions,"product, product_version.legal_provider_partner_id **NOT NULL**, partner",US-GOV-002,TC-GOV-002-1,Positive functional,Product descriptor returns provider; UI renders attribution,NOT_EXECUTED,,
BFR-GOV-002,P1,The platform shall distinguish BuntuFin services from regulated partner services.,Each financial product identifies the legal service provider presented to the customer.,Platform governance,EPIC-GOV,Configuration (`config-svc`) / Product catalogue + `partner-svc`,05-fds/domain-01-platform-governance.md#bfr-gov-002,GET /api/v1/products/{product_code}; POST /api/admin/v1/products/{id}/versions,"product, product_version.legal_provider_partner_id **NOT NULL**, partner",US-GOV-002,TC-GOV-002-2,Negative functional,Product version without provider cannot activate,NOT_EXECUTED,,
BFR-GOV-002,P1,The platform shall distinguish BuntuFin services from regulated partner services.,Each financial product identifies the legal service provider presented to the customer.,Platform governance,EPIC-GOV,Configuration (`config-svc`) / Product catalogue + `partner-svc`,05-fds/domain-01-platform-governance.md#bfr-gov-002,GET /api/v1/products/{product_code}; POST /api/admin/v1/products/{id}/versions,"product, product_version.legal_provider_partner_id **NOT NULL**, partner",US-GOV-002,TC-GOV-002-3,Security,Provider field cannot be overridden by a client-supplied parameter,NOT_EXECUTED,,
BFR-GOV-002,P1,The platform shall distinguish BuntuFin services from regulated partner services.,Each financial product identifies the legal service provider presented to the customer.,Platform governance,EPIC-GOV,Configuration (`config-svc`) / Product catalogue + `partner-svc`,05-fds/domain-01-platform-governance.md#bfr-gov-002,GET /api/v1/products/{product_code}; POST /api/admin/v1/products/{id}/versions,"product, product_version.legal_provider_partner_id **NOT NULL**, partner",US-GOV-002,TC-GOV-002-4,Audit verification,Provider change audited with approver,NOT_EXECUTED,,
BFR-GOV-002,P1,The platform shall distinguish BuntuFin services from regulated partner services.,Each financial product identifies the legal service provider presented to the customer.,Platform governance,EPIC-GOV,Configuration (`config-svc`) / Product catalogue + `partner-svc`,05-fds/domain-01-platform-governance.md#bfr-gov-002,GET /api/v1/products/{product_code}; POST /api/admin/v1/products/{id}/versions,"product, product_version.legal_provider_partner_id **NOT NULL**, partner",US-GOV-002,TC-GOV-002-5,Integration,Suspended provider removes product from customer catalogue,NOT_EXECUTED,,
BFR-GOV-003,P1,The platform shall maintain product-version history.,"Every product configuration change records version, author, approver and effective date.",Platform governance,EPIC-GOV,Configuration (`config-svc`) / Versioned artefact pattern,05-fds/domain-01-platform-governance.md#bfr-gov-003,GET /api/admin/v1/products/{id}/versions; GET /api/admin/v1/products/{id}/versions/{version}; GET /api/admin/v1/products/{id}/as-of?at=2026-05-01T00:00:00Z,"product_version(version, effective_from, effective_to, author_id, approver_id, status, diff)",US-GOV-003,TC-GOV-003-1,Positive functional,Change creates new version with author/approver/effective date,NOT_EXECUTED,,
BFR-GOV-003,P1,The platform shall maintain product-version history.,"Every product configuration change records version, author, approver and effective date.",Platform governance,EPIC-GOV,Configuration (`config-svc`) / Versioned artefact pattern,05-fds/domain-01-platform-governance.md#bfr-gov-003,GET /api/admin/v1/products/{id}/versions; GET /api/admin/v1/products/{id}/versions/{version}; GET /api/admin/v1/products/{id}/as-of?at=2026-05-01T00:00:00Z,"product_version(version, effective_from, effective_to, author_id, approver_id, status, diff)",US-GOV-003,TC-GOV-003-2,Negative functional,Overlapping effective windows rejected,NOT_EXECUTED,,
BFR-GOV-003,P1,The platform shall maintain product-version history.,"Every product configuration change records version, author, approver and effective date.",Platform governance,EPIC-GOV,Configuration (`config-svc`) / Versioned artefact pattern,05-fds/domain-01-platform-governance.md#bfr-gov-003,GET /api/admin/v1/products/{id}/versions; GET /api/admin/v1/products/{id}/versions/{version}; GET /api/admin/v1/products/{id}/as-of?at=2026-05-01T00:00:00Z,"product_version(version, effective_from, effective_to, author_id, approver_id, status, diff)",US-GOV-003,TC-GOV-003-3,Positive functional,`as-of` query returns the historically correct version,NOT_EXECUTED,,
BFR-GOV-003,P1,The platform shall maintain product-version history.,"Every product configuration change records version, author, approver and effective date.",Platform governance,EPIC-GOV,Configuration (`config-svc`) / Versioned artefact pattern,05-fds/domain-01-platform-governance.md#bfr-gov-003,GET /api/admin/v1/products/{id}/versions; GET /api/admin/v1/products/{id}/versions/{version}; GET /api/admin/v1/products/{id}/as-of?at=2026-05-01T00:00:00Z,"product_version(version, effective_from, effective_to, author_id, approver_id, status, diff)",US-GOV-003,TC-GOV-003-4,Audit verification,Version history immutable and complete,NOT_EXECUTED,,
BFR-GOV-003,P1,The platform shall maintain product-version history.,"Every product configuration change records version, author, approver and effective date.",Platform governance,EPIC-GOV,Configuration (`config-svc`) / Versioned artefact pattern,05-fds/domain-01-platform-governance.md#bfr-gov-003,GET /api/admin/v1/products/{id}/versions; GET /api/admin/v1/products/{id}/versions/{version}; GET /api/admin/v1/products/{id}/as-of?at=2026-05-01T00:00:00Z,"product_version(version, effective_from, effective_to, author_id, approver_id, status, diff)",US-GOV-003,TC-GOV-003-5,Integration,A payment persists and can resolve its product version,NOT_EXECUTED,,
BFR-GOV-004,P1,The platform shall support feature flags by country.,A feature can be enabled in Rwanda while disabled elsewhere.,Platform governance,EPIC-GOV,Configuration (`config-svc`) / Flag resolution,05-fds/domain-01-platform-governance.md#bfr-gov-004,GET /api/v1/capabilities; PUT /api/admin/v1/flags/{key}?scope_type=COUNTRY&scope_ref=RW,"feature_flag(key, scope_type, scope_ref, enabled)",US-GOV-004,TC-GOV-004-1,Positive functional,"Feature on in RW, off elsewhere",NOT_EXECUTED,,
BFR-GOV-004,P1,The platform shall support feature flags by country.,A feature can be enabled in Rwanda while disabled elsewhere.,Platform governance,EPIC-GOV,Configuration (`config-svc`) / Flag resolution,05-fds/domain-01-platform-governance.md#bfr-gov-004,GET /api/v1/capabilities; PUT /api/admin/v1/flags/{key}?scope_type=COUNTRY&scope_ref=RW,"feature_flag(key, scope_type, scope_ref, enabled)",US-GOV-004,TC-GOV-004-2,Negative functional,Direct API call to disabled feature rejected server-side,NOT_EXECUTED,,
BFR-GOV-004,P1,The platform shall support feature flags by country.,A feature can be enabled in Rwanda while disabled elsewhere.,Platform governance,EPIC-GOV,Configuration (`config-svc`) / Flag resolution,05-fds/domain-01-platform-governance.md#bfr-gov-004,GET /api/v1/capabilities; PUT /api/admin/v1/flags/{key}?scope_type=COUNTRY&scope_ref=RW,"feature_flag(key, scope_type, scope_ref, enabled)",US-GOV-004,TC-GOV-004-3,Security,Client cannot self-declare its country to bypass the flag,NOT_EXECUTED,,
BFR-GOV-004,P1,The platform shall support feature flags by country.,A feature can be enabled in Rwanda while disabled elsewhere.,Platform governance,EPIC-GOV,Configuration (`config-svc`) / Flag resolution,05-fds/domain-01-platform-governance.md#bfr-gov-004,GET /api/v1/capabilities; PUT /api/admin/v1/flags/{key}?scope_type=COUNTRY&scope_ref=RW,"feature_flag(key, scope_type, scope_ref, enabled)",US-GOV-004,TC-GOV-004-4,Audit verification,Flag change audited,NOT_EXECUTED,,
BFR-GOV-005,P1,The platform shall support feature flags by sandbox cohort.,Admin can enable functionality for selected pilot users only.,Platform governance,EPIC-GOV,Configuration (`config-svc`) / Cohort membership,05-fds/domain-01-platform-governance.md#bfr-gov-005,POST /api/admin/v1/cohorts; POST /api/admin/v1/cohorts/{id}/members; DELETE /api/admin/v1/cohorts/{id}/members/{customer_id},"cohort, cohort_member(customer_id, added_by, added_at, removed_at)",US-GOV-005,TC-GOV-005-1,Positive functional,Cohort member gets the feature,NOT_EXECUTED,,
BFR-GOV-005,P1,The platform shall support feature flags by sandbox cohort.,Admin can enable functionality for selected pilot users only.,Platform governance,EPIC-GOV,Configuration (`config-svc`) / Cohort membership,05-fds/domain-01-platform-governance.md#bfr-gov-005,POST /api/admin/v1/cohorts; POST /api/admin/v1/cohorts/{id}/members; DELETE /api/admin/v1/cohorts/{id}/members/{customer_id},"cohort, cohort_member(customer_id, added_by, added_at, removed_at)",US-GOV-005,TC-GOV-005-2,Negative functional,Non-member rejected,NOT_EXECUTED,,
BFR-GOV-005,P1,The platform shall support feature flags by sandbox cohort.,Admin can enable functionality for selected pilot users only.,Platform governance,EPIC-GOV,Configuration (`config-svc`) / Cohort membership,05-fds/domain-01-platform-governance.md#bfr-gov-005,POST /api/admin/v1/cohorts; POST /api/admin/v1/cohorts/{id}/members; DELETE /api/admin/v1/cohorts/{id}/members/{customer_id},"cohort, cohort_member(customer_id, added_by, added_at, removed_at)",US-GOV-005,TC-GOV-005-3,Positive functional,Removal takes effect immediately (cache invalidation),NOT_EXECUTED,,
BFR-GOV-005,P1,The platform shall support feature flags by sandbox cohort.,Admin can enable functionality for selected pilot users only.,Platform governance,EPIC-GOV,Configuration (`config-svc`) / Cohort membership,05-fds/domain-01-platform-governance.md#bfr-gov-005,POST /api/admin/v1/cohorts; POST /api/admin/v1/cohorts/{id}/members; DELETE /api/admin/v1/cohorts/{id}/members/{customer_id},"cohort, cohort_member(customer_id, added_by, added_at, removed_at)",US-GOV-005,TC-GOV-005-4,Permissions,Only cohort-admin role can change membership,NOT_EXECUTED,,
BFR-GOV-005,P1,The platform shall support feature flags by sandbox cohort.,Admin can enable functionality for selected pilot users only.,Platform governance,EPIC-GOV,Configuration (`config-svc`) / Cohort membership,05-fds/domain-01-platform-governance.md#bfr-gov-005,POST /api/admin/v1/cohorts; POST /api/admin/v1/cohorts/{id}/members; DELETE /api/admin/v1/cohorts/{id}/members/{customer_id},"cohort, cohort_member(customer_id, added_by, added_at, removed_at)",US-GOV-005,TC-GOV-005-5,Audit verification,Membership changes audited,NOT_EXECUTED,,
BFR-GOV-006,P1,The platform shall support configurable transaction limits.,"Limits can be configured by product, customer tier, currency and corridor.",Platform governance,EPIC-GOV,Configuration (`config-svc`) / Limit rules + limit evaluation service,05-fds/domain-01-platform-governance.md#bfr-gov-006,POST /api/admin/v1/limits; GET /api/v1/limits/applicable?product=&currency=&corridor=; POST /internal/limits/evaluate,"limit_rule(product_id, tier, currency_code, corridor, limit_type, value_minor, config_version_id)",US-GOV-006,TC-GOV-006-1,Positive functional,Transaction within limit succeeds,NOT_EXECUTED,,
BFR-GOV-006,P1,The platform shall support configurable transaction limits.,"Limits can be configured by product, customer tier, currency and corridor.",Platform governance,EPIC-GOV,Configuration (`config-svc`) / Limit rules + limit evaluation service,05-fds/domain-01-platform-governance.md#bfr-gov-006,POST /api/admin/v1/limits; GET /api/v1/limits/applicable?product=&currency=&corridor=; POST /internal/limits/evaluate,"limit_rule(product_id, tier, currency_code, corridor, limit_type, value_minor, config_version_id)",US-GOV-006,TC-GOV-006-2,Negative functional,"Transaction exceeding daily limit refused, no debit",NOT_EXECUTED,,
BFR-GOV-006,P1,The platform shall support configurable transaction limits.,"Limits can be configured by product, customer tier, currency and corridor.",Platform governance,EPIC-GOV,Configuration (`config-svc`) / Limit rules + limit evaluation service,05-fds/domain-01-platform-governance.md#bfr-gov-006,POST /api/admin/v1/limits; GET /api/v1/limits/applicable?product=&currency=&corridor=; POST /internal/limits/evaluate,"limit_rule(product_id, tier, currency_code, corridor, limit_type, value_minor, config_version_id)",US-GOV-006,TC-GOV-006-3,Concurrency,Concurrent transactions cannot jointly exceed the limit,NOT_EXECUTED,,
BFR-GOV-006,P1,The platform shall support configurable transaction limits.,"Limits can be configured by product, customer tier, currency and corridor.",Platform governance,EPIC-GOV,Configuration (`config-svc`) / Limit rules + limit evaluation service,05-fds/domain-01-platform-governance.md#bfr-gov-006,POST /api/admin/v1/limits; GET /api/v1/limits/applicable?product=&currency=&corridor=; POST /internal/limits/evaluate,"limit_rule(product_id, tier, currency_code, corridor, limit_type, value_minor, config_version_id)",US-GOV-006,TC-GOV-006-4,Positive functional,Most restrictive rule wins when several match,NOT_EXECUTED,,
BFR-GOV-006,P1,The platform shall support configurable transaction limits.,"Limits can be configured by product, customer tier, currency and corridor.",Platform governance,EPIC-GOV,Configuration (`config-svc`) / Limit rules + limit evaluation service,05-fds/domain-01-platform-governance.md#bfr-gov-006,POST /api/admin/v1/limits; GET /api/v1/limits/applicable?product=&currency=&corridor=; POST /internal/limits/evaluate,"limit_rule(product_id, tier, currency_code, corridor, limit_type, value_minor, config_version_id)",US-GOV-006,TC-GOV-006-5,Error handling,No matching rule fails closed,NOT_EXECUTED,,
BFR-GOV-006,P1,The platform shall support configurable transaction limits.,"Limits can be configured by product, customer tier, currency and corridor.",Platform governance,EPIC-GOV,Configuration (`config-svc`) / Limit rules + limit evaluation service,05-fds/domain-01-platform-governance.md#bfr-gov-006,POST /api/admin/v1/limits; GET /api/v1/limits/applicable?product=&currency=&corridor=; POST /internal/limits/evaluate,"limit_rule(product_id, tier, currency_code, corridor, limit_type, value_minor, config_version_id)",US-GOV-006,TC-GOV-006-6,Decimal and rounding,Aggregation is exact in minor units,NOT_EXECUTED,,
BFR-GOV-006,P1,The platform shall support configurable transaction limits.,"Limits can be configured by product, customer tier, currency and corridor.",Platform governance,EPIC-GOV,Configuration (`config-svc`) / Limit rules + limit evaluation service,05-fds/domain-01-platform-governance.md#bfr-gov-006,POST /api/admin/v1/limits; GET /api/v1/limits/applicable?product=&currency=&corridor=; POST /internal/limits/evaluate,"limit_rule(product_id, tier, currency_code, corridor, limit_type, value_minor, config_version_id)",US-GOV-006,TC-GOV-006-7,Audit verification,Deciding rule recorded on the transaction,NOT_EXECUTED,,
BFR-GOV-007,P1,The system shall maintain effective dates for regulated configuration.,Future rule changes can be scheduled and previous values remain auditable.,Platform governance,EPIC-GOV,Configuration (`config-svc`) / Effective-dated resolution,05-fds/domain-01-platform-governance.md#bfr-gov-007,POST /api/admin/v1/config/{id}/versions; GET /api/admin/v1/config/{id}/timeline; DELETE /api/admin/v1/config/{id}/versions/{version},"config_version(effective_from, effective_to, status)",US-GOV-007,TC-GOV-007-1,Positive functional,Scheduled change activates at the effective instant,NOT_EXECUTED,,
BFR-GOV-007,P1,The system shall maintain effective dates for regulated configuration.,Future rule changes can be scheduled and previous values remain auditable.,Platform governance,EPIC-GOV,Configuration (`config-svc`) / Effective-dated resolution,05-fds/domain-01-platform-governance.md#bfr-gov-007,POST /api/admin/v1/config/{id}/versions; GET /api/admin/v1/config/{id}/timeline; DELETE /api/admin/v1/config/{id}/versions/{version},"config_version(effective_from, effective_to, status)",US-GOV-007,TC-GOV-007-2,Negative functional,Backdating a regulated key rejected,NOT_EXECUTED,,
BFR-GOV-007,P1,The system shall maintain effective dates for regulated configuration.,Future rule changes can be scheduled and previous values remain auditable.,Platform governance,EPIC-GOV,Configuration (`config-svc`) / Effective-dated resolution,05-fds/domain-01-platform-governance.md#bfr-gov-007,POST /api/admin/v1/config/{id}/versions; GET /api/admin/v1/config/{id}/timeline; DELETE /api/admin/v1/config/{id}/versions/{version},"config_version(effective_from, effective_to, status)",US-GOV-007,TC-GOV-007-3,Positive functional,Historical resolution returns the value in force then,NOT_EXECUTED,,
BFR-GOV-007,P1,The system shall maintain effective dates for regulated configuration.,Future rule changes can be scheduled and previous values remain auditable.,Platform governance,EPIC-GOV,Configuration (`config-svc`) / Effective-dated resolution,05-fds/domain-01-platform-governance.md#bfr-gov-007,POST /api/admin/v1/config/{id}/versions; GET /api/admin/v1/config/{id}/timeline; DELETE /api/admin/v1/config/{id}/versions/{version},"config_version(effective_from, effective_to, status)",US-GOV-007,TC-GOV-007-4,Audit verification,Previous value remains retrievable after supersession,NOT_EXECUTED,,
BFR-GOV-008,P1,Material configuration changes shall require approval.,Maker cannot approve own regulated configuration change.,Platform governance,EPIC-GOV,Configuration (`config-svc`) / Maker-checker,05-fds/domain-01-platform-governance.md#bfr-gov-008,POST /api/admin/v1/config/{id}/versions/{version}/approve; POST /api/admin/v1/config/{id}/versions/{version}/reject; GET /api/admin/v1/approvals?status=PENDING,"config_version(author_id, approver_id, status) with **CHECK approver_id <> author_id**",US-GOV-008,TC-GOV-008-1,Positive functional,Second approver activates the change,NOT_EXECUTED,,
BFR-GOV-008,P1,Material configuration changes shall require approval.,Maker cannot approve own regulated configuration change.,Platform governance,EPIC-GOV,Configuration (`config-svc`) / Maker-checker,05-fds/domain-01-platform-governance.md#bfr-gov-008,POST /api/admin/v1/config/{id}/versions/{version}/approve; POST /api/admin/v1/config/{id}/versions/{version}/reject; GET /api/admin/v1/approvals?status=PENDING,"config_version(author_id, approver_id, status) with **CHECK approver_id <> author_id**",US-GOV-008,TC-GOV-008-2,Negative functional,Self-approval refused at application layer,NOT_EXECUTED,,
BFR-GOV-008,P1,Material configuration changes shall require approval.,Maker cannot approve own regulated configuration change.,Platform governance,EPIC-GOV,Configuration (`config-svc`) / Maker-checker,05-fds/domain-01-platform-governance.md#bfr-gov-008,POST /api/admin/v1/config/{id}/versions/{version}/approve; POST /api/admin/v1/config/{id}/versions/{version}/reject; GET /api/admin/v1/approvals?status=PENDING,"config_version(author_id, approver_id, status) with **CHECK approver_id <> author_id**",US-GOV-008,TC-GOV-008-3,Security,Self-approval refused at database layer even if the application check is bypassed,NOT_EXECUTED,,
BFR-GOV-008,P1,Material configuration changes shall require approval.,Maker cannot approve own regulated configuration change.,Platform governance,EPIC-GOV,Configuration (`config-svc`) / Maker-checker,05-fds/domain-01-platform-governance.md#bfr-gov-008,POST /api/admin/v1/config/{id}/versions/{version}/approve; POST /api/admin/v1/config/{id}/versions/{version}/reject; GET /api/admin/v1/approvals?status=PENDING,"config_version(author_id, approver_id, status) with **CHECK approver_id <> author_id**",US-GOV-008,TC-GOV-008-4,Permissions,Approver without domain authority refused,NOT_EXECUTED,,
BFR-GOV-008,P1,Material configuration changes shall require approval.,Maker cannot approve own regulated configuration change.,Platform governance,EPIC-GOV,Configuration (`config-svc`) / Maker-checker,05-fds/domain-01-platform-governance.md#bfr-gov-008,POST /api/admin/v1/config/{id}/versions/{version}/approve; POST /api/admin/v1/config/{id}/versions/{version}/reject; GET /api/admin/v1/approvals?status=PENDING,"config_version(author_id, approver_id, status) with **CHECK approver_id <> author_id**",US-GOV-008,TC-GOV-008-5,Negative functional,Pending change does not take effect on its effective date,NOT_EXECUTED,,
BFR-GOV-008,P1,Material configuration changes shall require approval.,Maker cannot approve own regulated configuration change.,Platform governance,EPIC-GOV,Configuration (`config-svc`) / Maker-checker,05-fds/domain-01-platform-governance.md#bfr-gov-008,POST /api/admin/v1/config/{id}/versions/{version}/approve; POST /api/admin/v1/config/{id}/versions/{version}/reject; GET /api/admin/v1/approvals?status=PENDING,"config_version(author_id, approver_id, status) with **CHECK approver_id <> author_id**",US-GOV-008,TC-GOV-008-6,Audit verification,Attempted self-approval audited,NOT_EXECUTED,,
BFR-GOV-009,P1,The system shall support emergency feature suspension.,Authorised admin can disable a product/corridor without taking down entire platform.,Platform governance,EPIC-GOV,Configuration (`config-svc`) / Kill switch,05-fds/domain-01-platform-governance.md#bfr-gov-009,POST /api/admin/v1/emergency/suspend; POST /api/admin/v1/emergency/resume; GET /api/admin/v1/emergency/active,"feature_flag(suspended_at, suspended_by, suspension_reason, suspension_expires_at)",US-GOV-009,TC-GOV-009-1,Positive functional,Suspending one corridor leaves others working,NOT_EXECUTED,,
BFR-GOV-009,P1,The system shall support emergency feature suspension.,Authorised admin can disable a product/corridor without taking down entire platform.,Platform governance,EPIC-GOV,Configuration (`config-svc`) / Kill switch,05-fds/domain-01-platform-governance.md#bfr-gov-009,POST /api/admin/v1/emergency/suspend; POST /api/admin/v1/emergency/resume; GET /api/admin/v1/emergency/active,"feature_flag(suspended_at, suspended_by, suspension_reason, suspension_expires_at)",US-GOV-009,TC-GOV-009-2,Negative functional,Suspension without reason rejected,NOT_EXECUTED,,
BFR-GOV-009,P1,The system shall support emergency feature suspension.,Authorised admin can disable a product/corridor without taking down entire platform.,Platform governance,EPIC-GOV,Configuration (`config-svc`) / Kill switch,05-fds/domain-01-platform-governance.md#bfr-gov-009,POST /api/admin/v1/emergency/suspend; POST /api/admin/v1/emergency/resume; GET /api/admin/v1/emergency/active,"feature_flag(suspended_at, suspended_by, suspension_reason, suspension_expires_at)",US-GOV-009,TC-GOV-009-3,Permissions,Unauthorised role cannot suspend,NOT_EXECUTED,,
BFR-GOV-009,P1,The system shall support emergency feature suspension.,Authorised admin can disable a product/corridor without taking down entire platform.,Platform governance,EPIC-GOV,Configuration (`config-svc`) / Kill switch,05-fds/domain-01-platform-governance.md#bfr-gov-009,POST /api/admin/v1/emergency/suspend; POST /api/admin/v1/emergency/resume; GET /api/admin/v1/emergency/active,"feature_flag(suspended_at, suspended_by, suspension_reason, suspension_expires_at)",US-GOV-009,TC-GOV-009-4,Permissions,Resume requires a second approver,NOT_EXECUTED,,
BFR-GOV-009,P1,The system shall support emergency feature suspension.,Authorised admin can disable a product/corridor without taking down entire platform.,Platform governance,EPIC-GOV,Configuration (`config-svc`) / Kill switch,05-fds/domain-01-platform-governance.md#bfr-gov-009,POST /api/admin/v1/emergency/suspend; POST /api/admin/v1/emergency/resume; GET /api/admin/v1/emergency/active,"feature_flag(suspended_at, suspended_by, suspension_reason, suspension_expires_at)",US-GOV-009,TC-GOV-009-5,Integration,"In-flight authorised transactions follow their recovery path, not silent loss",NOT_EXECUTED,,
BFR-GOV-009,P1,The system shall support emergency feature suspension.,Authorised admin can disable a product/corridor without taking down entire platform.,Platform governance,EPIC-GOV,Configuration (`config-svc`) / Kill switch,05-fds/domain-01-platform-governance.md#bfr-gov-009,POST /api/admin/v1/emergency/suspend; POST /api/admin/v1/emergency/resume; GET /api/admin/v1/emergency/active,"feature_flag(suspended_at, suspended_by, suspension_reason, suspension_expires_at)",US-GOV-009,TC-GOV-009-6,Audit verification,Suspension audited and alerted,NOT_EXECUTED,,
BFR-GOV-010,P1,All regulatory configuration shall be auditable.,"Who, what, when, old value and new value are retrievable.",Platform governance,EPIC-GOV,Configuration (`config-svc`) / `config-svc` → `audit-svc`,05-fds/domain-01-platform-governance.md#bfr-gov-010,GET /api/admin/v1/audit?target_type=CONFIG&target_id=&from=&to=; POST /api/admin/v1/audit/export,"audit_event (append-only, hash-chained)",US-GOV-010,TC-GOV-010-1,Positive functional,Config change produces complete audit record,NOT_EXECUTED,,
BFR-GOV-010,P1,All regulatory configuration shall be auditable.,"Who, what, when, old value and new value are retrievable.",Platform governance,EPIC-GOV,Configuration (`config-svc`) / `config-svc` → `audit-svc`,05-fds/domain-01-platform-governance.md#bfr-gov-010,GET /api/admin/v1/audit?target_type=CONFIG&target_id=&from=&to=; POST /api/admin/v1/audit/export,"audit_event (append-only, hash-chained)",US-GOV-010,TC-GOV-010-2,Audit verification,Old and new values both retrievable,NOT_EXECUTED,,
BFR-GOV-010,P1,All regulatory configuration shall be auditable.,"Who, what, when, old value and new value are retrievable.",Platform governance,EPIC-GOV,Configuration (`config-svc`) / `config-svc` → `audit-svc`,05-fds/domain-01-platform-governance.md#bfr-gov-010,GET /api/admin/v1/audit?target_type=CONFIG&target_id=&from=&to=; POST /api/admin/v1/audit/export,"audit_event (append-only, hash-chained)",US-GOV-010,TC-GOV-010-3,Security,Audit modification denied at database level,NOT_EXECUTED,,
BFR-GOV-010,P1,All regulatory configuration shall be auditable.,"Who, what, when, old value and new value are retrievable.",Platform governance,EPIC-GOV,Configuration (`config-svc`) / `config-svc` → `audit-svc`,05-fds/domain-01-platform-governance.md#bfr-gov-010,GET /api/admin/v1/audit?target_type=CONFIG&target_id=&from=&to=; POST /api/admin/v1/audit/export,"audit_event (append-only, hash-chained)",US-GOV-010,TC-GOV-010-4,Security,Hash chain detects tampering,NOT_EXECUTED,,
BFR-GOV-010,P1,All regulatory configuration shall be auditable.,"Who, what, when, old value and new value are retrievable.",Platform governance,EPIC-GOV,Configuration (`config-svc`) / `config-svc` → `audit-svc`,05-fds/domain-01-platform-governance.md#bfr-gov-010,GET /api/admin/v1/audit?target_type=CONFIG&target_id=&from=&to=; POST /api/admin/v1/audit/export,"audit_event (append-only, hash-chained)",US-GOV-010,TC-GOV-010-5,Error handling,Audit write failure rolls back the configuration change,NOT_EXECUTED,,
BFR-GOV-010,P1,All regulatory configuration shall be auditable.,"Who, what, when, old value and new value are retrievable.",Platform governance,EPIC-GOV,Configuration (`config-svc`) / `config-svc` → `audit-svc`,05-fds/domain-01-platform-governance.md#bfr-gov-010,GET /api/admin/v1/audit?target_type=CONFIG&target_id=&from=&to=; POST /api/admin/v1/audit/export,"audit_event (append-only, hash-chained)",US-GOV-010,TC-GOV-010-6,API contract,Export produces the approved format and is itself audited,NOT_EXECUTED,,
BFR-USR-001,P1,The platform shall support individual customers.,Verified individual profile can be created and uniquely identified.,User and role management,EPIC-USR,"Identity & Access (`identity-svc`, `auth-svc`)",05-fds/domain-02-user-role-management.md#bfr-usr-001,POST /api/v1/customers; GET /api/v1/customers/me; PATCH /api/v1/customers/me; GET /api/admin/v1/customers/{id},"customer, customer_status_history",US-USR-001,TC-USR-001-1,Positive functional,Registration creates uniquely identified profile,NOT_EXECUTED,,
BFR-USR-001,P1,The platform shall support individual customers.,Verified individual profile can be created and uniquely identified.,User and role management,EPIC-USR,"Identity & Access (`identity-svc`, `auth-svc`)",05-fds/domain-02-user-role-management.md#bfr-usr-001,POST /api/v1/customers; GET /api/v1/customers/me; PATCH /api/v1/customers/me; GET /api/admin/v1/customers/{id},"customer, customer_status_history",US-USR-001,TC-USR-001-2,Negative functional,Duplicate MSISDN does not create a second profile,NOT_EXECUTED,,
BFR-USR-001,P1,The platform shall support individual customers.,Verified individual profile can be created and uniquely identified.,User and role management,EPIC-USR,"Identity & Access (`identity-svc`, `auth-svc`)",05-fds/domain-02-user-role-management.md#bfr-usr-001,POST /api/v1/customers; GET /api/v1/customers/me; PATCH /api/v1/customers/me; GET /api/admin/v1/customers/{id},"customer, customer_status_history",US-USR-001,TC-USR-001-3,Security,Identity fields encrypted; not present in logs or events,NOT_EXECUTED,,
BFR-USR-001,P1,The platform shall support individual customers.,Verified individual profile can be created and uniquely identified.,User and role management,EPIC-USR,"Identity & Access (`identity-svc`, `auth-svc`)",05-fds/domain-02-user-role-management.md#bfr-usr-001,POST /api/v1/customers; GET /api/v1/customers/me; PATCH /api/v1/customers/me; GET /api/admin/v1/customers/{id},"customer, customer_status_history",US-USR-001,TC-USR-001-4,Permissions,One customer cannot read another's profile,NOT_EXECUTED,,
BFR-USR-001,P1,The platform shall support individual customers.,Verified individual profile can be created and uniquely identified.,User and role management,EPIC-USR,"Identity & Access (`identity-svc`, `auth-svc`)",05-fds/domain-02-user-role-management.md#bfr-usr-001,POST /api/v1/customers; GET /api/v1/customers/me; PATCH /api/v1/customers/me; GET /api/admin/v1/customers/{id},"customer, customer_status_history",US-USR-001,TC-USR-001-5,Audit verification,Creation and status changes audited,NOT_EXECUTED,,
BFR-USR-002,P1,The platform shall support business customers.,Business profile can be linked to one or more authorised individuals.,User and role management,EPIC-USR,"Identity & Access (`identity-svc`, `auth-svc`)",05-fds/domain-02-user-role-management.md#bfr-usr-002,POST /api/v1/businesses; POST /api/v1/businesses/{id}/members; GET /api/v1/businesses/{id}/members; DELETE /api/v1/businesses/{id}/members/{customer_id},"business_customer, business_delegation",US-USR-002,TC-USR-002-1,Positive functional,Business links multiple authorised individuals,NOT_EXECUTED,,
BFR-USR-002,P1,The platform shall support business customers.,Business profile can be linked to one or more authorised individuals.,User and role management,EPIC-USR,"Identity & Access (`identity-svc`, `auth-svc`)",05-fds/domain-02-user-role-management.md#bfr-usr-002,POST /api/v1/businesses; POST /api/v1/businesses/{id}/members; GET /api/v1/businesses/{id}/members; DELETE /api/v1/businesses/{id}/members/{customer_id},"business_customer, business_delegation",US-USR-002,TC-USR-002-2,Negative functional,Last owner cannot be removed,NOT_EXECUTED,,
BFR-USR-002,P1,The platform shall support business customers.,Business profile can be linked to one or more authorised individuals.,User and role management,EPIC-USR,"Identity & Access (`identity-svc`, `auth-svc`)",05-fds/domain-02-user-role-management.md#bfr-usr-002,POST /api/v1/businesses; POST /api/v1/businesses/{id}/members; GET /api/v1/businesses/{id}/members; DELETE /api/v1/businesses/{id}/members/{customer_id},"business_customer, business_delegation",US-USR-002,TC-USR-002-3,Permissions,Unlinked individual cannot act for the business,NOT_EXECUTED,,
BFR-USR-002,P1,The platform shall support business customers.,Business profile can be linked to one or more authorised individuals.,User and role management,EPIC-USR,"Identity & Access (`identity-svc`, `auth-svc`)",05-fds/domain-02-user-role-management.md#bfr-usr-002,POST /api/v1/businesses; POST /api/v1/businesses/{id}/members; GET /api/v1/businesses/{id}/members; DELETE /api/v1/businesses/{id}/members/{customer_id},"business_customer, business_delegation",US-USR-002,TC-USR-002-4,Audit verification,Business action records both actor and business,NOT_EXECUTED,,
BFR-USR-003,P1,The platform shall support institutional partner users.,Partner employees can authenticate under their organisation.,User and role management,EPIC-USR,"Identity & Access (`identity-svc`, `auth-svc`)",05-fds/domain-02-user-role-management.md#bfr-usr-003,POST /api/partner/v1/users/invite; POST /api/partner/v1/auth/token; GET /api/partner/v1/users,"partner_user, role_assignment scoped by partner_id",US-USR-003,TC-USR-003-1,Positive functional,Partner staff authenticate under their organisation,NOT_EXECUTED,,
BFR-USR-003,P1,The platform shall support institutional partner users.,Partner employees can authenticate under their organisation.,User and role management,EPIC-USR,"Identity & Access (`identity-svc`, `auth-svc`)",05-fds/domain-02-user-role-management.md#bfr-usr-003,POST /api/partner/v1/users/invite; POST /api/partner/v1/auth/token; GET /api/partner/v1/users,"partner_user, role_assignment scoped by partner_id",US-USR-003,TC-USR-003-2,Security,Cross-organisation access returns 404 and raises a security event,NOT_EXECUTED,,
BFR-USR-003,P1,The platform shall support institutional partner users.,Partner employees can authenticate under their organisation.,User and role management,EPIC-USR,"Identity & Access (`identity-svc`, `auth-svc`)",05-fds/domain-02-user-role-management.md#bfr-usr-003,POST /api/partner/v1/users/invite; POST /api/partner/v1/auth/token; GET /api/partner/v1/users,"partner_user, role_assignment scoped by partner_id",US-USR-003,TC-USR-003-3,Integration,Partner suspension disables its users,NOT_EXECUTED,,
BFR-USR-003,P1,The platform shall support institutional partner users.,Partner employees can authenticate under their organisation.,User and role management,EPIC-USR,"Identity & Access (`identity-svc`, `auth-svc`)",05-fds/domain-02-user-role-management.md#bfr-usr-003,POST /api/partner/v1/users/invite; POST /api/partner/v1/auth/token; GET /api/partner/v1/users,"partner_user, role_assignment scoped by partner_id",US-USR-003,TC-USR-003-4,Permissions,Partner user cannot hold a staff role,NOT_EXECUTED,,
BFR-USR-004,P1,The platform shall implement role-based access control.,Users can access only functions assigned to authorised roles.,User and role management,EPIC-USR,"Identity & Access (`identity-svc`, `auth-svc`)",05-fds/domain-02-user-role-management.md#bfr-usr-004,GET /api/admin/v1/roles; POST /api/admin/v1/roles/{id}/permissions; POST /api/admin/v1/users/{id}/roles,"role, role_permission, role_assignment",US-USR-004,TC-USR-004-1,Positive functional,Role holder can access its functions,NOT_EXECUTED,,
BFR-USR-004,P1,The platform shall implement role-based access control.,Users can access only functions assigned to authorised roles.,User and role management,EPIC-USR,"Identity & Access (`identity-svc`, `auth-svc`)",05-fds/domain-02-user-role-management.md#bfr-usr-004,GET /api/admin/v1/roles; POST /api/admin/v1/roles/{id}/permissions; POST /api/admin/v1/users/{id}/roles,"role, role_permission, role_assignment",US-USR-004,TC-USR-004-2,Negative functional,"Non-holder denied, including by direct API call",NOT_EXECUTED,,
BFR-USR-004,P1,The platform shall implement role-based access control.,Users can access only functions assigned to authorised roles.,User and role management,EPIC-USR,"Identity & Access (`identity-svc`, `auth-svc`)",05-fds/domain-02-user-role-management.md#bfr-usr-004,GET /api/admin/v1/roles; POST /api/admin/v1/roles/{id}/permissions; POST /api/admin/v1/users/{id}/roles,"role, role_permission, role_assignment",US-USR-004,TC-USR-004-3,Security,"Undeclared endpoint is inaccessible, not open",NOT_EXECUTED,,
BFR-USR-004,P1,The platform shall implement role-based access control.,Users can access only functions assigned to authorised roles.,User and role management,EPIC-USR,"Identity & Access (`identity-svc`, `auth-svc`)",05-fds/domain-02-user-role-management.md#bfr-usr-004,GET /api/admin/v1/roles; POST /api/admin/v1/roles/{id}/permissions; POST /api/admin/v1/users/{id}/roles,"role, role_permission, role_assignment",US-USR-004,TC-USR-004-4,Positive functional,Revocation effective on next request,NOT_EXECUTED,,
BFR-USR-004,P1,The platform shall implement role-based access control.,Users can access only functions assigned to authorised roles.,User and role management,EPIC-USR,"Identity & Access (`identity-svc`, `auth-svc`)",05-fds/domain-02-user-role-management.md#bfr-usr-004,GET /api/admin/v1/roles; POST /api/admin/v1/roles/{id}/permissions; POST /api/admin/v1/users/{id}/roles,"role, role_permission, role_assignment",US-USR-004,TC-USR-004-5,Audit verification,Grants and revocations audited,NOT_EXECUTED,,
BFR-USR-005,P2,Users may hold multiple permitted roles.,Example: merchant owner can also be Circle member.,User and role management,EPIC-USR,"Identity & Access (`identity-svc`, `auth-svc`)",05-fds/domain-02-user-role-management.md#bfr-usr-005,GET /api/v1/contexts,role_assignment (multiple rows per user),US-USR-005,TC-USR-005-1,Positive functional,User operates in merchant and Circle contexts on one login,NOT_EXECUTED,,
BFR-USR-005,P2,Users may hold multiple permitted roles.,Example: merchant owner can also be Circle member.,User and role management,EPIC-USR,"Identity & Access (`identity-svc`, `auth-svc`)",05-fds/domain-02-user-role-management.md#bfr-usr-005,GET /api/v1/contexts,role_assignment (multiple rows per user),US-USR-005,TC-USR-005-2,Permissions,Business data unreachable from personal context,NOT_EXECUTED,,
BFR-USR-005,P2,Users may hold multiple permitted roles.,Example: merchant owner can also be Circle member.,User and role management,EPIC-USR,"Identity & Access (`identity-svc`, `auth-svc`)",05-fds/domain-02-user-role-management.md#bfr-usr-005,GET /api/v1/contexts,role_assignment (multiple rows per user),US-USR-005,TC-USR-005-3,Negative functional,Incompatible role combination refused,NOT_EXECUTED,,
BFR-USR-005,P2,Users may hold multiple permitted roles.,Example: merchant owner can also be Circle member.,User and role management,EPIC-USR,"Identity & Access (`identity-svc`, `auth-svc`)",05-fds/domain-02-user-role-management.md#bfr-usr-005,GET /api/v1/contexts,role_assignment (multiple rows per user),US-USR-005,TC-USR-005-4,Audit verification,Active context recorded per action,NOT_EXECUTED,,
BFR-USR-006,P1,Administrative roles shall follow least privilege.,Standard support user cannot access AML case-management functions.,User and role management,EPIC-USR,"Identity & Access (`identity-svc`, `auth-svc`)",05-fds/domain-02-user-role-management.md#bfr-usr-006,(no new endpoint) all /api/admin/v1/** routes declare a permission and a sensitivity class.,role_permission(sensitivity_class),US-USR-006,TC-USR-006-1,Negative functional,Support user denied on every AML endpoint,NOT_EXECUTED,,
BFR-USR-006,P1,Administrative roles shall follow least privilege.,Standard support user cannot access AML case-management functions.,User and role management,EPIC-USR,"Identity & Access (`identity-svc`, `auth-svc`)",05-fds/domain-02-user-role-management.md#bfr-usr-006,(no new endpoint) all /api/admin/v1/** routes declare a permission and a sensitivity class.,role_permission(sensitivity_class),US-USR-006,TC-USR-006-2,Security,Denial does not disclose case existence,NOT_EXECUTED,,
BFR-USR-006,P1,Administrative roles shall follow least privilege.,Standard support user cannot access AML case-management functions.,User and role management,EPIC-USR,"Identity & Access (`identity-svc`, `auth-svc`)",05-fds/domain-02-user-role-management.md#bfr-usr-006,(no new endpoint) all /api/admin/v1/** routes declare a permission and a sensitivity class.,role_permission(sensitivity_class),US-USR-006,TC-USR-006-3,Permissions,Multi-sensitive-class role requires dual approval,NOT_EXECUTED,,
BFR-USR-006,P1,Administrative roles shall follow least privilege.,Standard support user cannot access AML case-management functions.,User and role management,EPIC-USR,"Identity & Access (`identity-svc`, `auth-svc`)",05-fds/domain-02-user-role-management.md#bfr-usr-006,(no new endpoint) all /api/admin/v1/** routes declare a permission and a sensitivity class.,role_permission(sensitivity_class),US-USR-006,TC-USR-006-4,Security,Stale MFA blocks sensitive area,NOT_EXECUTED,,
BFR-USR-006,P1,Administrative roles shall follow least privilege.,Standard support user cannot access AML case-management functions.,User and role management,EPIC-USR,"Identity & Access (`identity-svc`, `auth-svc`)",05-fds/domain-02-user-role-management.md#bfr-usr-006,(no new endpoint) all /api/admin/v1/** routes declare a permission and a sensitivity class.,role_permission(sensitivity_class),US-USR-006,TC-USR-006-5,Audit verification,Cross-class attempt raises a security event,NOT_EXECUTED,,
BFR-USR-007,P1,User status shall be configurable.,"ACTIVE, SUSPENDED, RESTRICTED, CLOSED and PENDING supported.",User and role management,EPIC-USR,"Identity & Access (`identity-svc`, `auth-svc`)",05-fds/domain-02-user-role-management.md#bfr-usr-007,POST /api/admin/v1/customers/{id}/status; GET /api/v1/customers/me,"customer.status, customer_status_history",US-USR-007,TC-USR-007-1,Positive functional,Each status enforces its configured capability set,NOT_EXECUTED,,
BFR-USR-007,P1,User status shall be configurable.,"ACTIVE, SUSPENDED, RESTRICTED, CLOSED and PENDING supported.",User and role management,EPIC-USR,"Identity & Access (`identity-svc`, `auth-svc`)",05-fds/domain-02-user-role-management.md#bfr-usr-007,POST /api/admin/v1/customers/{id}/status; GET /api/v1/customers/me,"customer.status, customer_status_history",US-USR-007,TC-USR-007-2,Negative functional,Suspended customer cannot transact,NOT_EXECUTED,,
BFR-USR-007,P1,User status shall be configurable.,"ACTIVE, SUSPENDED, RESTRICTED, CLOSED and PENDING supported.",User and role management,EPIC-USR,"Identity & Access (`identity-svc`, `auth-svc`)",05-fds/domain-02-user-role-management.md#bfr-usr-007,POST /api/admin/v1/customers/{id}/status; GET /api/v1/customers/me,"customer.status, customer_status_history",US-USR-007,TC-USR-007-3,Positive functional,Restricted customer can still perform permitted actions,NOT_EXECUTED,,
BFR-USR-007,P1,User status shall be configurable.,"ACTIVE, SUSPENDED, RESTRICTED, CLOSED and PENDING supported.",User and role management,EPIC-USR,"Identity & Access (`identity-svc`, `auth-svc`)",05-fds/domain-02-user-role-management.md#bfr-usr-007,POST /api/admin/v1/customers/{id}/status; GET /api/v1/customers/me,"customer.status, customer_status_history",US-USR-007,TC-USR-007-4,Negative functional,Status change without reason rejected,NOT_EXECUTED,,
BFR-USR-007,P1,User status shall be configurable.,"ACTIVE, SUSPENDED, RESTRICTED, CLOSED and PENDING supported.",User and role management,EPIC-USR,"Identity & Access (`identity-svc`, `auth-svc`)",05-fds/domain-02-user-role-management.md#bfr-usr-007,POST /api/admin/v1/customers/{id}/status; GET /api/v1/customers/me,"customer.status, customer_status_history",US-USR-007,TC-USR-007-5,Audit verification,Status history complete and immutable,NOT_EXECUTED,,
BFR-USR-008,P2,Business users shall support delegated access.,Owner can authorise cashier without exposing owner credentials.,User and role management,EPIC-USR,"Identity & Access (`identity-svc`, `auth-svc`)",05-fds/domain-02-user-role-management.md#bfr-usr-008,POST /api/v1/businesses/{id}/delegations; DELETE /api/v1/businesses/{id}/delegations/{id}; GET /api/v1/businesses/{id}/delegations/{id}/activity,business_delegation,US-USR-008,TC-USR-008-1,Positive functional,Cashier accepts payments under own credentials,NOT_EXECUTED,,
BFR-USR-008,P2,Business users shall support delegated access.,Owner can authorise cashier without exposing owner credentials.,User and role management,EPIC-USR,"Identity & Access (`identity-svc`, `auth-svc`)",05-fds/domain-02-user-role-management.md#bfr-usr-008,POST /api/v1/businesses/{id}/delegations; DELETE /api/v1/businesses/{id}/delegations/{id}; GET /api/v1/businesses/{id}/delegations/{id}/activity,business_delegation,US-USR-008,TC-USR-008-2,Negative functional,Cashier cannot withdraw or change settings,NOT_EXECUTED,,
BFR-USR-008,P2,Business users shall support delegated access.,Owner can authorise cashier without exposing owner credentials.,User and role management,EPIC-USR,"Identity & Access (`identity-svc`, `auth-svc`)",05-fds/domain-02-user-role-management.md#bfr-usr-008,POST /api/v1/businesses/{id}/delegations; DELETE /api/v1/businesses/{id}/delegations/{id}; GET /api/v1/businesses/{id}/delegations/{id}/activity,business_delegation,US-USR-008,TC-USR-008-3,Positive functional,Revocation effective immediately,NOT_EXECUTED,,
BFR-USR-008,P2,Business users shall support delegated access.,Owner can authorise cashier without exposing owner credentials.,User and role management,EPIC-USR,"Identity & Access (`identity-svc`, `auth-svc`)",05-fds/domain-02-user-role-management.md#bfr-usr-008,POST /api/v1/businesses/{id}/delegations; DELETE /api/v1/businesses/{id}/delegations/{id}; GET /api/v1/businesses/{id}/delegations/{id}/activity,business_delegation,US-USR-008,TC-USR-008-4,Negative functional,Expired delegation refused,NOT_EXECUTED,,
BFR-USR-008,P2,Business users shall support delegated access.,Owner can authorise cashier without exposing owner credentials.,User and role management,EPIC-USR,"Identity & Access (`identity-svc`, `auth-svc`)",05-fds/domain-02-user-role-management.md#bfr-usr-008,POST /api/v1/businesses/{id}/delegations; DELETE /api/v1/businesses/{id}/delegations/{id}; GET /api/v1/businesses/{id}/delegations/{id}/activity,business_delegation,US-USR-008,TC-USR-008-5,Audit verification,Delegate actions individually attributed,NOT_EXECUTED,,
BFR-USR-009,P2,Partner organisations shall manage their authorised staff subject to controls.,Partner administrator can invite/remove users within assigned scope.,User and role management,EPIC-USR,"Identity & Access (`identity-svc`, `auth-svc`)",05-fds/domain-02-user-role-management.md#bfr-usr-009,POST /api/partner/v1/users; DELETE /api/partner/v1/users/{id}; POST /api/admin/v1/partners/{id}/users/{uid}/suspend,"partner_user, partner_capability",US-USR-009,TC-USR-009-1,Positive functional,Partner admin invites and removes within scope,NOT_EXECUTED,,
BFR-USR-009,P2,Partner organisations shall manage their authorised staff subject to controls.,Partner administrator can invite/remove users within assigned scope.,User and role management,EPIC-USR,"Identity & Access (`identity-svc`, `auth-svc`)",05-fds/domain-02-user-role-management.md#bfr-usr-009,POST /api/partner/v1/users; DELETE /api/partner/v1/users/{id}; POST /api/admin/v1/partners/{id}/users/{uid}/suspend,"partner_user, partner_capability",US-USR-009,TC-USR-009-2,Negative functional,Role escalation beyond enabled set refused,NOT_EXECUTED,,
BFR-USR-009,P2,Partner organisations shall manage their authorised staff subject to controls.,Partner administrator can invite/remove users within assigned scope.,User and role management,EPIC-USR,"Identity & Access (`identity-svc`, `auth-svc`)",05-fds/domain-02-user-role-management.md#bfr-usr-009,POST /api/partner/v1/users; DELETE /api/partner/v1/users/{id}; POST /api/admin/v1/partners/{id}/users/{uid}/suspend,"partner_user, partner_capability",US-USR-009,TC-USR-009-3,Security,Cross-partner user creation refused,NOT_EXECUTED,,
BFR-USR-009,P2,Partner organisations shall manage their authorised staff subject to controls.,Partner administrator can invite/remove users within assigned scope.,User and role management,EPIC-USR,"Identity & Access (`identity-svc`, `auth-svc`)",05-fds/domain-02-user-role-management.md#bfr-usr-009,POST /api/partner/v1/users; DELETE /api/partner/v1/users/{id}; POST /api/admin/v1/partners/{id}/users/{uid}/suspend,"partner_user, partner_capability",US-USR-009,TC-USR-009-4,Positive functional,BuntuFin can suspend a partner user,NOT_EXECUTED,,
BFR-USR-009,P2,Partner organisations shall manage their authorised staff subject to controls.,Partner administrator can invite/remove users within assigned scope.,User and role management,EPIC-USR,"Identity & Access (`identity-svc`, `auth-svc`)",05-fds/domain-02-user-role-management.md#bfr-usr-009,POST /api/partner/v1/users; DELETE /api/partner/v1/users/{id}; POST /api/admin/v1/partners/{id}/users/{uid}/suspend,"partner_user, partner_capability",US-USR-009,TC-USR-009-5,Audit verification,All partner user administration audited,NOT_EXECUTED,,
BFR-USR-010,P1,Privileged-role assignment shall be auditable.,"Role grants/revocations record actor, target, date and reason.",User and role management,EPIC-USR,"Identity & Access (`identity-svc`, `auth-svc`)",05-fds/domain-02-user-role-management.md#bfr-usr-010,POST /api/admin/v1/users/{id}/roles; DELETE /api/admin/v1/users/{id}/roles/{role}; GET /api/admin/v1/access/history?user_id=&role=&from=&to=,"role_assignment (append-only), audit_event",US-USR-010,TC-USR-010-1,Positive functional,Grant and revocation recorded with all four attributes,NOT_EXECUTED,,
BFR-USR-010,P1,Privileged-role assignment shall be auditable.,"Role grants/revocations record actor, target, date and reason.",User and role management,EPIC-USR,"Identity & Access (`identity-svc`, `auth-svc`)",05-fds/domain-02-user-role-management.md#bfr-usr-010,POST /api/admin/v1/users/{id}/roles; DELETE /api/admin/v1/users/{id}/roles/{role}; GET /api/admin/v1/access/history?user_id=&role=&from=&to=,"role_assignment (append-only), audit_event",US-USR-010,TC-USR-010-2,Negative functional,Grant without reason rejected,NOT_EXECUTED,,
BFR-USR-010,P1,Privileged-role assignment shall be auditable.,"Role grants/revocations record actor, target, date and reason.",User and role management,EPIC-USR,"Identity & Access (`identity-svc`, `auth-svc`)",05-fds/domain-02-user-role-management.md#bfr-usr-010,POST /api/admin/v1/users/{id}/roles; DELETE /api/admin/v1/users/{id}/roles/{role}; GET /api/admin/v1/access/history?user_id=&role=&from=&to=,"role_assignment (append-only), audit_event",US-USR-010,TC-USR-010-3,Security,Self-grant refused and audited,NOT_EXECUTED,,
BFR-USR-010,P1,Privileged-role assignment shall be auditable.,"Role grants/revocations record actor, target, date and reason.",User and role management,EPIC-USR,"Identity & Access (`identity-svc`, `auth-svc`)",05-fds/domain-02-user-role-management.md#bfr-usr-010,POST /api/admin/v1/users/{id}/roles; DELETE /api/admin/v1/users/{id}/roles/{role}; GET /api/admin/v1/access/history?user_id=&role=&from=&to=,"role_assignment (append-only), audit_event",US-USR-010,TC-USR-010-4,Security,Assignment history cannot be modified,NOT_EXECUTED,,
BFR-USR-010,P1,Privileged-role assignment shall be auditable.,"Role grants/revocations record actor, target, date and reason.",User and role management,EPIC-USR,"Identity & Access (`identity-svc`, `auth-svc`)",05-fds/domain-02-user-role-management.md#bfr-usr-010,POST /api/admin/v1/users/{id}/roles; DELETE /api/admin/v1/users/{id}/roles/{role}; GET /api/admin/v1/access/history?user_id=&role=&from=&to=,"role_assignment (append-only), audit_event",US-USR-010,TC-USR-010-5,Integration,Privileged grant raises a security alert,NOT_EXECUTED,,
BFR-ID-001,P1,Customers shall register using a verified mobile number.,OTP verification completes before account activation.,Identity and KYC,EPIC-ID,Identity & Access (`identity-svc`),05-fds/domain-03-identity-kyc.md#bfr-id-001,POST /api/v1/registration/otp; POST /api/v1/registration/otp/verify,"otp_challenge(msisdn_hash, code_hash, expires_at, attempts, consumed_at), customer.msisdn_verified_at",US-ID-001,TC-ID-001-1,Positive functional,Correct OTP verifies the number,NOT_EXECUTED,,
BFR-ID-001,P1,Customers shall register using a verified mobile number.,OTP verification completes before account activation.,Identity and KYC,EPIC-ID,Identity & Access (`identity-svc`),05-fds/domain-03-identity-kyc.md#bfr-id-001,POST /api/v1/registration/otp; POST /api/v1/registration/otp/verify,"otp_challenge(msisdn_hash, code_hash, expires_at, attempts, consumed_at), customer.msisdn_verified_at",US-ID-001,TC-ID-001-2,Negative functional,Expired code refused,NOT_EXECUTED,,
BFR-ID-001,P1,Customers shall register using a verified mobile number.,OTP verification completes before account activation.,Identity and KYC,EPIC-ID,Identity & Access (`identity-svc`),05-fds/domain-03-identity-kyc.md#bfr-id-001,POST /api/v1/registration/otp; POST /api/v1/registration/otp/verify,"otp_challenge(msisdn_hash, code_hash, expires_at, attempts, consumed_at), customer.msisdn_verified_at",US-ID-001,TC-ID-001-3,Negative functional,Attempt ceiling invalidates the challenge,NOT_EXECUTED,,
BFR-ID-001,P1,Customers shall register using a verified mobile number.,OTP verification completes before account activation.,Identity and KYC,EPIC-ID,Identity & Access (`identity-svc`),05-fds/domain-03-identity-kyc.md#bfr-id-001,POST /api/v1/registration/otp; POST /api/v1/registration/otp/verify,"otp_challenge(msisdn_hash, code_hash, expires_at, attempts, consumed_at), customer.msisdn_verified_at",US-ID-001,TC-ID-001-4,Security,Code never appears in responses or logs,NOT_EXECUTED,,
BFR-ID-001,P1,Customers shall register using a verified mobile number.,OTP verification completes before account activation.,Identity and KYC,EPIC-ID,Identity & Access (`identity-svc`),05-fds/domain-03-identity-kyc.md#bfr-id-001,POST /api/v1/registration/otp; POST /api/v1/registration/otp/verify,"otp_challenge(msisdn_hash, code_hash, expires_at, attempts, consumed_at), customer.msisdn_verified_at",US-ID-001,TC-ID-001-5,Security,Response does not disclose existing registration,NOT_EXECUTED,,
BFR-ID-001,P1,Customers shall register using a verified mobile number.,OTP verification completes before account activation.,Identity and KYC,EPIC-ID,Identity & Access (`identity-svc`),05-fds/domain-03-identity-kyc.md#bfr-id-001,POST /api/v1/registration/otp; POST /api/v1/registration/otp/verify,"otp_challenge(msisdn_hash, code_hash, expires_at, attempts, consumed_at), customer.msisdn_verified_at",US-ID-001,TC-ID-001-6,Negative functional,Activation impossible without verification,NOT_EXECUTED,,
BFR-ID-001,P1,Customers shall register using a verified mobile number.,OTP verification completes before account activation.,Identity and KYC,EPIC-ID,Identity & Access (`identity-svc`),05-fds/domain-03-identity-kyc.md#bfr-id-001,POST /api/v1/registration/otp; POST /api/v1/registration/otp/verify,"otp_challenge(msisdn_hash, code_hash, expires_at, attempts, consumed_at), customer.msisdn_verified_at",US-ID-001,TC-ID-001-7,Integration,Provider failure leaves the challenge reusable,NOT_EXECUTED,,
BFR-ID-002,P2,Email shall be optional unless required by product.,Customer can onboard without email where permitted.,Identity and KYC,EPIC-ID,Identity & Access (`identity-svc`),05-fds/domain-03-identity-kyc.md#bfr-id-002,PATCH /api/v1/customers/me; POST /api/v1/customers/me/email/verify,"customer.email nullable, email_verified_at",US-ID-002,TC-ID-002-1,Positive functional,Onboarding completes with no email,NOT_EXECUTED,,
BFR-ID-002,P2,Email shall be optional unless required by product.,Customer can onboard without email where permitted.,Identity and KYC,EPIC-ID,Identity & Access (`identity-svc`),05-fds/domain-03-identity-kyc.md#bfr-id-002,PATCH /api/v1/customers/me; POST /api/v1/customers/me/email/verify,"customer.email nullable, email_verified_at",US-ID-002,TC-ID-002-2,Positive functional,Email-requiring product prompts at point of use,NOT_EXECUTED,,
BFR-ID-002,P2,Email shall be optional unless required by product.,Customer can onboard without email where permitted.,Identity and KYC,EPIC-ID,Identity & Access (`identity-svc`),05-fds/domain-03-identity-kyc.md#bfr-id-002,PATCH /api/v1/customers/me; POST /api/v1/customers/me/email/verify,"customer.email nullable, email_verified_at",US-ID-002,TC-ID-002-3,Integration,Email notifications skipped cleanly when absent,NOT_EXECUTED,,
BFR-ID-002,P2,Email shall be optional unless required by product.,Customer can onboard without email where permitted.,Identity and KYC,EPIC-ID,Identity & Access (`identity-svc`),05-fds/domain-03-identity-kyc.md#bfr-id-002,PATCH /api/v1/customers/me; POST /api/v1/customers/me/email/verify,"customer.email nullable, email_verified_at",US-ID-002,TC-ID-002-4,Audit verification,Email change audited and notified,NOT_EXECUTED,,
BFR-ID-003,P1,The system shall capture legal identity information.,"Required fields include legal name, DOB and permitted identity document.",Identity and KYC,EPIC-ID,Identity & Access (`identity-svc`),05-fds/domain-03-identity-kyc.md#bfr-id-003,GET /api/v1/kyc/requirements?segment=; POST /api/v1/kyc/identity; POST /api/v1/kyc/identity/{id}/documents,"customer.legal_name, customer.date_of_birth (both encrypted), identity_document",US-ID-003,TC-ID-003-1,Positive functional,Valid identity submission accepted,NOT_EXECUTED,,
BFR-ID-003,P1,The system shall capture legal identity information.,"Required fields include legal name, DOB and permitted identity document.",Identity and KYC,EPIC-ID,Identity & Access (`identity-svc`),05-fds/domain-03-identity-kyc.md#bfr-id-003,GET /api/v1/kyc/requirements?segment=; POST /api/v1/kyc/identity; POST /api/v1/kyc/identity/{id}/documents,"customer.legal_name, customer.date_of_birth (both encrypted), identity_document",US-ID-003,TC-ID-003-2,Negative functional,Unsupported document type rejected,NOT_EXECUTED,,
BFR-ID-003,P1,The system shall capture legal identity information.,"Required fields include legal name, DOB and permitted identity document.",Identity and KYC,EPIC-ID,Identity & Access (`identity-svc`),05-fds/domain-03-identity-kyc.md#bfr-id-003,GET /api/v1/kyc/requirements?segment=; POST /api/v1/kyc/identity; POST /api/v1/kyc/identity/{id}/documents,"customer.legal_name, customer.date_of_birth (both encrypted), identity_document",US-ID-003,TC-ID-003-3,Security,Document number encrypted; not readable in the database or logs,NOT_EXECUTED,,
BFR-ID-003,P1,The system shall capture legal identity information.,"Required fields include legal name, DOB and permitted identity document.",Identity and KYC,EPIC-ID,Identity & Access (`identity-svc`),05-fds/domain-03-identity-kyc.md#bfr-id-003,GET /api/v1/kyc/requirements?segment=; POST /api/v1/kyc/identity; POST /api/v1/kyc/identity/{id}/documents,"customer.legal_name, customer.date_of_birth (both encrypted), identity_document",US-ID-003,TC-ID-003-4,Security,Document images only reachable by short-lived pre-signed URL,NOT_EXECUTED,,
BFR-ID-003,P1,The system shall capture legal identity information.,"Required fields include legal name, DOB and permitted identity document.",Identity and KYC,EPIC-ID,Identity & Access (`identity-svc`),05-fds/domain-03-identity-kyc.md#bfr-id-003,GET /api/v1/kyc/requirements?segment=; POST /api/v1/kyc/identity; POST /api/v1/kyc/identity/{id}/documents,"customer.legal_name, customer.date_of_birth (both encrypted), identity_document",US-ID-003,TC-ID-003-5,Permissions,Lower-privilege staff see masked identity data,NOT_EXECUTED,,
BFR-ID-003,P1,The system shall capture legal identity information.,"Required fields include legal name, DOB and permitted identity document.",Identity and KYC,EPIC-ID,Identity & Access (`identity-svc`),05-fds/domain-03-identity-kyc.md#bfr-id-003,GET /api/v1/kyc/requirements?segment=; POST /api/v1/kyc/identity; POST /api/v1/kyc/identity/{id}/documents,"customer.legal_name, customer.date_of_birth (both encrypted), identity_document",US-ID-003,TC-ID-003-6,Negative functional,Impossible date of birth rejected,NOT_EXECUTED,,
BFR-ID-004,P1,The system shall integrate with configurable identity-verification providers.,Provider adapter can be replaced without changing core onboarding workflow.,Identity and KYC,EPIC-ID,Identity & Access (`identity-svc`),05-fds/domain-03-identity-kyc.md#bfr-id-004,POST /internal/kyc/verify; GET /api/admin/v1/providers/identity,"identity_evidence(provider_id, provider_reference, outcome, raw_response_ref)",US-ID-004,TC-ID-004-1,Positive functional,Verification succeeds through the configured provider,NOT_EXECUTED,,
BFR-ID-004,P1,The system shall integrate with configurable identity-verification providers.,Provider adapter can be replaced without changing core onboarding workflow.,Identity and KYC,EPIC-ID,Identity & Access (`identity-svc`),05-fds/domain-03-identity-kyc.md#bfr-id-004,POST /internal/kyc/verify; GET /api/admin/v1/providers/identity,"identity_evidence(provider_id, provider_reference, outcome, raw_response_ref)",US-ID-004,TC-ID-004-2,Integration,Switching provider by configuration requires no workflow change,NOT_EXECUTED,,
BFR-ID-004,P1,The system shall integrate with configurable identity-verification providers.,Provider adapter can be replaced without changing core onboarding workflow.,Identity and KYC,EPIC-ID,Identity & Access (`identity-svc`),05-fds/domain-03-identity-kyc.md#bfr-id-004,POST /internal/kyc/verify; GET /api/admin/v1/providers/identity,"identity_evidence(provider_id, provider_reference, outcome, raw_response_ref)",US-ID-004,TC-ID-004-3,Error handling,"Provider timeout routes to MANUAL_REVIEW, never auto-pass",NOT_EXECUTED,,
BFR-ID-004,P1,The system shall integrate with configurable identity-verification providers.,Provider adapter can be replaced without changing core onboarding workflow.,Identity and KYC,EPIC-ID,Identity & Access (`identity-svc`),05-fds/domain-03-identity-kyc.md#bfr-id-004,POST /internal/kyc/verify; GET /api/admin/v1/providers/identity,"identity_evidence(provider_id, provider_reference, outcome, raw_response_ref)",US-ID-004,TC-ID-004-4,Integration,Malformed response handled and alerted,NOT_EXECUTED,,
BFR-ID-004,P1,The system shall integrate with configurable identity-verification providers.,Provider adapter can be replaced without changing core onboarding workflow.,Identity and KYC,EPIC-ID,Identity & Access (`identity-svc`),05-fds/domain-03-identity-kyc.md#bfr-id-004,POST /internal/kyc/verify; GET /api/admin/v1/providers/identity,"identity_evidence(provider_id, provider_reference, outcome, raw_response_ref)",US-ID-004,TC-ID-004-5,Security,"Provider credentials resolved from the vault, never from config or code",NOT_EXECUTED,,
BFR-ID-005,P1,Identity verification shall support automated and manual review.,Failed automated result can enter MANUAL_REVIEW.,Identity and KYC,EPIC-ID,Identity & Access (`identity-svc`),05-fds/domain-03-identity-kyc.md#bfr-id-005,GET /api/admin/v1/kyc/cases?status=MANUAL_REVIEW; POST /api/admin/v1/kyc/cases/{id}/decision,"kyc_case(decision, decided_by, decided_at), identity_evidence",US-ID-005,TC-ID-005-1,Positive functional,Automated fail creates a manual review case,NOT_EXECUTED,,
BFR-ID-005,P1,Identity verification shall support automated and manual review.,Failed automated result can enter MANUAL_REVIEW.,Identity and KYC,EPIC-ID,Identity & Access (`identity-svc`),05-fds/domain-03-identity-kyc.md#bfr-id-005,GET /api/admin/v1/kyc/cases?status=MANUAL_REVIEW; POST /api/admin/v1/kyc/cases/{id}/decision,"kyc_case(decision, decided_by, decided_at), identity_evidence",US-ID-005,TC-ID-005-2,Positive functional,Manual pass assigns the tier and retains the automated result,NOT_EXECUTED,,
BFR-ID-005,P1,Identity verification shall support automated and manual review.,Failed automated result can enter MANUAL_REVIEW.,Identity and KYC,EPIC-ID,Identity & Access (`identity-svc`),05-fds/domain-03-identity-kyc.md#bfr-id-005,GET /api/admin/v1/kyc/cases?status=MANUAL_REVIEW; POST /api/admin/v1/kyc/cases/{id}/decision,"kyc_case(decision, decided_by, decided_at), identity_evidence",US-ID-005,TC-ID-005-3,Negative functional,Decision without reason rejected,NOT_EXECUTED,,
BFR-ID-005,P1,Identity verification shall support automated and manual review.,Failed automated result can enter MANUAL_REVIEW.,Identity and KYC,EPIC-ID,Identity & Access (`identity-svc`),05-fds/domain-03-identity-kyc.md#bfr-id-005,GET /api/admin/v1/kyc/cases?status=MANUAL_REVIEW; POST /api/admin/v1/kyc/cases/{id}/decision,"kyc_case(decision, decided_by, decided_at), identity_evidence",US-ID-005,TC-ID-005-4,Permissions,Self-review refused,NOT_EXECUTED,,
BFR-ID-005,P1,Identity verification shall support automated and manual review.,Failed automated result can enter MANUAL_REVIEW.,Identity and KYC,EPIC-ID,Identity & Access (`identity-svc`),05-fds/domain-03-identity-kyc.md#bfr-id-005,GET /api/admin/v1/kyc/cases?status=MANUAL_REVIEW; POST /api/admin/v1/kyc/cases/{id}/decision,"kyc_case(decision, decided_by, decided_at), identity_evidence",US-ID-005,TC-ID-005-5,Audit verification,"Reviewer, reason and evidence access audited",NOT_EXECUTED,,
BFR-ID-006,P1,The system shall support configurable KYC tiers.,Tier rules can be configured without code changes.,Identity and KYC,EPIC-ID,Identity & Access (`identity-svc`),05-fds/domain-03-identity-kyc.md#bfr-id-006,GET /api/v1/kyc/tiers; GET /api/v1/customers/me/tier; POST /api/admin/v1/kyc/tiers,tier definitions in config_version; customer.kyc_tier,US-ID-006,TC-ID-006-1,Positive functional,New tier rule applied without a deployment,NOT_EXECUTED,,
BFR-ID-006,P1,The system shall support configurable KYC tiers.,Tier rules can be configured without code changes.,Identity and KYC,EPIC-ID,Identity & Access (`identity-svc`),05-fds/domain-03-identity-kyc.md#bfr-id-006,GET /api/v1/kyc/tiers; GET /api/v1/customers/me/tier; POST /api/admin/v1/kyc/tiers,tier definitions in config_version; customer.kyc_tier,US-ID-006,TC-ID-006-2,Positive functional,Customer assigned the highest satisfied tier,NOT_EXECUTED,,
BFR-ID-006,P1,The system shall support configurable KYC tiers.,Tier rules can be configured without code changes.,Identity and KYC,EPIC-ID,Identity & Access (`identity-svc`),05-fds/domain-03-identity-kyc.md#bfr-id-006,GET /api/v1/kyc/tiers; GET /api/v1/customers/me/tier; POST /api/admin/v1/kyc/tiers,tier definitions in config_version; customer.kyc_tier,US-ID-006,TC-ID-006-3,Negative functional,Tier change does not retroactively alter past transactions,NOT_EXECUTED,,
BFR-ID-006,P1,The system shall support configurable KYC tiers.,Tier rules can be configured without code changes.,Identity and KYC,EPIC-ID,Identity & Access (`identity-svc`),05-fds/domain-03-identity-kyc.md#bfr-id-006,GET /api/v1/kyc/tiers; GET /api/v1/customers/me/tier; POST /api/admin/v1/kyc/tiers,tier definitions in config_version; customer.kyc_tier,US-ID-006,TC-ID-006-4,Permissions,Tier definition change requires approval,NOT_EXECUTED,,
BFR-ID-006,P1,The system shall support configurable KYC tiers.,Tier rules can be configured without code changes.,Identity and KYC,EPIC-ID,Identity & Access (`identity-svc`),05-fds/domain-03-identity-kyc.md#bfr-id-006,GET /api/v1/kyc/tiers; GET /api/v1/customers/me/tier; POST /api/admin/v1/kyc/tiers,tier definitions in config_version; customer.kyc_tier,US-ID-006,TC-ID-006-5,Error handling,Placeholder tier values fail the pre-production gate,NOT_EXECUTED,,
BFR-ID-007,P1,Transaction privileges shall depend on KYC status.,Unverified customer cannot perform restricted transactions.,Identity and KYC,EPIC-ID,Identity & Access (`identity-svc`),05-fds/domain-03-identity-kyc.md#bfr-id-007,"(no new endpoint) enforced on all of /api/v1/payments, /transfers, /savings, /circles/*/contributions, /capital/*.","customer.kyc_tier, customer.kyc_status, product required_tier",US-ID-007,TC-ID-007-1,Negative functional,Unverified customer refused on every restricted endpoint,NOT_EXECUTED,,
BFR-ID-007,P1,Transaction privileges shall depend on KYC status.,Unverified customer cannot perform restricted transactions.,Identity and KYC,EPIC-ID,Identity & Access (`identity-svc`),05-fds/domain-03-identity-kyc.md#bfr-id-007,"(no new endpoint) enforced on all of /api/v1/payments, /transfers, /savings, /circles/*/contributions, /capital/*.","customer.kyc_tier, customer.kyc_status, product required_tier",US-ID-007,TC-ID-007-2,Positive functional,Verified customer at the required tier succeeds,NOT_EXECUTED,,
BFR-ID-007,P1,Transaction privileges shall depend on KYC status.,Unverified customer cannot perform restricted transactions.,Identity and KYC,EPIC-ID,Identity & Access (`identity-svc`),05-fds/domain-03-identity-kyc.md#bfr-id-007,"(no new endpoint) enforced on all of /api/v1/payments, /transfers, /savings, /circles/*/contributions, /capital/*.","customer.kyc_tier, customer.kyc_status, product required_tier",US-ID-007,TC-ID-007-3,Security,Forged tier claim in a token is ignored,NOT_EXECUTED,,
BFR-ID-007,P1,Transaction privileges shall depend on KYC status.,Unverified customer cannot perform restricted transactions.,Identity and KYC,EPIC-ID,Identity & Access (`identity-svc`),05-fds/domain-03-identity-kyc.md#bfr-id-007,"(no new endpoint) enforced on all of /api/v1/payments, /transfers, /savings, /circles/*/contributions, /capital/*.","customer.kyc_tier, customer.kyc_status, product required_tier",US-ID-007,TC-ID-007-4,Negative functional,Expired KYC blocks restricted actions,NOT_EXECUTED,,
BFR-ID-007,P1,Transaction privileges shall depend on KYC status.,Unverified customer cannot perform restricted transactions.,Identity and KYC,EPIC-ID,Identity & Access (`identity-svc`),05-fds/domain-03-identity-kyc.md#bfr-id-007,"(no new endpoint) enforced on all of /api/v1/payments, /transfers, /savings, /circles/*/contributions, /capital/*.","customer.kyc_tier, customer.kyc_status, product required_tier",US-ID-007,TC-ID-007-5,API contract,Error names the required tier and upgrade path,NOT_EXECUTED,,
BFR-ID-008,P1,Duplicate identity detection shall be performed.,Potential duplicate creates review case rather than second unrestricted identity.,Identity and KYC,EPIC-ID,Identity & Access (`identity-svc`),05-fds/domain-03-identity-kyc.md#bfr-id-008,POST /internal/kyc/duplicate-check; GET /api/admin/v1/kyc/duplicates; POST /api/admin/v1/kyc/duplicates/{id}/decision,"kyc_case.duplicate_of_customer_id, identity_document.document_number_hash",US-ID-008,TC-ID-008-1,Positive functional,Matching document creates a review case,NOT_EXECUTED,,
BFR-ID-008,P1,Duplicate identity detection shall be performed.,Potential duplicate creates review case rather than second unrestricted identity.,Identity and KYC,EPIC-ID,Identity & Access (`identity-svc`),05-fds/domain-03-identity-kyc.md#bfr-id-008,POST /internal/kyc/duplicate-check; GET /api/admin/v1/kyc/duplicates; POST /api/admin/v1/kyc/duplicates/{id}/decision,"kyc_case.duplicate_of_customer_id, identity_document.document_number_hash",US-ID-008,TC-ID-008-2,Negative functional,No second unrestricted identity exists during review,NOT_EXECUTED,,
BFR-ID-008,P1,Duplicate identity detection shall be performed.,Potential duplicate creates review case rather than second unrestricted identity.,Identity and KYC,EPIC-ID,Identity & Access (`identity-svc`),05-fds/domain-03-identity-kyc.md#bfr-id-008,POST /internal/kyc/duplicate-check; GET /api/admin/v1/kyc/duplicates; POST /api/admin/v1/kyc/duplicates/{id}/decision,"kyc_case.duplicate_of_customer_id, identity_document.document_number_hash",US-ID-008,TC-ID-008-3,Security,Matching works without plaintext document numbers,NOT_EXECUTED,,
BFR-ID-008,P1,Duplicate identity detection shall be performed.,Potential duplicate creates review case rather than second unrestricted identity.,Identity and KYC,EPIC-ID,Identity & Access (`identity-svc`),05-fds/domain-03-identity-kyc.md#bfr-id-008,POST /internal/kyc/duplicate-check; GET /api/admin/v1/kyc/duplicates; POST /api/admin/v1/kyc/duplicates/{id}/decision,"kyc_case.duplicate_of_customer_id, identity_document.document_number_hash",US-ID-008,TC-ID-008-4,Security,Customer is not told whose record matched,NOT_EXECUTED,,
BFR-ID-008,P1,Duplicate identity detection shall be performed.,Potential duplicate creates review case rather than second unrestricted identity.,Identity and KYC,EPIC-ID,Identity & Access (`identity-svc`),05-fds/domain-03-identity-kyc.md#bfr-id-008,POST /internal/kyc/duplicate-check; GET /api/admin/v1/kyc/duplicates; POST /api/admin/v1/kyc/duplicates/{id}/decision,"kyc_case.duplicate_of_customer_id, identity_document.document_number_hash",US-ID-008,TC-ID-008-5,Audit verification,Decision and reason audited,NOT_EXECUTED,,
BFR-ID-009,P1,Identity evidence shall retain verification provenance.,"Provider, timestamp, outcome and reference are stored.",Identity and KYC,EPIC-ID,Identity & Access (`identity-svc`),05-fds/domain-03-identity-kyc.md#bfr-id-009,GET /api/admin/v1/kyc/cases/{id}/evidence,identity_evidence (append-only),US-ID-009,TC-ID-009-1,Positive functional,Evidence recorded for a successful check,NOT_EXECUTED,,
BFR-ID-009,P1,Identity evidence shall retain verification provenance.,"Provider, timestamp, outcome and reference are stored.",Identity and KYC,EPIC-ID,Identity & Access (`identity-svc`),05-fds/domain-03-identity-kyc.md#bfr-id-009,GET /api/admin/v1/kyc/cases/{id}/evidence,identity_evidence (append-only),US-ID-009,TC-ID-009-2,Positive functional,Evidence recorded for failures and errors too,NOT_EXECUTED,,
BFR-ID-009,P1,Identity evidence shall retain verification provenance.,"Provider, timestamp, outcome and reference are stored.",Identity and KYC,EPIC-ID,Identity & Access (`identity-svc`),05-fds/domain-03-identity-kyc.md#bfr-id-009,GET /api/admin/v1/kyc/cases/{id}/evidence,identity_evidence (append-only),US-ID-009,TC-ID-009-3,Security,Evidence rows cannot be modified,NOT_EXECUTED,,
BFR-ID-009,P1,Identity evidence shall retain verification provenance.,"Provider, timestamp, outcome and reference are stored.",Identity and KYC,EPIC-ID,Identity & Access (`identity-svc`),05-fds/domain-03-identity-kyc.md#bfr-id-009,GET /api/admin/v1/kyc/cases/{id}/evidence,identity_evidence (append-only),US-ID-009,TC-ID-009-4,Permissions,Raw response access restricted and audited,NOT_EXECUTED,,
BFR-ID-009,P1,Identity evidence shall retain verification provenance.,"Provider, timestamp, outcome and reference are stored.",Identity and KYC,EPIC-ID,Identity & Access (`identity-svc`),05-fds/domain-03-identity-kyc.md#bfr-id-009,GET /api/admin/v1/kyc/cases/{id}/evidence,identity_evidence (append-only),US-ID-009,TC-ID-009-5,Error handling,Evidence write failure prevents applying the result,NOT_EXECUTED,,
BFR-ID-010,P1,Expired identity information shall trigger review.,Customer is notified and configured restrictions apply where required.,Identity and KYC,EPIC-ID,Identity & Access (`identity-svc`),05-fds/domain-03-identity-kyc.md#bfr-id-010,GET /api/v1/customers/me/kyc/status; POST /api/v1/kyc/reverify,"identity_document.expiry_date, customer.kyc_status, customer_status_history",US-ID-010,TC-ID-010-1,Positive functional,Advance notice sent within the configured window,NOT_EXECUTED,,
BFR-ID-010,P1,Expired identity information shall trigger review.,Customer is notified and configured restrictions apply where required.,Identity and KYC,EPIC-ID,Identity & Access (`identity-svc`),05-fds/domain-03-identity-kyc.md#bfr-id-010,GET /api/v1/customers/me/kyc/status; POST /api/v1/kyc/reverify,"identity_document.expiry_date, customer.kyc_status, customer_status_history",US-ID-010,TC-ID-010-2,Positive functional,Expiry applies the configured restriction,NOT_EXECUTED,,
BFR-ID-010,P1,Expired identity information shall trigger review.,Customer is notified and configured restrictions apply where required.,Identity and KYC,EPIC-ID,Identity & Access (`identity-svc`),05-fds/domain-03-identity-kyc.md#bfr-id-010,GET /api/v1/customers/me/kyc/status; POST /api/v1/kyc/reverify,"identity_document.expiry_date, customer.kyc_status, customer_status_history",US-ID-010,TC-ID-010-3,Positive functional,Re-verification restores tier automatically,NOT_EXECUTED,,
BFR-ID-010,P1,Expired identity information shall trigger review.,Customer is notified and configured restrictions apply where required.,Identity and KYC,EPIC-ID,Identity & Access (`identity-svc`),05-fds/domain-03-identity-kyc.md#bfr-id-010,GET /api/v1/customers/me/kyc/status; POST /api/v1/kyc/reverify,"identity_document.expiry_date, customer.kyc_status, customer_status_history",US-ID-010,TC-ID-010-4,Negative functional,Expiry notice cannot be suppressed by marketing opt-out,NOT_EXECUTED,,
BFR-ID-010,P1,Expired identity information shall trigger review.,Customer is notified and configured restrictions apply where required.,Identity and KYC,EPIC-ID,Identity & Access (`identity-svc`),05-fds/domain-03-identity-kyc.md#bfr-id-010,GET /api/v1/customers/me/kyc/status; POST /api/v1/kyc/reverify,"identity_document.expiry_date, customer.kyc_status, customer_status_history",US-ID-010,TC-ID-010-5,Audit verification,Automatic status change audited with rule reference,NOT_EXECUTED,,
BFR-CON-001,P1,Consent shall be explicit for optional data sharing.,No optional external sharing occurs without recorded customer action.,Consent and privacy,EPIC-CON,Consent (`consent-svc`),05-fds/domain-04-consent-privacy.md#bfr-con-001,POST /api/v1/consents; GET /api/v1/consents/{id},"consent, consent_scope, consent.evidence_ref",US-CON-001,TC-CON-001-1,Positive functional,Consent grant enables the scoped access,NOT_EXECUTED,,
BFR-CON-001,P1,Consent shall be explicit for optional data sharing.,No optional external sharing occurs without recorded customer action.,Consent and privacy,EPIC-CON,Consent (`consent-svc`),05-fds/domain-04-consent-privacy.md#bfr-con-001,POST /api/v1/consents; GET /api/v1/consents/{id},"consent, consent_scope, consent.evidence_ref",US-CON-001,TC-CON-001-2,Negative functional,Access without consent refused and audited,NOT_EXECUTED,,
BFR-CON-001,P1,Consent shall be explicit for optional data sharing.,No optional external sharing occurs without recorded customer action.,Consent and privacy,EPIC-CON,Consent (`consent-svc`),05-fds/domain-04-consent-privacy.md#bfr-con-001,POST /api/v1/consents; GET /api/v1/consents/{id},"consent, consent_scope, consent.evidence_ref",US-CON-001,TC-CON-001-3,Negative functional,Access beyond granted scope refused,NOT_EXECUTED,,
BFR-CON-001,P1,Consent shall be explicit for optional data sharing.,No optional external sharing occurs without recorded customer action.,Consent and privacy,EPIC-CON,Consent (`consent-svc`),05-fds/domain-04-consent-privacy.md#bfr-con-001,POST /api/v1/consents; GET /api/v1/consents/{id},"consent, consent_scope, consent.evidence_ref",US-CON-001,TC-CON-001-4,Security,No code path reads financial data without a consent reference,NOT_EXECUTED,,
BFR-CON-001,P1,Consent shall be explicit for optional data sharing.,No optional external sharing occurs without recorded customer action.,Consent and privacy,EPIC-CON,Consent (`consent-svc`),05-fds/domain-04-consent-privacy.md#bfr-con-001,POST /api/v1/consents; GET /api/v1/consents/{id},"consent, consent_scope, consent.evidence_ref",US-CON-001,TC-CON-001-5,Audit verification,Grant records terms version and capture channel,NOT_EXECUTED,,
BFR-CON-002,P1,Consent shall identify data categories.,Consent screen lists specific data scopes before approval.,Consent and privacy,EPIC-CON,Consent (`consent-svc`),05-fds/domain-04-consent-privacy.md#bfr-con-002,GET /api/v1/consent-scopes; POST /api/v1/consents,"consent_scope(data_category, included)",US-CON-002,TC-CON-002-1,Positive functional,All requested scopes displayed before approval,NOT_EXECUTED,,
BFR-CON-002,P1,Consent shall identify data categories.,Consent screen lists specific data scopes before approval.,Consent and privacy,EPIC-CON,Consent (`consent-svc`),05-fds/domain-04-consent-privacy.md#bfr-con-002,GET /api/v1/consent-scopes; POST /api/v1/consents,"consent_scope(data_category, included)",US-CON-002,TC-CON-002-2,Positive functional,Optional scope can be excluded and the flow still works,NOT_EXECUTED,,
BFR-CON-002,P1,Consent shall identify data categories.,Consent screen lists specific data scopes before approval.,Consent and privacy,EPIC-CON,Consent (`consent-svc`),05-fds/domain-04-consent-privacy.md#bfr-con-002,GET /api/v1/consent-scopes; POST /api/v1/consents,"consent_scope(data_category, included)",US-CON-002,TC-CON-002-3,Negative functional,Unknown scope rejected,NOT_EXECUTED,,
BFR-CON-002,P1,Consent shall identify data categories.,Consent screen lists specific data scopes before approval.,Consent and privacy,EPIC-CON,Consent (`consent-svc`),05-fds/domain-04-consent-privacy.md#bfr-con-002,GET /api/v1/consent-scopes; POST /api/v1/consents,"consent_scope(data_category, included)",US-CON-002,TC-CON-002-4,Positive functional,"Descriptions render in rw, en and fr",NOT_EXECUTED,,
BFR-CON-003,P1,Consent shall identify purpose.,Purpose is displayed and persisted with consent record.,Consent and privacy,EPIC-CON,Consent (`consent-svc`),05-fds/domain-04-consent-privacy.md#bfr-con-003,POST /api/v1/consents; GET /api/v1/consents/{id},"consent.purpose_code, consent.purpose_text_key",US-CON-003,TC-CON-003-1,Positive functional,Purpose displayed and persisted,NOT_EXECUTED,,
BFR-CON-003,P1,Consent shall identify purpose.,Purpose is displayed and persisted with consent record.,Consent and privacy,EPIC-CON,Consent (`consent-svc`),05-fds/domain-04-consent-privacy.md#bfr-con-003,POST /api/v1/consents; GET /api/v1/consents/{id},"consent.purpose_code, consent.purpose_text_key",US-CON-003,TC-CON-003-2,Negative functional,Use for a different purpose refused,NOT_EXECUTED,,
BFR-CON-003,P1,Consent shall identify purpose.,Purpose is displayed and persisted with consent record.,Consent and privacy,EPIC-CON,Consent (`consent-svc`),05-fds/domain-04-consent-privacy.md#bfr-con-003,POST /api/v1/consents; GET /api/v1/consents/{id},"consent.purpose_code, consent.purpose_text_key",US-CON-003,TC-CON-003-3,Positive functional,Original purpose text preserved after a catalogue reword,NOT_EXECUTED,,
BFR-CON-003,P1,Consent shall identify purpose.,Purpose is displayed and persisted with consent record.,Consent and privacy,EPIC-CON,Consent (`consent-svc`),05-fds/domain-04-consent-privacy.md#bfr-con-003,POST /api/v1/consents; GET /api/v1/consents/{id},"consent.purpose_code, consent.purpose_text_key",US-CON-003,TC-CON-003-4,Audit verification,Purpose mismatch audited,NOT_EXECUTED,,
BFR-CON-004,P1,Consent shall record duration.,Start and expiry timestamps are retained.,Consent and privacy,EPIC-CON,Consent (`consent-svc`),05-fds/domain-04-consent-privacy.md#bfr-con-004,POST /api/v1/consents,"consent.granted_at, consent.expires_at, consent.status",US-CON-004,TC-CON-004-1,Positive functional,Start and expiry stored and displayed,NOT_EXECUTED,,
BFR-CON-004,P1,Consent shall record duration.,Start and expiry timestamps are retained.,Consent and privacy,EPIC-CON,Consent (`consent-svc`),05-fds/domain-04-consent-privacy.md#bfr-con-004,POST /api/v1/consents,"consent.granted_at, consent.expires_at, consent.status",US-CON-004,TC-CON-004-2,Negative functional,Use after expiry refused at use time,NOT_EXECUTED,,
BFR-CON-004,P1,Consent shall record duration.,Start and expiry timestamps are retained.,Consent and privacy,EPIC-CON,Consent (`consent-svc`),05-fds/domain-04-consent-privacy.md#bfr-con-004,POST /api/v1/consents,"consent.granted_at, consent.expires_at, consent.status",US-CON-004,TC-CON-004-3,Negative functional,Duration beyond configured maximum refused,NOT_EXECUTED,,
BFR-CON-004,P1,Consent shall record duration.,Start and expiry timestamps are retained.,Consent and privacy,EPIC-CON,Consent (`consent-svc`),05-fds/domain-04-consent-privacy.md#bfr-con-004,POST /api/v1/consents,"consent.granted_at, consent.expires_at, consent.status",US-CON-004,TC-CON-004-4,Positive functional,"Renewal creates a new record, old one retained",NOT_EXECUTED,,
BFR-CON-005,P1,Customers shall revoke consent.,Future collection stops after successful revocation.,Consent and privacy,EPIC-CON,Consent (`consent-svc`),05-fds/domain-04-consent-privacy.md#bfr-con-005,POST /api/v1/consents/{id}/revoke; GET /api/v1/consents?status=ACTIVE,"consent.revoked_at, consent.status = REVOKED",US-CON-005,TC-CON-005-1,Positive functional,Revocation stops future syncs,NOT_EXECUTED,,
BFR-CON-005,P1,Customers shall revoke consent.,Future collection stops after successful revocation.,Consent and privacy,EPIC-CON,Consent (`consent-svc`),05-fds/domain-04-consent-privacy.md#bfr-con-005,POST /api/v1/consents/{id}/revoke; GET /api/v1/consents?status=ACTIVE,"consent.revoked_at, consent.status = REVOKED",US-CON-005,TC-CON-005-2,Positive functional,Dependent Passport shares revoked in the same operation,NOT_EXECUTED,,
BFR-CON-005,P1,Customers shall revoke consent.,Future collection stops after successful revocation.,Consent and privacy,EPIC-CON,Consent (`consent-svc`),05-fds/domain-04-consent-privacy.md#bfr-con-005,POST /api/v1/consents/{id}/revoke; GET /api/v1/consents?status=ACTIVE,"consent.revoked_at, consent.status = REVOKED",US-CON-005,TC-CON-005-3,Idempotency,Repeat revocation is idempotent,NOT_EXECUTED,,
BFR-CON-005,P1,Customers shall revoke consent.,Future collection stops after successful revocation.,Consent and privacy,EPIC-CON,Consent (`consent-svc`),05-fds/domain-04-consent-privacy.md#bfr-con-005,POST /api/v1/consents/{id}/revoke; GET /api/v1/consents?status=ACTIVE,"consent.revoked_at, consent.status = REVOKED",US-CON-005,TC-CON-005-4,Concurrency,"In-flight sync cancelled, partial data discarded",NOT_EXECUTED,,
BFR-CON-005,P1,Customers shall revoke consent.,Future collection stops after successful revocation.,Consent and privacy,EPIC-CON,Consent (`consent-svc`),05-fds/domain-04-consent-privacy.md#bfr-con-005,POST /api/v1/consents/{id}/revoke; GET /api/v1/consents?status=ACTIVE,"consent.revoked_at, consent.status = REVOKED",US-CON-005,TC-CON-005-5,Audit verification,Revocation and cascade audited,NOT_EXECUTED,,
BFR-CON-006,P1,Revocation shall not delete legally retained records automatically.,System differentiates retention obligations from future processing permission.,Consent and privacy,EPIC-CON,Consent (`consent-svc`),05-fds/domain-04-consent-privacy.md#bfr-con-006,GET /api/v1/consents/{id}/effects,consent.status (permission) vs retention_policy (obligation) — two separate mechanisms.,US-CON-006,TC-CON-006-1,Positive functional,Revocation stops processing; retained records survive,NOT_EXECUTED,,
BFR-CON-006,P1,Revocation shall not delete legally retained records automatically.,System differentiates retention obligations from future processing permission.,Consent and privacy,EPIC-CON,Consent (`consent-svc`),05-fds/domain-04-consent-privacy.md#bfr-con-006,GET /api/v1/consents/{id}/effects,consent.status (permission) vs retention_policy (obligation) — two separate mechanisms.,US-CON-006,TC-CON-006-2,Negative functional,"Revocation does not delete transactions, audit or AML records",NOT_EXECUTED,,
BFR-CON-006,P1,Revocation shall not delete legally retained records automatically.,System differentiates retention obligations from future processing permission.,Consent and privacy,EPIC-CON,Consent (`consent-svc`),05-fds/domain-04-consent-privacy.md#bfr-con-006,GET /api/v1/consents/{id}/effects,consent.status (permission) vs retention_policy (obligation) — two separate mechanisms.,US-CON-006,TC-CON-006-3,Positive functional,Customer sees what is retained and why,NOT_EXECUTED,,
BFR-CON-006,P1,Revocation shall not delete legally retained records automatically.,System differentiates retention obligations from future processing permission.,Consent and privacy,EPIC-CON,Consent (`consent-svc`),05-fds/domain-04-consent-privacy.md#bfr-con-006,GET /api/v1/consents/{id}/effects,consent.status (permission) vs retention_policy (obligation) — two separate mechanisms.,US-CON-006,TC-CON-006-4,Audit verification,Retention determination recorded,NOT_EXECUTED,,
BFR-CON-007,P1,Customers shall view active consent.,"Dashboard displays provider, purpose, scope and expiry.",Consent and privacy,EPIC-CON,Consent (`consent-svc`),05-fds/domain-04-consent-privacy.md#bfr-con-007,GET /api/v1/consents?status=ACTIVE,"consent, consent_scope, partner",US-CON-007,TC-CON-007-1,Positive functional,All active consents listed with full detail,NOT_EXECUTED,,
BFR-CON-007,P1,Customers shall view active consent.,"Dashboard displays provider, purpose, scope and expiry.",Consent and privacy,EPIC-CON,Consent (`consent-svc`),05-fds/domain-04-consent-privacy.md#bfr-con-007,GET /api/v1/consents?status=ACTIVE,"consent, consent_scope, partner",US-CON-007,TC-CON-007-2,Permissions,A customer sees only their own consents,NOT_EXECUTED,,
BFR-CON-007,P1,Customers shall view active consent.,"Dashboard displays provider, purpose, scope and expiry.",Consent and privacy,EPIC-CON,Consent (`consent-svc`),05-fds/domain-04-consent-privacy.md#bfr-con-007,GET /api/v1/consents?status=ACTIVE,"consent, consent_scope, partner",US-CON-007,TC-CON-007-3,Positive functional,"Offboarded recipient still displayed, marked inactive",NOT_EXECUTED,,
BFR-CON-007,P1,Customers shall view active consent.,"Dashboard displays provider, purpose, scope and expiry.",Consent and privacy,EPIC-CON,Consent (`consent-svc`),05-fds/domain-04-consent-privacy.md#bfr-con-007,GET /api/v1/consents?status=ACTIVE,"consent, consent_scope, partner",US-CON-007,TC-CON-007-4,API contract,Payload small enough for the low-bandwidth profile,NOT_EXECUTED,,
BFR-CON-008,P2,Customers shall view historical consent.,"Granted, expired and revoked consent records remain viewable where appropriate.",Consent and privacy,EPIC-CON,Consent (`consent-svc`),05-fds/domain-04-consent-privacy.md#bfr-con-008,"GET /api/v1/consents?status=EXPIRED,REVOKED,SUPERSEDED&from=&to=",consent (all statuses retained),US-CON-008,TC-CON-008-1,Positive functional,"Expired, revoked and superseded consents all visible",NOT_EXECUTED,,
BFR-CON-008,P2,Customers shall view historical consent.,"Granted, expired and revoked consent records remain viewable where appropriate.",Consent and privacy,EPIC-CON,Consent (`consent-svc`),05-fds/domain-04-consent-privacy.md#bfr-con-008,"GET /api/v1/consents?status=EXPIRED,REVOKED,SUPERSEDED&from=&to=",consent (all statuses retained),US-CON-008,TC-CON-008-2,Positive functional,Reason for ending shown,NOT_EXECUTED,,
BFR-CON-008,P2,Customers shall view historical consent.,"Granted, expired and revoked consent records remain viewable where appropriate.",Consent and privacy,EPIC-CON,Consent (`consent-svc`),05-fds/domain-04-consent-privacy.md#bfr-con-008,"GET /api/v1/consents?status=EXPIRED,REVOKED,SUPERSEDED&from=&to=",consent (all statuses retained),US-CON-008,TC-CON-008-3,Security,History is read-only,NOT_EXECUTED,,
BFR-CON-008,P2,Customers shall view historical consent.,"Granted, expired and revoked consent records remain viewable where appropriate.",Consent and privacy,EPIC-CON,Consent (`consent-svc`),05-fds/domain-04-consent-privacy.md#bfr-con-008,"GET /api/v1/consents?status=EXPIRED,REVOKED,SUPERSEDED&from=&to=",consent (all statuses retained),US-CON-008,TC-CON-008-4,Permissions,Only the owning customer can view,NOT_EXECUTED,,
BFR-CON-009,P1,Consent sharing shall be logged.,"Each disclosure records recipient, scope, purpose and timestamp.",Consent and privacy,EPIC-CON,Consent (`consent-svc`),05-fds/domain-04-consent-privacy.md#bfr-con-009,GET /api/v1/privacy/disclosures?from=&to=,disclosure_log (append-only),US-CON-009,TC-CON-009-1,Positive functional,Disclosure produces a complete log entry,NOT_EXECUTED,,
BFR-CON-009,P1,Consent sharing shall be logged.,"Each disclosure records recipient, scope, purpose and timestamp.",Consent and privacy,EPIC-CON,Consent (`consent-svc`),05-fds/domain-04-consent-privacy.md#bfr-con-009,GET /api/v1/privacy/disclosures?from=&to=,disclosure_log (append-only),US-CON-009,TC-CON-009-2,Error handling,Log write failure prevents the disclosure,NOT_EXECUTED,,
BFR-CON-009,P1,Consent sharing shall be logged.,"Each disclosure records recipient, scope, purpose and timestamp.",Consent and privacy,EPIC-CON,Consent (`consent-svc`),05-fds/domain-04-consent-privacy.md#bfr-con-009,GET /api/v1/privacy/disclosures?from=&to=,disclosure_log (append-only),US-CON-009,TC-CON-009-3,Positive functional,Log records categories actually returned,NOT_EXECUTED,,
BFR-CON-009,P1,Consent sharing shall be logged.,"Each disclosure records recipient, scope, purpose and timestamp.",Consent and privacy,EPIC-CON,Consent (`consent-svc`),05-fds/domain-04-consent-privacy.md#bfr-con-009,GET /api/v1/privacy/disclosures?from=&to=,disclosure_log (append-only),US-CON-009,TC-CON-009-4,Security,Log is append-only,NOT_EXECUTED,,
BFR-CON-009,P1,Consent sharing shall be logged.,"Each disclosure records recipient, scope, purpose and timestamp.",Consent and privacy,EPIC-CON,Consent (`consent-svc`),05-fds/domain-04-consent-privacy.md#bfr-con-009,GET /api/v1/privacy/disclosures?from=&to=,disclosure_log (append-only),US-CON-009,TC-CON-009-5,Integration,Abnormal volume raises a security alert,NOT_EXECUTED,,
BFR-CON-010,P1,Consent shall be versioned.,Changed terms require new version and appropriate renewed acceptance.,Consent and privacy,EPIC-CON,Consent (`consent-svc`),05-fds/domain-04-consent-privacy.md#bfr-con-010,GET /api/v1/consent-terms/current?type=; POST /api/v1/consents/{id}/reaccept,"consent_terms_version, consent.terms_version_id",US-CON-010,TC-CON-010-1,Positive functional,New version requires re-acceptance for material change,NOT_EXECUTED,,
BFR-CON-010,P1,Consent shall be versioned.,Changed terms require new version and appropriate renewed acceptance.,Consent and privacy,EPIC-CON,Consent (`consent-svc`),05-fds/domain-04-consent-privacy.md#bfr-con-010,GET /api/v1/consent-terms/current?type=; POST /api/v1/consents/{id}/reaccept,"consent_terms_version, consent.terms_version_id",US-CON-010,TC-CON-010-2,Negative functional,Old grant not widened by a new version,NOT_EXECUTED,,
BFR-CON-010,P1,Consent shall be versioned.,Changed terms require new version and appropriate renewed acceptance.,Consent and privacy,EPIC-CON,Consent (`consent-svc`),05-fds/domain-04-consent-privacy.md#bfr-con-010,GET /api/v1/consent-terms/current?type=; POST /api/v1/consents/{id}/reaccept,"consent_terms_version, consent.terms_version_id",US-CON-010,TC-CON-010-3,Positive functional,Immaterial change does not force re-acceptance,NOT_EXECUTED,,
BFR-CON-010,P1,Consent shall be versioned.,Changed terms require new version and appropriate renewed acceptance.,Consent and privacy,EPIC-CON,Consent (`consent-svc`),05-fds/domain-04-consent-privacy.md#bfr-con-010,GET /api/v1/consent-terms/current?type=; POST /api/v1/consents/{id}/reaccept,"consent_terms_version, consent.terms_version_id",US-CON-010,TC-CON-010-4,Audit verification,Materiality decision approved and audited,NOT_EXECUTED,,
BFR-CON-010,P1,Consent shall be versioned.,Changed terms require new version and appropriate renewed acceptance.,Consent and privacy,EPIC-CON,Consent (`consent-svc`),05-fds/domain-04-consent-privacy.md#bfr-con-010,GET /api/v1/consent-terms/current?type=; POST /api/v1/consents/{id}/reaccept,"consent_terms_version, consent.terms_version_id",US-CON-010,TC-CON-010-5,Positive functional,Change summary displayed to the customer,NOT_EXECUTED,,
BFR-OF-001,P1,Customers shall connect supported external financial accounts.,Successful authorisation creates active connection record.,Open finance,EPIC-OF,Open Finance (`connect-svc`),05-fds/domain-05-open-finance.md#bfr-of-001,GET /api/v1/institutions?type=; POST /api/v1/connections; POST /api/v1/connections/{id}/complete; GET /api/v1/connections,"connection, connected_account (URS §10 model), institution",US-OF-001,TC-OF-001-1,Positive functional,Successful authorisation creates an active connection,NOT_EXECUTED,,
BFR-OF-001,P1,Customers shall connect supported external financial accounts.,Successful authorisation creates active connection record.,Open finance,EPIC-OF,Open Finance (`connect-svc`),05-fds/domain-05-open-finance.md#bfr-of-001,GET /api/v1/institutions?type=; POST /api/v1/connections; POST /api/v1/connections/{id}/complete; GET /api/v1/connections,"connection, connected_account (URS §10 model), institution",US-OF-001,TC-OF-001-2,Negative functional,Connection without consent refused,NOT_EXECUTED,,
BFR-OF-001,P1,Customers shall connect supported external financial accounts.,Successful authorisation creates active connection record.,Open finance,EPIC-OF,Open Finance (`connect-svc`),05-fds/domain-05-open-finance.md#bfr-of-001,GET /api/v1/institutions?type=; POST /api/v1/connections; POST /api/v1/connections/{id}/complete; GET /api/v1/connections,"connection, connected_account (URS §10 model), institution",US-OF-001,TC-OF-001-3,Security,No plaintext credential is persisted anywhere,NOT_EXECUTED,,
BFR-OF-001,P1,Customers shall connect supported external financial accounts.,Successful authorisation creates active connection record.,Open finance,EPIC-OF,Open Finance (`connect-svc`),05-fds/domain-05-open-finance.md#bfr-of-001,GET /api/v1/institutions?type=; POST /api/v1/connections; POST /api/v1/connections/{id}/complete; GET /api/v1/connections,"connection, connected_account (URS §10 model), institution",US-OF-001,TC-OF-001-4,Error handling,Abandoned authorisation leaves no usable connection,NOT_EXECUTED,,
BFR-OF-001,P1,Customers shall connect supported external financial accounts.,Successful authorisation creates active connection record.,Open finance,EPIC-OF,Open Finance (`connect-svc`),05-fds/domain-05-open-finance.md#bfr-of-001,GET /api/v1/institutions?type=; POST /api/v1/connections; POST /api/v1/connections/{id}/complete; GET /api/v1/connections,"connection, connected_account (URS §10 model), institution",US-OF-001,TC-OF-001-5,Negative functional,Duplicate connection returns the existing one,NOT_EXECUTED,,
BFR-OF-001,P1,Customers shall connect supported external financial accounts.,Successful authorisation creates active connection record.,Open finance,EPIC-OF,Open Finance (`connect-svc`),05-fds/domain-05-open-finance.md#bfr-of-001,GET /api/v1/institutions?type=; POST /api/v1/connections; POST /api/v1/connections/{id}/complete; GET /api/v1/connections,"connection, connected_account (URS §10 model), institution",US-OF-001,TC-OF-001-6,Permissions,Institution disabled for the cohort is not offered,NOT_EXECUTED,,
BFR-OF-002,P1,Bank connections shall use provider adapters.,New bank adapter can be added without altering core transaction model.,Open finance,EPIC-OF,Open Finance (`connect-svc`),05-fds/domain-05-open-finance.md#bfr-of-002,GET /api/admin/v1/institutions/{id}/adapter,"institution.adapter_key, connected_account, imported_transaction",US-OF-002,TC-OF-002-1,Positive functional,New adapter's data lands in the standard model,NOT_EXECUTED,,
BFR-OF-002,P1,Bank connections shall use provider adapters.,New bank adapter can be added without altering core transaction model.,Open finance,EPIC-OF,Open Finance (`connect-svc`),05-fds/domain-05-open-finance.md#bfr-of-002,GET /api/admin/v1/institutions/{id}/adapter,"institution.adapter_key, connected_account, imported_transaction",US-OF-002,TC-OF-002-2,Integration,Contract tests pass for every adapter,NOT_EXECUTED,,
BFR-OF-002,P1,Bank connections shall use provider adapters.,New bank adapter can be added without altering core transaction model.,Open finance,EPIC-OF,Open Finance (`connect-svc`),05-fds/domain-05-open-finance.md#bfr-of-002,GET /api/admin/v1/institutions/{id}/adapter,"institution.adapter_key, connected_account, imported_transaction",US-OF-002,TC-OF-002-3,Negative functional,"Unmappable payload quarantined, existing data intact",NOT_EXECUTED,,
BFR-OF-002,P1,Bank connections shall use provider adapters.,New bank adapter can be added without altering core transaction model.,Open finance,EPIC-OF,Open Finance (`connect-svc`),05-fds/domain-05-open-finance.md#bfr-of-002,GET /api/admin/v1/institutions/{id}/adapter,"institution.adapter_key, connected_account, imported_transaction",US-OF-002,TC-OF-002-4,Security,Adapter cannot bypass the consent check,NOT_EXECUTED,,
BFR-OF-003,P1,Mobile-money connections shall use provider adapters.,Different operators implement standard interface.,Open finance,EPIC-OF,Open Finance (`connect-svc`),05-fds/domain-05-open-finance.md#bfr-of-003,POST /api/v1/connections,connected_account.account_type = MOBILE_MONEY,US-OF-003,TC-OF-003-1,Positive functional,Two operators produce identically-shaped data,NOT_EXECUTED,,
BFR-OF-003,P1,Mobile-money connections shall use provider adapters.,Different operators implement standard interface.,Open finance,EPIC-OF,Open Finance (`connect-svc`),05-fds/domain-05-open-finance.md#bfr-of-003,POST /api/v1/connections,connected_account.account_type = MOBILE_MONEY,US-OF-003,TC-OF-003-2,Security,Connecting another person's MSISDN refused,NOT_EXECUTED,,
BFR-OF-003,P1,Mobile-money connections shall use provider adapters.,Different operators implement standard interface.,Open finance,EPIC-OF,Open Finance (`connect-svc`),05-fds/domain-05-open-finance.md#bfr-of-003,POST /api/v1/connections,connected_account.account_type = MOBILE_MONEY,US-OF-003,TC-OF-003-3,Integration,Missing external id handled by documented fallback with quality downgrade,NOT_EXECUTED,,
BFR-OF-003,P1,Mobile-money connections shall use provider adapters.,Different operators implement standard interface.,Open finance,EPIC-OF,Open Finance (`connect-svc`),05-fds/domain-05-open-finance.md#bfr-of-003,POST /api/v1/connections,connected_account.account_type = MOBILE_MONEY,US-OF-003,TC-OF-003-4,Error handling,"Rate limit produces a delay, not a failure",NOT_EXECUTED,,
BFR-OF-004,P2,SACCO data sources shall be supported where technically available.,SACCO data maps into common account schema.,Open finance,EPIC-OF,Open Finance (`connect-svc`),05-fds/domain-05-open-finance.md#bfr-of-004,POST /api/v1/connections/{id}/import,"connected_account.account_type = SACCO, source_quality = FILE_IMPORT",US-OF-004,TC-OF-004-1,Positive functional,SACCO data maps into the common schema,NOT_EXECUTED,,
BFR-OF-004,P2,SACCO data sources shall be supported where technically available.,SACCO data maps into common account schema.,Open finance,EPIC-OF,Open Finance (`connect-svc`),05-fds/domain-05-open-finance.md#bfr-of-004,POST /api/v1/connections/{id}/import,"connected_account.account_type = SACCO, source_quality = FILE_IMPORT",US-OF-004,TC-OF-004-2,Positive functional,Source quality label propagates to Passport metrics,NOT_EXECUTED,,
BFR-OF-004,P2,SACCO data sources shall be supported where technically available.,SACCO data maps into common account schema.,Open finance,EPIC-OF,Open Finance (`connect-svc`),05-fds/domain-05-open-finance.md#bfr-of-004,POST /api/v1/connections/{id}/import,"connected_account.account_type = SACCO, source_quality = FILE_IMPORT",US-OF-004,TC-OF-004-3,Negative functional,Malformed file rejected atomically,NOT_EXECUTED,,
BFR-OF-004,P2,SACCO data sources shall be supported where technically available.,SACCO data maps into common account schema.,Open finance,EPIC-OF,Open Finance (`connect-svc`),05-fds/domain-05-open-finance.md#bfr-of-004,POST /api/v1/connections/{id}/import,"connected_account.account_type = SACCO, source_quality = FILE_IMPORT",US-OF-004,TC-OF-004-4,Permissions,Import requires consent,NOT_EXECUTED,,
BFR-OF-005,P1,Imported transactions shall be normalised.,Different provider formats map to standard transaction representation.,Open finance,EPIC-OF,Open Finance (`connect-svc`),05-fds/domain-05-open-finance.md#bfr-of-005,GET /api/v1/transactions?account_id=&from=&to=&cursor=,imported_transaction (URS §11),US-OF-005,TC-OF-005-1,Positive functional,Two provider formats normalise identically,NOT_EXECUTED,,
BFR-OF-005,P1,Imported transactions shall be normalised.,Different provider formats map to standard transaction representation.,Open finance,EPIC-OF,Open Finance (`connect-svc`),05-fds/domain-05-open-finance.md#bfr-of-005,GET /api/v1/transactions?account_id=&from=&to=&cursor=,imported_transaction (URS §11),US-OF-005,TC-OF-005-2,Decimal and rounding,"Amounts exact in minor units, no float anywhere",NOT_EXECUTED,,
BFR-OF-005,P1,Imported transactions shall be normalised.,Different provider formats map to standard transaction representation.,Open finance,EPIC-OF,Open Finance (`connect-svc`),05-fds/domain-05-open-finance.md#bfr-of-005,GET /api/v1/transactions?account_id=&from=&to=&cursor=,imported_transaction (URS §11),US-OF-005,TC-OF-005-3,Negative functional,Record missing a mandatory field quarantined,NOT_EXECUTED,,
BFR-OF-005,P1,Imported transactions shall be normalised.,Different provider formats map to standard transaction representation.,Open finance,EPIC-OF,Open Finance (`connect-svc`),05-fds/domain-05-open-finance.md#bfr-of-005,GET /api/v1/transactions?account_id=&from=&to=&cursor=,imported_transaction (URS §11),US-OF-005,TC-OF-005-4,Negative functional,Unknown currency never defaulted,NOT_EXECUTED,,
BFR-OF-005,P1,Imported transactions shall be normalised.,Different provider formats map to standard transaction representation.,Open finance,EPIC-OF,Open Finance (`connect-svc`),05-fds/domain-05-open-finance.md#bfr-of-005,GET /api/v1/transactions?account_id=&from=&to=&cursor=,imported_transaction (URS §11),US-OF-005,TC-OF-005-5,Positive functional,Original provider values retained in raw reference,NOT_EXECUTED,,
BFR-OF-006,P1,Data source provenance shall be retained.,Original source and external reference remain retrievable.,Open finance,EPIC-OF,Open Finance (`connect-svc`),05-fds/domain-05-open-finance.md#bfr-of-006,GET /api/v1/transactions/{id}/provenance,imported_transaction provenance columns; passport_metric_source,US-OF-006,TC-OF-006-1,Positive functional,Provenance retrievable for any imported transaction,NOT_EXECUTED,,
BFR-OF-006,P1,Data source provenance shall be retained.,Original source and external reference remain retrievable.,Open finance,EPIC-OF,Open Finance (`connect-svc`),05-fds/domain-05-open-finance.md#bfr-of-006,GET /api/v1/transactions/{id}/provenance,imported_transaction provenance columns; passport_metric_source,US-OF-006,TC-OF-006-2,Negative functional,Record without provenance cannot be persisted,NOT_EXECUTED,,
BFR-OF-006,P1,Data source provenance shall be retained.,Original source and external reference remain retrievable.,Open finance,EPIC-OF,Open Finance (`connect-svc`),05-fds/domain-05-open-finance.md#bfr-of-006,GET /api/v1/transactions/{id}/provenance,imported_transaction provenance columns; passport_metric_source,US-OF-006,TC-OF-006-3,Security,Imported record cannot be edited,NOT_EXECUTED,,
BFR-OF-006,P1,Data source provenance shall be retained.,Original source and external reference remain retrievable.,Open finance,EPIC-OF,Open Finance (`connect-svc`),05-fds/domain-05-open-finance.md#bfr-of-006,GET /api/v1/transactions/{id}/provenance,imported_transaction provenance columns; passport_metric_source,US-OF-006,TC-OF-006-4,Positive functional,Provenance propagates into Passport metric sources,NOT_EXECUTED,,
BFR-OF-006,P1,Data source provenance shall be retained.,Original source and external reference remain retrievable.,Open finance,EPIC-OF,Open Finance (`connect-svc`),05-fds/domain-05-open-finance.md#bfr-of-006,GET /api/v1/transactions/{id}/provenance,imported_transaction provenance columns; passport_metric_source,US-OF-006,TC-OF-006-5,Permissions,Raw payload access restricted and audited,NOT_EXECUTED,,
BFR-OF-007,P2,Synchronisation status shall be visible.,Customer sees latest successful sync and connection problems.,Open finance,EPIC-OF,Open Finance (`connect-svc`),05-fds/domain-05-open-finance.md#bfr-of-007,GET /api/v1/connections,"sync_run, connected_account.last_successful_sync_at, connection_status",US-OF-007,TC-OF-007-1,Positive functional,Last successful sync displayed,NOT_EXECUTED,,
BFR-OF-007,P2,Synchronisation status shall be visible.,Customer sees latest successful sync and connection problems.,Open finance,EPIC-OF,Open Finance (`connect-svc`),05-fds/domain-05-open-finance.md#bfr-of-007,GET /api/v1/connections,"sync_run, connected_account.last_successful_sync_at, connection_status",US-OF-007,TC-OF-007-2,Positive functional,Failure shown with plain-language reason and remedy,NOT_EXECUTED,,
BFR-OF-007,P2,Synchronisation status shall be visible.,Customer sees latest successful sync and connection problems.,Open finance,EPIC-OF,Open Finance (`connect-svc`),05-fds/domain-05-open-finance.md#bfr-of-007,GET /api/v1/connections,"sync_run, connected_account.last_successful_sync_at, connection_status",US-OF-007,TC-OF-007-3,Positive functional,"Status uses icon and text, not colour alone",NOT_EXECUTED,,
BFR-OF-007,P2,Synchronisation status shall be visible.,Customer sees latest successful sync and connection problems.,Open finance,EPIC-OF,Open Finance (`connect-svc`),05-fds/domain-05-open-finance.md#bfr-of-007,GET /api/v1/connections,"sync_run, connected_account.last_successful_sync_at, connection_status",US-OF-007,TC-OF-007-4,Negative functional,Repeated failures do not spam notifications,NOT_EXECUTED,,
BFR-OF-008,P1,Failed account connections shall not corrupt existing data.,Existing records remain intact after provider failure.,Open finance,EPIC-OF,Open Finance (`connect-svc`),05-fds/domain-05-open-finance.md#bfr-of-008,GET /api/v1/connections/{id}/sync-runs,"sync_run(status, records_imported, error_code)",US-OF-008,TC-OF-008-1,Positive functional,Failed sync leaves existing records intact,NOT_EXECUTED,,
BFR-OF-008,P1,Failed account connections shall not corrupt existing data.,Existing records remain intact after provider failure.,Open finance,EPIC-OF,Open Finance (`connect-svc`),05-fds/domain-05-open-finance.md#bfr-of-008,GET /api/v1/connections/{id}/sync-runs,"sync_run(status, records_imported, error_code)",US-OF-008,TC-OF-008-2,Positive functional,Partial run retains what it imported,NOT_EXECUTED,,
BFR-OF-008,P1,Failed account connections shall not corrupt existing data.,Existing records remain intact after provider failure.,Open finance,EPIC-OF,Open Finance (`connect-svc`),05-fds/domain-05-open-finance.md#bfr-of-008,GET /api/v1/connections/{id}/sync-runs,"sync_run(status, records_imported, error_code)",US-OF-008,TC-OF-008-3,Negative functional,Balances not zeroed by a failed run,NOT_EXECUTED,,
BFR-OF-008,P1,Failed account connections shall not corrupt existing data.,Existing records remain intact after provider failure.,Open finance,EPIC-OF,Open Finance (`connect-svc`),05-fds/domain-05-open-finance.md#bfr-of-008,GET /api/v1/connections/{id}/sync-runs,"sync_run(status, records_imported, error_code)",US-OF-008,TC-OF-008-4,Negative functional,Empty provider response does not delete history,NOT_EXECUTED,,
BFR-OF-008,P1,Failed account connections shall not corrupt existing data.,Existing records remain intact after provider failure.,Open finance,EPIC-OF,Open Finance (`connect-svc`),05-fds/domain-05-open-finance.md#bfr-of-008,GET /api/v1/connections/{id}/sync-runs,"sync_run(status, records_imported, error_code)",US-OF-008,TC-OF-008-5,Concurrency,Concurrent syncs on one connection do not corrupt state,NOT_EXECUTED,,
BFR-OF-009,P1,Duplicate imported transactions shall be detected.,Same provider transaction is not counted twice.,Open finance,EPIC-OF,Open Finance (`connect-svc`),05-fds/domain-05-open-finance.md#bfr-of-009,(no new endpoint) none additional.,"unique index on (connected_account_id, external_transaction_id)",US-OF-009,TC-OF-009-1,Positive functional,Repeated fetch stores the record once,NOT_EXECUTED,,
BFR-OF-009,P1,Duplicate imported transactions shall be detected.,Same provider transaction is not counted twice.,Open finance,EPIC-OF,Open Finance (`connect-svc`),05-fds/domain-05-open-finance.md#bfr-of-009,(no new endpoint) none additional.,"unique index on (connected_account_id, external_transaction_id)",US-OF-009,TC-OF-009-2,Concurrency,Concurrent syncs cannot both insert the same record,NOT_EXECUTED,,
BFR-OF-009,P1,Duplicate imported transactions shall be detected.,Same provider transaction is not counted twice.,Open finance,EPIC-OF,Open Finance (`connect-svc`),05-fds/domain-05-open-finance.md#bfr-of-009,(no new endpoint) none additional.,"unique index on (connected_account_id, external_transaction_id)",US-OF-009,TC-OF-009-3,Positive functional,Passport figures unaffected by duplicate fetches,NOT_EXECUTED,,
BFR-OF-009,P1,Duplicate imported transactions shall be detected.,Same provider transaction is not counted twice.,Open finance,EPIC-OF,Open Finance (`connect-svc`),05-fds/domain-05-open-finance.md#bfr-of-009,(no new endpoint) none additional.,"unique index on (connected_account_id, external_transaction_id)",US-OF-009,TC-OF-009-4,Negative functional,"Same id with different amount quarantined, not deduplicated",NOT_EXECUTED,,
BFR-OF-009,P1,Duplicate imported transactions shall be detected.,Same provider transaction is not counted twice.,Open finance,EPIC-OF,Open Finance (`connect-svc`),05-fds/domain-05-open-finance.md#bfr-of-009,(no new endpoint) none additional.,"unique index on (connected_account_id, external_transaction_id)",US-OF-009,TC-OF-009-5,Integration,Composite fallback key works for a provider without stable ids,NOT_EXECUTED,,
BFR-OF-010,P1,Account disconnection shall stop further retrieval.,No additional sync occurs after connection removal or consent revocation.,Open finance,EPIC-OF,Open Finance (`connect-svc`),05-fds/domain-05-open-finance.md#bfr-of-010,DELETE /api/v1/connections/{id},"connection.connection_status, credential_handle destroyed",US-OF-010,TC-OF-010-1,Positive functional,No sync occurs after disconnection,NOT_EXECUTED,,
BFR-OF-010,P1,Account disconnection shall stop further retrieval.,No additional sync occurs after connection removal or consent revocation.,Open finance,EPIC-OF,Open Finance (`connect-svc`),05-fds/domain-05-open-finance.md#bfr-of-010,DELETE /api/v1/connections/{id},"connection.connection_status, credential_handle destroyed",US-OF-010,TC-OF-010-2,Positive functional,Consent revocation disconnects automatically,NOT_EXECUTED,,
BFR-OF-010,P1,Account disconnection shall stop further retrieval.,No additional sync occurs after connection removal or consent revocation.,Open finance,EPIC-OF,Open Finance (`connect-svc`),05-fds/domain-05-open-finance.md#bfr-of-010,DELETE /api/v1/connections/{id},"connection.connection_status, credential_handle destroyed",US-OF-010,TC-OF-010-3,Security,Stored credential handle destroyed,NOT_EXECUTED,,
BFR-OF-010,P1,Account disconnection shall stop further retrieval.,No additional sync occurs after connection removal or consent revocation.,Open finance,EPIC-OF,Open Finance (`connect-svc`),05-fds/domain-05-open-finance.md#bfr-of-010,DELETE /api/v1/connections/{id},"connection.connection_status, credential_handle destroyed",US-OF-010,TC-OF-010-4,Concurrency,Queued job cancelled at execution time,NOT_EXECUTED,,
BFR-OF-010,P1,Account disconnection shall stop further retrieval.,No additional sync occurs after connection removal or consent revocation.,Open finance,EPIC-OF,Open Finance (`connect-svc`),05-fds/domain-05-open-finance.md#bfr-of-010,DELETE /api/v1/connections/{id},"connection.connection_status, credential_handle destroyed",US-OF-010,TC-OF-010-5,Positive functional,Historical data retained per policy,NOT_EXECUTED,,
BFR-OF-010,P1,Account disconnection shall stop further retrieval.,No additional sync occurs after connection removal or consent revocation.,Open finance,EPIC-OF,Open Finance (`connect-svc`),05-fds/domain-05-open-finance.md#bfr-of-010,DELETE /api/v1/connections/{id},"connection.connection_status, credential_handle destroyed",US-OF-010,TC-OF-010-6,Error handling,Provider revocation failure still stops all local activity,NOT_EXECUTED,,
BFR-CAT-001,P2,Transactions shall be automatically categorised.,Supported transactions receive system category and confidence value.,Transaction categorisation,EPIC-CAT,Insight (`insight-svc`),05-fds/domain-06-transaction-categorisation.md#bfr-cat-001,GET /api/v1/transactions?category=; POST /internal/insight/classify,"classification(category_id, confidence, model_version_id, is_current)",US-CAT-001,TC-CAT-001-1,Positive functional,Transaction receives category and confidence,NOT_EXECUTED,,
BFR-CAT-001,P2,Transactions shall be automatically categorised.,Supported transactions receive system category and confidence value.,Transaction categorisation,EPIC-CAT,Insight (`insight-svc`),05-fds/domain-06-transaction-categorisation.md#bfr-cat-001,GET /api/v1/transactions?category=; POST /internal/insight/classify,"classification(category_id, confidence, model_version_id, is_current)",US-CAT-001,TC-CAT-001-2,Positive functional,Unmatched transaction is UNCATEGORISED with confidence 0,NOT_EXECUTED,,
BFR-CAT-001,P2,Transactions shall be automatically categorised.,Supported transactions receive system category and confidence value.,Transaction categorisation,EPIC-CAT,Insight (`insight-svc`),05-fds/domain-06-transaction-categorisation.md#bfr-cat-001,GET /api/v1/transactions?category=; POST /internal/insight/classify,"classification(category_id, confidence, model_version_id, is_current)",US-CAT-001,TC-CAT-001-3,Negative functional,Classification does not modify the imported record,NOT_EXECUTED,,
BFR-CAT-001,P2,Transactions shall be automatically categorised.,Supported transactions receive system category and confidence value.,Transaction categorisation,EPIC-CAT,Insight (`insight-svc`),05-fds/domain-06-transaction-categorisation.md#bfr-cat-001,GET /api/v1/transactions?category=; POST /internal/insight/classify,"classification(category_id, confidence, model_version_id, is_current)",US-CAT-001,TC-CAT-001-4,Error handling,Classifier failure does not block import,NOT_EXECUTED,,
BFR-CAT-002,P2,Categories shall be configurable.,New category can be introduced without database redesign.,Transaction categorisation,EPIC-CAT,Insight (`insight-svc`),05-fds/domain-06-transaction-categorisation.md#bfr-cat-002,GET /api/v1/categories; POST /api/admin/v1/categories,"category(id, parent_id, code, name_key, is_active, is_business, is_cash, is_remittance)",US-CAT-002,TC-CAT-002-1,Positive functional,New category usable without migration,NOT_EXECUTED,,
BFR-CAT-002,P2,Categories shall be configurable.,New category can be introduced without database redesign.,Transaction categorisation,EPIC-CAT,Insight (`insight-svc`),05-fds/domain-06-transaction-categorisation.md#bfr-cat-002,GET /api/v1/categories; POST /api/admin/v1/categories,"category(id, parent_id, code, name_key, is_active, is_business, is_cash, is_remittance)",US-CAT-002,TC-CAT-002-2,Negative functional,Category in use cannot be deleted,NOT_EXECUTED,,
BFR-CAT-002,P2,Categories shall be configurable.,New category can be introduced without database redesign.,Transaction categorisation,EPIC-CAT,Insight (`insight-svc`),05-fds/domain-06-transaction-categorisation.md#bfr-cat-002,GET /api/v1/categories; POST /api/admin/v1/categories,"category(id, parent_id, code, name_key, is_active, is_business, is_cash, is_remittance)",US-CAT-002,TC-CAT-002-3,Positive functional,Deprecated category still resolves historically,NOT_EXECUTED,,
BFR-CAT-002,P2,Categories shall be configurable.,New category can be introduced without database redesign.,Transaction categorisation,EPIC-CAT,Insight (`insight-svc`),05-fds/domain-06-transaction-categorisation.md#bfr-cat-002,GET /api/v1/categories; POST /api/admin/v1/categories,"category(id, parent_id, code, name_key, is_active, is_business, is_cash, is_remittance)",US-CAT-002,TC-CAT-002-4,Positive functional,Names render in all supported languages,NOT_EXECUTED,,
BFR-CAT-003,P1,Customers shall correct categories.,Customer correction does not overwrite original machine classification.,Transaction categorisation,EPIC-CAT,Insight (`insight-svc`),05-fds/domain-06-transaction-categorisation.md#bfr-cat-003,PUT /api/v1/transactions/{id}/category; GET /api/v1/transactions/{id}/category-history,"imported_transaction.system_category_id (untouched), .customer_category_id, category_correction (append-only)",US-CAT-003,TC-CAT-003-1,Positive functional,Correction applies to derived figures,NOT_EXECUTED,,
BFR-CAT-003,P1,Customers shall correct categories.,Customer correction does not overwrite original machine classification.,Transaction categorisation,EPIC-CAT,Insight (`insight-svc`),05-fds/domain-06-transaction-categorisation.md#bfr-cat-003,PUT /api/v1/transactions/{id}/category; GET /api/v1/transactions/{id}/category-history,"imported_transaction.system_category_id (untouched), .customer_category_id, category_correction (append-only)",US-CAT-003,TC-CAT-003-2,Negative functional,Machine classification not overwritten,NOT_EXECUTED,,
BFR-CAT-003,P1,Customers shall correct categories.,Customer correction does not overwrite original machine classification.,Transaction categorisation,EPIC-CAT,Insight (`insight-svc`),05-fds/domain-06-transaction-categorisation.md#bfr-cat-003,PUT /api/v1/transactions/{id}/category; GET /api/v1/transactions/{id}/category-history,"imported_transaction.system_category_id (untouched), .customer_category_id, category_correction (append-only)",US-CAT-003,TC-CAT-003-3,Positive functional,Correction history retrievable,NOT_EXECUTED,,
BFR-CAT-003,P1,Customers shall correct categories.,Customer correction does not overwrite original machine classification.,Transaction categorisation,EPIC-CAT,Insight (`insight-svc`),05-fds/domain-06-transaction-categorisation.md#bfr-cat-003,PUT /api/v1/transactions/{id}/category; GET /api/v1/transactions/{id}/category-history,"imported_transaction.system_category_id (untouched), .customer_category_id, category_correction (append-only)",US-CAT-003,TC-CAT-003-4,Permissions,Cannot correct another customer's transaction,NOT_EXECUTED,,
BFR-CAT-003,P1,Customers shall correct categories.,Customer correction does not overwrite original machine classification.,Transaction categorisation,EPIC-CAT,Insight (`insight-svc`),05-fds/domain-06-transaction-categorisation.md#bfr-cat-003,PUT /api/v1/transactions/{id}/category; GET /api/v1/transactions/{id}/category-history,"imported_transaction.system_category_id (untouched), .customer_category_id, category_correction (append-only)",US-CAT-003,TC-CAT-003-5,Integration,"Correction produces a new Passport metric version, not an edit",NOT_EXECUTED,,
BFR-CAT-004,P1,Business income shall be distinguishable from personal transfers.,Financial Passport calculations can exclude identified non-business transfers.,Transaction categorisation,EPIC-CAT,Insight (`insight-svc`),05-fds/domain-06-transaction-categorisation.md#bfr-cat-004,GET /api/v1/transactions?business_only=true; PUT /api/v1/transactions/{id}/business-flag,"category.is_business, resolved per transaction; recorded on passport_metric_source",US-CAT-004,TC-CAT-004-1,Positive functional,Personal transfer excluded from business turnover,NOT_EXECUTED,,
BFR-CAT-004,P1,Business income shall be distinguishable from personal transfers.,Financial Passport calculations can exclude identified non-business transfers.,Transaction categorisation,EPIC-CAT,Insight (`insight-svc`),05-fds/domain-06-transaction-categorisation.md#bfr-cat-004,GET /api/v1/transactions?business_only=true; PUT /api/v1/transactions/{id}/business-flag,"category.is_business, resolved per transaction; recorded on passport_metric_source",US-CAT-004,TC-CAT-004-2,Negative functional,Own-account transfer never counted as income,NOT_EXECUTED,,
BFR-CAT-004,P1,Business income shall be distinguishable from personal transfers.,Financial Passport calculations can exclude identified non-business transfers.,Transaction categorisation,EPIC-CAT,Insight (`insight-svc`),05-fds/domain-06-transaction-categorisation.md#bfr-cat-004,GET /api/v1/transactions?business_only=true; PUT /api/v1/transactions/{id}/business-flag,"category.is_business, resolved per transaction; recorded on passport_metric_source",US-CAT-004,TC-CAT-004-3,Positive functional,Customer designation overrides the machine's,NOT_EXECUTED,,
BFR-CAT-004,P1,Business income shall be distinguishable from personal transfers.,Financial Passport calculations can exclude identified non-business transfers.,Transaction categorisation,EPIC-CAT,Insight (`insight-svc`),05-fds/domain-06-transaction-categorisation.md#bfr-cat-004,GET /api/v1/transactions?business_only=true; PUT /api/v1/transactions/{id}/business-flag,"category.is_business, resolved per transaction; recorded on passport_metric_source",US-CAT-004,TC-CAT-004-4,Positive functional,Exclusion visible in the metric explanation,NOT_EXECUTED,,
BFR-CAT-005,P2,Cash withdrawals shall be separately classified.,Cash-out activity can be measured distinctly.,Transaction categorisation,EPIC-CAT,Insight (`insight-svc`),05-fds/domain-06-transaction-categorisation.md#bfr-cat-005,GET /api/v1/insights/cash-usage?from=&to=,category.is_cash,US-CAT-005,TC-CAT-005-1,Positive functional,Withdrawals classified as cash-out,NOT_EXECUTED,,
BFR-CAT-005,P2,Cash withdrawals shall be separately classified.,Cash-out activity can be measured distinctly.,Transaction categorisation,EPIC-CAT,Insight (`insight-svc`),05-fds/domain-06-transaction-categorisation.md#bfr-cat-005,GET /api/v1/insights/cash-usage?from=&to=,category.is_cash,US-CAT-005,TC-CAT-005-2,Positive functional,Cash dependency computed from the ratio,NOT_EXECUTED,,
BFR-CAT-005,P2,Cash withdrawals shall be separately classified.,Cash-out activity can be measured distinctly.,Transaction categorisation,EPIC-CAT,Insight (`insight-svc`),05-fds/domain-06-transaction-categorisation.md#bfr-cat-005,GET /api/v1/insights/cash-usage?from=&to=,category.is_cash,US-CAT-005,TC-CAT-005-3,Negative functional,Description text alone does not drive classification,NOT_EXECUTED,,
BFR-CAT-005,P2,Cash withdrawals shall be separately classified.,Cash-out activity can be measured distinctly.,Transaction categorisation,EPIC-CAT,Insight (`insight-svc`),05-fds/domain-06-transaction-categorisation.md#bfr-cat-005,GET /api/v1/insights/cash-usage?from=&to=,category.is_cash,US-CAT-005,TC-CAT-005-4,Positive functional,Missing channel handled with a quality note,NOT_EXECUTED,,
BFR-CAT-006,P2,Remittances shall be identifiable.,Cross-border remittance inflows can be analysed separately.,Transaction categorisation,EPIC-CAT,Insight (`insight-svc`),05-fds/domain-06-transaction-categorisation.md#bfr-cat-006,GET /api/v1/insights/remittances?from=&to=,category.is_remittance; BuntuSwitch inflows carry an authoritative flag.,US-CAT-006,TC-CAT-006-1,Positive functional,Platform cross-border inflow flagged authoritatively,NOT_EXECUTED,,
BFR-CAT-006,P2,Remittances shall be identifiable.,Cross-border remittance inflows can be analysed separately.,Transaction categorisation,EPIC-CAT,Insight (`insight-svc`),05-fds/domain-06-transaction-categorisation.md#bfr-cat-006,GET /api/v1/insights/remittances?from=&to=,category.is_remittance; BuntuSwitch inflows carry an authoritative flag.,US-CAT-006,TC-CAT-006-2,Positive functional,Imported remittance inferred with lower confidence,NOT_EXECUTED,,
BFR-CAT-006,P2,Remittances shall be identifiable.,Cross-border remittance inflows can be analysed separately.,Transaction categorisation,EPIC-CAT,Insight (`insight-svc`),05-fds/domain-06-transaction-categorisation.md#bfr-cat-006,GET /api/v1/insights/remittances?from=&to=,category.is_remittance; BuntuSwitch inflows carry an authoritative flag.,US-CAT-006,TC-CAT-006-3,Positive functional,Remittance share computed as a component of income,NOT_EXECUTED,,
BFR-CAT-006,P2,Remittances shall be identifiable.,Cross-border remittance inflows can be analysed separately.,Transaction categorisation,EPIC-CAT,Insight (`insight-svc`),05-fds/domain-06-transaction-categorisation.md#bfr-cat-006,GET /api/v1/insights/remittances?from=&to=,category.is_remittance; BuntuSwitch inflows carry an authoritative flag.,US-CAT-006,TC-CAT-006-4,Integration,Remittance pattern visible to AML monitoring,NOT_EXECUTED,,
BFR-CAT-007,P3,Recurring transactions shall be detected.,System identifies repeated periodic counterparties/payments.,Transaction categorisation,EPIC-CAT,Insight (`insight-svc`),05-fds/domain-06-transaction-categorisation.md#bfr-cat-007,GET /api/v1/insights/recurring,"recurring_series(counterparty_key, cadence, typical_amount_minor, confidence, first_seen, last_seen)",US-CAT-007,TC-CAT-007-1,Positive functional,Repeating payment detected as a series,NOT_EXECUTED,,
BFR-CAT-007,P3,Recurring transactions shall be detected.,System identifies repeated periodic counterparties/payments.,Transaction categorisation,EPIC-CAT,Insight (`insight-svc`),05-fds/domain-06-transaction-categorisation.md#bfr-cat-007,GET /api/v1/insights/recurring,"recurring_series(counterparty_key, cadence, typical_amount_minor, confidence, first_seen, last_seen)",US-CAT-007,TC-CAT-007-2,Negative functional,Insufficient history produces no series,NOT_EXECUTED,,
BFR-CAT-007,P3,Recurring transactions shall be detected.,System identifies repeated periodic counterparties/payments.,Transaction categorisation,EPIC-CAT,Insight (`insight-svc`),05-fds/domain-06-transaction-categorisation.md#bfr-cat-007,GET /api/v1/insights/recurring,"recurring_series(counterparty_key, cadence, typical_amount_minor, confidence, first_seen, last_seen)",US-CAT-007,TC-CAT-007-3,Positive functional,Customer dismissal persists,NOT_EXECUTED,,
BFR-CAT-007,P3,Recurring transactions shall be detected.,System identifies repeated periodic counterparties/payments.,Transaction categorisation,EPIC-CAT,Insight (`insight-svc`),05-fds/domain-06-transaction-categorisation.md#bfr-cat-007,GET /api/v1/insights/recurring,"recurring_series(counterparty_key, cadence, typical_amount_minor, confidence, first_seen, last_seen)",US-CAT-007,TC-CAT-007-4,Positive functional,"Series labelled as observed, not confirmed",NOT_EXECUTED,,
BFR-CAT-008,P1,Classification models shall be versioned.,Every automated classification can identify model/rule version.,Transaction categorisation,EPIC-CAT,Insight (`insight-svc`),05-fds/domain-06-transaction-categorisation.md#bfr-cat-008,GET /api/admin/v1/models; POST /api/admin/v1/models/{id}/deploy,"classification_model (URS §9 register), classification.model_version_id NOT NULL",US-CAT-008,TC-CAT-008-1,Positive functional,Classification carries the model version,NOT_EXECUTED,,
BFR-CAT-008,P1,Classification models shall be versioned.,Every automated classification can identify model/rule version.,Transaction categorisation,EPIC-CAT,Insight (`insight-svc`),05-fds/domain-06-transaction-categorisation.md#bfr-cat-008,GET /api/admin/v1/models; POST /api/admin/v1/models/{id}/deploy,"classification_model (URS §9 register), classification.model_version_id NOT NULL",US-CAT-008,TC-CAT-008-2,Negative functional,Unversioned classification cannot be written,NOT_EXECUTED,,
BFR-CAT-008,P1,Classification models shall be versioned.,Every automated classification can identify model/rule version.,Transaction categorisation,EPIC-CAT,Insight (`insight-svc`),05-fds/domain-06-transaction-categorisation.md#bfr-cat-008,GET /api/admin/v1/models; POST /api/admin/v1/models/{id}/deploy,"classification_model (URS §9 register), classification.model_version_id NOT NULL",US-CAT-008,TC-CAT-008-3,Negative functional,Incomplete register entry blocks deployment,NOT_EXECUTED,,
BFR-CAT-008,P1,Classification models shall be versioned.,Every automated classification can identify model/rule version.,Transaction categorisation,EPIC-CAT,Insight (`insight-svc`),05-fds/domain-06-transaction-categorisation.md#bfr-cat-008,GET /api/admin/v1/models; POST /api/admin/v1/models/{id}/deploy,"classification_model (URS §9 register), classification.model_version_id NOT NULL",US-CAT-008,TC-CAT-008-4,Audit verification,Deployment approved and audited,NOT_EXECUTED,,
BFR-CAT-008,P1,Classification models shall be versioned.,Every automated classification can identify model/rule version.,Transaction categorisation,EPIC-CAT,Insight (`insight-svc`),05-fds/domain-06-transaction-categorisation.md#bfr-cat-008,GET /api/admin/v1/models; POST /api/admin/v1/models/{id}/deploy,"classification_model (URS §9 register), classification.model_version_id NOT NULL",US-CAT-008,TC-CAT-008-5,Positive functional,Rollback preserves prior results,NOT_EXECUTED,,
BFR-CAT-009,P1,Model changes shall not silently rewrite historical evidence.,Historical results remain reproducible.,Transaction categorisation,EPIC-CAT,Insight (`insight-svc`),05-fds/domain-06-transaction-categorisation.md#bfr-cat-009,POST /api/admin/v1/models/{id}/reclassify; GET /api/v1/transactions/{id}/classifications,"classification (append-only, is_current flag), passport_metric (versioned)",US-CAT-009,TC-CAT-009-1,Positive functional,New model version does not alter existing classifications,NOT_EXECUTED,,
BFR-CAT-009,P1,Model changes shall not silently rewrite historical evidence.,Historical results remain reproducible.,Transaction categorisation,EPIC-CAT,Insight (`insight-svc`),05-fds/domain-06-transaction-categorisation.md#bfr-cat-009,POST /api/admin/v1/models/{id}/reclassify; GET /api/v1/transactions/{id}/classifications,"classification (append-only, is_current flag), passport_metric (versioned)",US-CAT-009,TC-CAT-009-2,Positive functional,Historical metric reproducible after a model change,NOT_EXECUTED,,
BFR-CAT-009,P1,Model changes shall not silently rewrite historical evidence.,Historical results remain reproducible.,Transaction categorisation,EPIC-CAT,Insight (`insight-svc`),05-fds/domain-06-transaction-categorisation.md#bfr-cat-009,POST /api/admin/v1/models/{id}/reclassify; GET /api/v1/transactions/{id}/classifications,"classification (append-only, is_current flag), passport_metric (versioned)",US-CAT-009,TC-CAT-009-3,Permissions,Reclassification requires approval,NOT_EXECUTED,,
BFR-CAT-009,P1,Model changes shall not silently rewrite historical evidence.,Historical results remain reproducible.,Transaction categorisation,EPIC-CAT,Insight (`insight-svc`),05-fds/domain-06-transaction-categorisation.md#bfr-cat-009,POST /api/admin/v1/models/{id}/reclassify; GET /api/v1/transactions/{id}/classifications,"classification (append-only, is_current flag), passport_metric (versioned)",US-CAT-009,TC-CAT-009-4,Security,Classification rows cannot be updated,NOT_EXECUTED,,
BFR-CAT-009,P1,Model changes shall not silently rewrite historical evidence.,Historical results remain reproducible.,Transaction categorisation,EPIC-CAT,Insight (`insight-svc`),05-fds/domain-06-transaction-categorisation.md#bfr-cat-009,POST /api/admin/v1/models/{id}/reclassify; GET /api/v1/transactions/{id}/classifications,"classification (append-only, is_current flag), passport_metric (versioned)",US-CAT-009,TC-CAT-009-5,Positive functional,Shared figure and current figure both visible with timestamps,NOT_EXECUTED,,
BFR-CAT-010,P2,Low-confidence classifications shall be identifiable.,Configurable confidence threshold flags transactions for correction/review.,Transaction categorisation,EPIC-CAT,Insight (`insight-svc`),05-fds/domain-06-transaction-categorisation.md#bfr-cat-010,GET /api/v1/transactions?confidence_below=; POST /api/v1/transactions/{id}/confirm-category,"classification.confidence, threshold in configuration",US-CAT-010,TC-CAT-010-1,Positive functional,Below-threshold classification flagged,NOT_EXECUTED,,
BFR-CAT-010,P2,Low-confidence classifications shall be identifiable.,Configurable confidence threshold flags transactions for correction/review.,Transaction categorisation,EPIC-CAT,Insight (`insight-svc`),05-fds/domain-06-transaction-categorisation.md#bfr-cat-010,GET /api/v1/transactions?confidence_below=; POST /api/v1/transactions/{id}/confirm-category,"classification.confidence, threshold in configuration",US-CAT-010,TC-CAT-010-2,Positive functional,Threshold change takes effect via configuration,NOT_EXECUTED,,
BFR-CAT-010,P2,Low-confidence classifications shall be identifiable.,Configurable confidence threshold flags transactions for correction/review.,Transaction categorisation,EPIC-CAT,Insight (`insight-svc`),05-fds/domain-06-transaction-categorisation.md#bfr-cat-010,GET /api/v1/transactions?confidence_below=; POST /api/v1/transactions/{id}/confirm-category,"classification.confidence, threshold in configuration",US-CAT-010,TC-CAT-010-3,Positive functional,Metric explanation discloses treatment of low-confidence data,NOT_EXECUTED,,
BFR-CAT-010,P2,Low-confidence classifications shall be identifiable.,Configurable confidence threshold flags transactions for correction/review.,Transaction categorisation,EPIC-CAT,Insight (`insight-svc`),05-fds/domain-06-transaction-categorisation.md#bfr-cat-010,GET /api/v1/transactions?confidence_below=; POST /api/v1/transactions/{id}/confirm-category,"classification.confidence, threshold in configuration",US-CAT-010,TC-CAT-010-4,Positive functional,Confirmation clears the flag and records a correction,NOT_EXECUTED,,
BFR-CAT-010,P2,Low-confidence classifications shall be identifiable.,Configurable confidence threshold flags transactions for correction/review.,Transaction categorisation,EPIC-CAT,Insight (`insight-svc`),05-fds/domain-06-transaction-categorisation.md#bfr-cat-010,GET /api/v1/transactions?confidence_below=; POST /api/v1/transactions/{id}/confirm-category,"classification.confidence, threshold in configuration",US-CAT-010,TC-CAT-010-5,Negative functional,"Excessive low-confidence data yields INSUFFICIENT_DATA, not a weak figure",NOT_EXECUTED,,
BFR-FP-001,P1,Eligible customers shall generate a Financial Passport.,Passport can be created when configured minimum data criteria are met.,Financial Passport,EPIC-FP,Financial Passport (`passport-svc`),05-fds/domain-07-financial-passport.md#bfr-fp-001,GET /api/v1/passport/eligibility; POST /api/v1/passport; GET /api/v1/passport,"passport, passport_metric, passport_metric_source",US-FP-001,TC-FP-001-1,Positive functional,Eligible customer generates a Passport,NOT_EXECUTED,,
BFR-FP-001,P1,Eligible customers shall generate a Financial Passport.,Passport can be created when configured minimum data criteria are met.,Financial Passport,EPIC-FP,Financial Passport (`passport-svc`),05-fds/domain-07-financial-passport.md#bfr-fp-001,GET /api/v1/passport/eligibility; POST /api/v1/passport; GET /api/v1/passport,"passport, passport_metric, passport_metric_source",US-FP-001,TC-FP-001-2,Negative functional,Ineligible customer gets INSUFFICIENT_DATA with specific unmet criteria,NOT_EXECUTED,,
BFR-FP-001,P1,Eligible customers shall generate a Financial Passport.,Passport can be created when configured minimum data criteria are met.,Financial Passport,EPIC-FP,Financial Passport (`passport-svc`),05-fds/domain-07-financial-passport.md#bfr-fp-001,GET /api/v1/passport/eligibility; POST /api/v1/passport; GET /api/v1/passport,"passport, passport_metric, passport_metric_source",US-FP-001,TC-FP-001-3,Negative functional,Unconsented data never contributes,NOT_EXECUTED,,
BFR-FP-001,P1,Eligible customers shall generate a Financial Passport.,Passport can be created when configured minimum data criteria are met.,Financial Passport,EPIC-FP,Financial Passport (`passport-svc`),05-fds/domain-07-financial-passport.md#bfr-fp-001,GET /api/v1/passport/eligibility; POST /api/v1/passport; GET /api/v1/passport,"passport, passport_metric, passport_metric_source",US-FP-001,TC-FP-001-4,Positive functional,Criteria change via configuration alters eligibility,NOT_EXECUTED,,
BFR-FP-001,P1,Eligible customers shall generate a Financial Passport.,Passport can be created when configured minimum data criteria are met.,Financial Passport,EPIC-FP,Financial Passport (`passport-svc`),05-fds/domain-07-financial-passport.md#bfr-fp-001,GET /api/v1/passport/eligibility; POST /api/v1/passport; GET /api/v1/passport,"passport, passport_metric, passport_metric_source",US-FP-001,TC-FP-001-5,Concurrency,Consent revoked mid-calculation aborts cleanly,NOT_EXECUTED,,
BFR-FP-002,P1,Passport shall show identity confidence.,Verification status is displayed without exposing unnecessary identity data.,Financial Passport,EPIC-FP,Financial Passport (`passport-svc`),05-fds/domain-07-financial-passport.md#bfr-fp-002,GET /api/v1/passport,"read-only from customer.kyc_tier, kyc_status; not copied into the Passport store beyond the summary.",US-FP-002,TC-FP-002-1,Positive functional,Verification level and date displayed,NOT_EXECUTED,,
BFR-FP-002,P1,Passport shall show identity confidence.,Verification status is displayed without exposing unnecessary identity data.,Financial Passport,EPIC-FP,Financial Passport (`passport-svc`),05-fds/domain-07-financial-passport.md#bfr-fp-002,GET /api/v1/passport,"read-only from customer.kyc_tier, kyc_status; not copied into the Passport store beyond the summary.",US-FP-002,TC-FP-002-2,Security,No identity attributes present in payload or export,NOT_EXECUTED,,
BFR-FP-002,P1,Passport shall show identity confidence.,Verification status is displayed without exposing unnecessary identity data.,Financial Passport,EPIC-FP,Financial Passport (`passport-svc`),05-fds/domain-07-financial-passport.md#bfr-fp-002,GET /api/v1/passport,"read-only from customer.kyc_tier, kyc_status; not copied into the Passport store beyond the summary.",US-FP-002,TC-FP-002-3,Positive functional,Expired verification shown as expired,NOT_EXECUTED,,
BFR-FP-002,P1,Passport shall show identity confidence.,Verification status is displayed without exposing unnecessary identity data.,Financial Passport,EPIC-FP,Financial Passport (`passport-svc`),05-fds/domain-07-financial-passport.md#bfr-fp-002,GET /api/v1/passport,"read-only from customer.kyc_tier, kyc_status; not copied into the Passport store beyond the summary.",US-FP-002,TC-FP-002-4,Positive functional,Unverified status shown plainly,NOT_EXECUTED,,
BFR-FP-003,P1,Passport shall display verified financial data sources.,Connected source names and coverage periods are shown.,Financial Passport,EPIC-FP,Financial Passport (`passport-svc`),05-fds/domain-07-financial-passport.md#bfr-fp-003,GET /api/v1/passport/sources,passport_metric_source aggregated by source.,US-FP-003,TC-FP-003-1,Positive functional,All contributing sources listed with coverage,NOT_EXECUTED,,
BFR-FP-003,P1,Passport shall display verified financial data sources.,Connected source names and coverage periods are shown.,Financial Passport,EPIC-FP,Financial Passport (`passport-svc`),05-fds/domain-07-financial-passport.md#bfr-fp-003,GET /api/v1/passport/sources,passport_metric_source aggregated by source.,US-FP-003,TC-FP-003-2,Positive functional,Source quality label displayed,NOT_EXECUTED,,
BFR-FP-003,P1,Passport shall display verified financial data sources.,Connected source names and coverage periods are shown.,Financial Passport,EPIC-FP,Financial Passport (`passport-svc`),05-fds/domain-07-financial-passport.md#bfr-fp-003,GET /api/v1/passport/sources,passport_metric_source aggregated by source.,US-FP-003,TC-FP-003-3,Security,Account identifiers masked,NOT_EXECUTED,,
BFR-FP-003,P1,Passport shall display verified financial data sources.,Connected source names and coverage periods are shown.,Financial Passport,EPIC-FP,Financial Passport (`passport-svc`),05-fds/domain-07-financial-passport.md#bfr-fp-003,GET /api/v1/passport/sources,passport_metric_source aggregated by source.,US-FP-003,TC-FP-003-4,Negative functional,Unconsented source excluded,NOT_EXECUTED,,
BFR-FP-003,P1,Passport shall display verified financial data sources.,Connected source names and coverage periods are shown.,Financial Passport,EPIC-FP,Financial Passport (`passport-svc`),05-fds/domain-07-financial-passport.md#bfr-fp-003,GET /api/v1/passport/sources,passport_metric_source aggregated by source.,US-FP-003,TC-FP-003-5,Positive functional,Coverage gaps disclosed,NOT_EXECUTED,,
BFR-FP-004,P1,Passport shall calculate income indicators.,Monthly inflows and consistency calculated from permitted data.,Financial Passport,EPIC-FP,Financial Passport (`passport-svc`),05-fds/domain-07-financial-passport.md#bfr-fp-004,GET /api/v1/passport/metrics?group=INCOME,"passport_metric with metric_type ∈ {AVG_MONTHLY_INFLOW, MEDIAN_MONTHLY_INFLOW, INCOME_STABILITY, INCOME_VOLATILITY, INCOME_SOURCE_COUNT, REMITTANCE_SHARE} (URS §7)",US-FP-004,TC-FP-004-1,Positive functional,Income metrics computed over complete months,NOT_EXECUTED,,
BFR-FP-004,P1,Passport shall calculate income indicators.,Monthly inflows and consistency calculated from permitted data.,Financial Passport,EPIC-FP,Financial Passport (`passport-svc`),05-fds/domain-07-financial-passport.md#bfr-fp-004,GET /api/v1/passport/metrics?group=INCOME,"passport_metric with metric_type ∈ {AVG_MONTHLY_INFLOW, MEDIAN_MONTHLY_INFLOW, INCOME_STABILITY, INCOME_VOLATILITY, INCOME_SOURCE_COUNT, REMITTANCE_SHARE} (URS §7)",US-FP-004,TC-FP-004-2,Negative functional,Partial month excluded and disclosed,NOT_EXECUTED,,
BFR-FP-004,P1,Passport shall calculate income indicators.,Monthly inflows and consistency calculated from permitted data.,Financial Passport,EPIC-FP,Financial Passport (`passport-svc`),05-fds/domain-07-financial-passport.md#bfr-fp-004,GET /api/v1/passport/metrics?group=INCOME,"passport_metric with metric_type ∈ {AVG_MONTHLY_INFLOW, MEDIAN_MONTHLY_INFLOW, INCOME_STABILITY, INCOME_VOLATILITY, INCOME_SOURCE_COUNT, REMITTANCE_SHARE} (URS §7)",US-FP-004,TC-FP-004-3,Negative functional,Internal transfers excluded,NOT_EXECUTED,,
BFR-FP-004,P1,Passport shall calculate income indicators.,Monthly inflows and consistency calculated from permitted data.,Financial Passport,EPIC-FP,Financial Passport (`passport-svc`),05-fds/domain-07-financial-passport.md#bfr-fp-004,GET /api/v1/passport/metrics?group=INCOME,"passport_metric with metric_type ∈ {AVG_MONTHLY_INFLOW, MEDIAN_MONTHLY_INFLOW, INCOME_STABILITY, INCOME_VOLATILITY, INCOME_SOURCE_COUNT, REMITTANCE_SHARE} (URS §7)",US-FP-004,TC-FP-004-4,Decimal and rounding,Arithmetic exact in minor units,NOT_EXECUTED,,
BFR-FP-004,P1,Passport shall calculate income indicators.,Monthly inflows and consistency calculated from permitted data.,Financial Passport,EPIC-FP,Financial Passport (`passport-svc`),05-fds/domain-07-financial-passport.md#bfr-fp-004,GET /api/v1/passport/metrics?group=INCOME,"passport_metric with metric_type ∈ {AVG_MONTHLY_INFLOW, MEDIAN_MONTHLY_INFLOW, INCOME_STABILITY, INCOME_VOLATILITY, INCOME_SOURCE_COUNT, REMITTANCE_SHARE} (URS §7)",US-FP-004,TC-FP-004-5,Negative functional,Below-minimum history yields INSUFFICIENT_DATA,NOT_EXECUTED,,
BFR-FP-004,P1,Passport shall calculate income indicators.,Monthly inflows and consistency calculated from permitted data.,Financial Passport,EPIC-FP,Financial Passport (`passport-svc`),05-fds/domain-07-financial-passport.md#bfr-fp-004,GET /api/v1/passport/metrics?group=INCOME,"passport_metric with metric_type ∈ {AVG_MONTHLY_INFLOW, MEDIAN_MONTHLY_INFLOW, INCOME_STABILITY, INCOME_VOLATILITY, INCOME_SOURCE_COUNT, REMITTANCE_SHARE} (URS §7)",US-FP-004,TC-FP-004-6,Positive functional,Recalculation with the same inputs reproduces the same value,NOT_EXECUTED,,
BFR-FP-005,P1,Passport shall calculate cashflow indicators.,Net cashflow shown for configurable historical periods.,Financial Passport,EPIC-FP,Financial Passport (`passport-svc`),05-fds/domain-07-financial-passport.md#bfr-fp-005,GET /api/v1/passport/metrics?group=CASHFLOW&period_months=6,"metric_type ∈ {NET_MONTHLY_CASHFLOW, POSITIVE_CASHFLOW_MONTH_RATIO, AVG_MONTHLY_EXPENDITURE, RECURRING_ESSENTIAL_EXPENDITURE} (URS §7)",US-FP-005,TC-FP-005-1,Positive functional,Net cashflow computed per complete month,NOT_EXECUTED,,
BFR-FP-005,P1,Passport shall calculate cashflow indicators.,Net cashflow shown for configurable historical periods.,Financial Passport,EPIC-FP,Financial Passport (`passport-svc`),05-fds/domain-07-financial-passport.md#bfr-fp-005,GET /api/v1/passport/metrics?group=CASHFLOW&period_months=6,"metric_type ∈ {NET_MONTHLY_CASHFLOW, POSITIVE_CASHFLOW_MONTH_RATIO, AVG_MONTHLY_EXPENDITURE, RECURRING_ESSENTIAL_EXPENDITURE} (URS §7)",US-FP-005,TC-FP-005-2,Positive functional,Period selector limited to covered periods,NOT_EXECUTED,,
BFR-FP-005,P1,Passport shall calculate cashflow indicators.,Net cashflow shown for configurable historical periods.,Financial Passport,EPIC-FP,Financial Passport (`passport-svc`),05-fds/domain-07-financial-passport.md#bfr-fp-005,GET /api/v1/passport/metrics?group=CASHFLOW&period_months=6,"metric_type ∈ {NET_MONTHLY_CASHFLOW, POSITIVE_CASHFLOW_MONTH_RATIO, AVG_MONTHLY_EXPENDITURE, RECURRING_ESSENTIAL_EXPENDITURE} (URS §7)",US-FP-005,TC-FP-005-3,Negative functional,Own-account transfers excluded from both sides,NOT_EXECUTED,,
BFR-FP-005,P1,Passport shall calculate cashflow indicators.,Net cashflow shown for configurable historical periods.,Financial Passport,EPIC-FP,Financial Passport (`passport-svc`),05-fds/domain-07-financial-passport.md#bfr-fp-005,GET /api/v1/passport/metrics?group=CASHFLOW&period_months=6,"metric_type ∈ {NET_MONTHLY_CASHFLOW, POSITIVE_CASHFLOW_MONTH_RATIO, AVG_MONTHLY_EXPENDITURE, RECURRING_ESSENTIAL_EXPENDITURE} (URS §7)",US-FP-005,TC-FP-005-4,Positive functional,Requested period beyond coverage labelled honestly,NOT_EXECUTED,,
BFR-FP-005,P1,Passport shall calculate cashflow indicators.,Net cashflow shown for configurable historical periods.,Financial Passport,EPIC-FP,Financial Passport (`passport-svc`),05-fds/domain-07-financial-passport.md#bfr-fp-005,GET /api/v1/passport/metrics?group=CASHFLOW&period_months=6,"metric_type ∈ {NET_MONTHLY_CASHFLOW, POSITIVE_CASHFLOW_MONTH_RATIO, AVG_MONTHLY_EXPENDITURE, RECURRING_ESSENTIAL_EXPENDITURE} (URS §7)",US-FP-005,TC-FP-005-5,Decimal and rounding,Aggregation exact in minor units,NOT_EXECUTED,,
BFR-FP-006,P1,Passport shall calculate savings indicators.,Savings frequency/rate calculated from qualifying sources.,Financial Passport,EPIC-FP,Financial Passport (`passport-svc`),05-fds/domain-07-financial-passport.md#bfr-fp-006,GET /api/v1/passport/metrics?group=SAVINGS,"metric_type ∈ {SAVINGS_RATE, SAVINGS_CONSISTENCY, EMERGENCY_RESERVE_ESTIMATE} (URS §7)",US-FP-006,TC-FP-006-1,Positive functional,Confirmed savings produce rate and consistency,NOT_EXECUTED,,
BFR-FP-006,P1,Passport shall calculate savings indicators.,Savings frequency/rate calculated from qualifying sources.,Financial Passport,EPIC-FP,Financial Passport (`passport-svc`),05-fds/domain-07-financial-passport.md#bfr-fp-006,GET /api/v1/passport/metrics?group=SAVINGS,"metric_type ∈ {SAVINGS_RATE, SAVINGS_CONSISTENCY, EMERGENCY_RESERVE_ESTIMATE} (URS §7)",US-FP-006,TC-FP-006-2,Negative functional,Pending or failed transfers excluded,NOT_EXECUTED,,
BFR-FP-006,P1,Passport shall calculate savings indicators.,Savings frequency/rate calculated from qualifying sources.,Financial Passport,EPIC-FP,Financial Passport (`passport-svc`),05-fds/domain-07-financial-passport.md#bfr-fp-006,GET /api/v1/passport/metrics?group=SAVINGS,"metric_type ∈ {SAVINGS_RATE, SAVINGS_CONSISTENCY, EMERGENCY_RESERVE_ESTIMATE} (URS §7)",US-FP-006,TC-FP-006-3,Negative functional,Circle contributions excluded without CG-008 consent,NOT_EXECUTED,,
BFR-FP-006,P1,Passport shall calculate savings indicators.,Savings frequency/rate calculated from qualifying sources.,Financial Passport,EPIC-FP,Financial Passport (`passport-svc`),05-fds/domain-07-financial-passport.md#bfr-fp-006,GET /api/v1/passport/metrics?group=SAVINGS,"metric_type ∈ {SAVINGS_RATE, SAVINGS_CONSISTENCY, EMERGENCY_RESERVE_ESTIMATE} (URS §7)",US-FP-006,TC-FP-006-4,Positive functional,Withdrawals reduce the reserve estimate,NOT_EXECUTED,,
BFR-FP-006,P1,Passport shall calculate savings indicators.,Savings frequency/rate calculated from qualifying sources.,Financial Passport,EPIC-FP,Financial Passport (`passport-svc`),05-fds/domain-07-financial-passport.md#bfr-fp-006,GET /api/v1/passport/metrics?group=SAVINGS,"metric_type ∈ {SAVINGS_RATE, SAVINGS_CONSISTENCY, EMERGENCY_RESERVE_ESTIMATE} (URS §7)",US-FP-006,TC-FP-006-5,Positive functional,"Zero savings reported honestly, not hidden",NOT_EXECUTED,,
BFR-FP-007,P1,Passport shall support business metrics.,Merchant turnover and transaction frequency available when applicable.,Financial Passport,EPIC-FP,Financial Passport (`passport-svc`),05-fds/domain-07-financial-passport.md#bfr-fp-007,GET /api/v1/passport/metrics?group=BUSINESS,"metric_type ∈ {VERIFIED_DIGITAL_TURNOVER, SELF_REPORTED_CASH_TURNOVER, TOTAL_ESTIMATED_TURNOVER, TRANSACTION_COUNT, AVG_TRANSACTION_SIZE, ACTIVE_TRADING_DAYS, SALES_GROWTH, SALES_VOLATILITY, CUSTOMER_CONCENTRATION, SUPPLIER_PAYMENT_REGULARITY, EXPENSE_LEVEL, NET_OPERATING_CASHFLOW, SEASONALITY, BUSI",US-FP-007,TC-FP-007-1,Positive functional,Verified and self-reported turnover shown separately,NOT_EXECUTED,,
BFR-FP-007,P1,Passport shall support business metrics.,Merchant turnover and transaction frequency available when applicable.,Financial Passport,EPIC-FP,Financial Passport (`passport-svc`),05-fds/domain-07-financial-passport.md#bfr-fp-007,GET /api/v1/passport/metrics?group=BUSINESS,"metric_type ∈ {VERIFIED_DIGITAL_TURNOVER, SELF_REPORTED_CASH_TURNOVER, TOTAL_ESTIMATED_TURNOVER, TRANSACTION_COUNT, AVG_TRANSACTION_SIZE, ACTIVE_TRADING_DAYS, SALES_GROWTH, SALES_VOLATILITY, CUSTOMER_CONCENTRATION, SUPPLIER_PAYMENT_REGULARITY, EXPENSE_LEVEL, NET_OPERATING_CASHFLOW, SEASONALITY, BUSI",US-FP-007,TC-FP-007-2,Negative functional,The two are never merged into one unlabelled figure,NOT_EXECUTED,,
BFR-FP-007,P1,Passport shall support business metrics.,Merchant turnover and transaction frequency available when applicable.,Financial Passport,EPIC-FP,Financial Passport (`passport-svc`),05-fds/domain-07-financial-passport.md#bfr-fp-007,GET /api/v1/passport/metrics?group=BUSINESS,"metric_type ∈ {VERIFIED_DIGITAL_TURNOVER, SELF_REPORTED_CASH_TURNOVER, TOTAL_ESTIMATED_TURNOVER, TRANSACTION_COUNT, AVG_TRANSACTION_SIZE, ACTIVE_TRADING_DAYS, SALES_GROWTH, SALES_VOLATILITY, CUSTOMER_CONCENTRATION, SUPPLIER_PAYMENT_REGULARITY, EXPENSE_LEVEL, NET_OPERATING_CASHFLOW, SEASONALITY, BUSI",US-FP-007,TC-FP-007-3,Positive functional,Combined total states the self-reported proportion,NOT_EXECUTED,,
BFR-FP-007,P1,Passport shall support business metrics.,Merchant turnover and transaction frequency available when applicable.,Financial Passport,EPIC-FP,Financial Passport (`passport-svc`),05-fds/domain-07-financial-passport.md#bfr-fp-007,GET /api/v1/passport/metrics?group=BUSINESS,"metric_type ∈ {VERIFIED_DIGITAL_TURNOVER, SELF_REPORTED_CASH_TURNOVER, TOTAL_ESTIMATED_TURNOVER, TRANSACTION_COUNT, AVG_TRANSACTION_SIZE, ACTIVE_TRADING_DAYS, SALES_GROWTH, SALES_VOLATILITY, CUSTOMER_CONCENTRATION, SUPPLIER_PAYMENT_REGULARITY, EXPENSE_LEVEL, NET_OPERATING_CASHFLOW, SEASONALITY, BUSI",US-FP-007,TC-FP-007-4,Negative functional,Concentration reported INSUFFICIENT_DATA when unmeasurable,NOT_EXECUTED,,
BFR-FP-007,P1,Passport shall support business metrics.,Merchant turnover and transaction frequency available when applicable.,Financial Passport,EPIC-FP,Financial Passport (`passport-svc`),05-fds/domain-07-financial-passport.md#bfr-fp-007,GET /api/v1/passport/metrics?group=BUSINESS,"metric_type ∈ {VERIFIED_DIGITAL_TURNOVER, SELF_REPORTED_CASH_TURNOVER, TOTAL_ESTIMATED_TURNOVER, TRANSACTION_COUNT, AVG_TRANSACTION_SIZE, ACTIVE_TRADING_DAYS, SALES_GROWTH, SALES_VOLATILITY, CUSTOMER_CONCENTRATION, SUPPLIER_PAYMENT_REGULARITY, EXPENSE_LEVEL, NET_OPERATING_CASHFLOW, SEASONALITY, BUSI",US-FP-007,TC-FP-007-5,Positive functional,Business metrics absent for non-merchants,NOT_EXECUTED,,
BFR-FP-008,P1,Every calculated metric shall be explainable.,User can view why metric was calculated and which data sources contributed.,Financial Passport,EPIC-FP,Financial Passport (`passport-svc`),05-fds/domain-07-financial-passport.md#bfr-fp-008,GET /api/v1/passport/metrics/{id}/explanation,"metric_reason_code, passport_metric_source",US-FP-008,TC-FP-008-1,Positive functional,Explanation returns all six required elements,NOT_EXECUTED,,
BFR-FP-008,P1,Every calculated metric shall be explainable.,User can view why metric was calculated and which data sources contributed.,Financial Passport,EPIC-FP,Financial Passport (`passport-svc`),05-fds/domain-07-financial-passport.md#bfr-fp-008,GET /api/v1/passport/metrics/{id}/explanation,"metric_reason_code, passport_metric_source",US-FP-008,TC-FP-008-2,Negative functional,Metric without reason codes is not published,NOT_EXECUTED,,
BFR-FP-008,P1,Every calculated metric shall be explainable.,User can view why metric was calculated and which data sources contributed.,Financial Passport,EPIC-FP,Financial Passport (`passport-svc`),05-fds/domain-07-financial-passport.md#bfr-fp-008,GET /api/v1/passport/metrics/{id}/explanation,"metric_reason_code, passport_metric_source",US-FP-008,TC-FP-008-3,Positive functional,"Explanation renders in rw, en and fr",NOT_EXECUTED,,
BFR-FP-008,P1,Every calculated metric shall be explainable.,User can view why metric was calculated and which data sources contributed.,Financial Passport,EPIC-FP,Financial Passport (`passport-svc`),05-fds/domain-07-financial-passport.md#bfr-fp-008,GET /api/v1/passport/metrics/{id}/explanation,"metric_reason_code, passport_metric_source",US-FP-008,TC-FP-008-4,Security,Explanation contains no generative free text,NOT_EXECUTED,,
BFR-FP-008,P1,Every calculated metric shall be explainable.,User can view why metric was calculated and which data sources contributed.,Financial Passport,EPIC-FP,Financial Passport (`passport-svc`),05-fds/domain-07-financial-passport.md#bfr-fp-008,GET /api/v1/passport/metrics/{id}/explanation,"metric_reason_code, passport_metric_source",US-FP-008,TC-FP-008-5,Positive functional,Explanation included in the export,NOT_EXECUTED,,
BFR-FP-008,P1,Every calculated metric shall be explainable.,User can view why metric was calculated and which data sources contributed.,Financial Passport,EPIC-FP,Financial Passport (`passport-svc`),05-fds/domain-07-financial-passport.md#bfr-fp-008,GET /api/v1/passport/metrics/{id}/explanation,"metric_reason_code, passport_metric_source",US-FP-008,TC-FP-008-6,Audit verification,Recipient access to an explanation is logged,NOT_EXECUTED,,
BFR-FP-009,P1,Passport calculations shall be versioned.,Metric displays/references algorithm version and calculation timestamp.,Financial Passport,EPIC-FP,Financial Passport (`passport-svc`),05-fds/domain-07-financial-passport.md#bfr-fp-009,GET /api/v1/passport/metrics/{id}/versions; GET /api/v1/passport?as_of=,"passport_metric(algorithm_version_id, calculated_at, status); algorithm_version register",US-FP-009,TC-FP-009-1,Positive functional,Every metric carries version and timestamp,NOT_EXECUTED,,
BFR-FP-009,P1,Passport calculations shall be versioned.,Metric displays/references algorithm version and calculation timestamp.,Financial Passport,EPIC-FP,Financial Passport (`passport-svc`),05-fds/domain-07-financial-passport.md#bfr-fp-009,GET /api/v1/passport/metrics/{id}/versions; GET /api/v1/passport?as_of=,"passport_metric(algorithm_version_id, calculated_at, status); algorithm_version register",US-FP-009,TC-FP-009-2,Positive functional,"Recalculation creates a new row, retains the old",NOT_EXECUTED,,
BFR-FP-009,P1,Passport calculations shall be versioned.,Metric displays/references algorithm version and calculation timestamp.,Financial Passport,EPIC-FP,Financial Passport (`passport-svc`),05-fds/domain-07-financial-passport.md#bfr-fp-009,GET /api/v1/passport/metrics/{id}/versions; GET /api/v1/passport?as_of=,"passport_metric(algorithm_version_id, calculated_at, status); algorithm_version register",US-FP-009,TC-FP-009-3,Security,Metric rows cannot be updated,NOT_EXECUTED,,
BFR-FP-009,P1,Passport calculations shall be versioned.,Metric displays/references algorithm version and calculation timestamp.,Financial Passport,EPIC-FP,Financial Passport (`passport-svc`),05-fds/domain-07-financial-passport.md#bfr-fp-009,GET /api/v1/passport/metrics/{id}/versions; GET /api/v1/passport?as_of=,"passport_metric(algorithm_version_id, calculated_at, status); algorithm_version register",US-FP-009,TC-FP-009-4,Positive functional,Historical Passport reconstructable as-of a date,NOT_EXECUTED,,
BFR-FP-009,P1,Passport calculations shall be versioned.,Metric displays/references algorithm version and calculation timestamp.,Financial Passport,EPIC-FP,Financial Passport (`passport-svc`),05-fds/domain-07-financial-passport.md#bfr-fp-009,GET /api/v1/passport/metrics/{id}/versions; GET /api/v1/passport?as_of=,"passport_metric(algorithm_version_id, calculated_at, status); algorithm_version register",US-FP-009,TC-FP-009-5,Permissions,Methodology deployment requires approval,NOT_EXECUTED,,
BFR-FP-010,P1,Passport shall clearly state it is not itself a financing guarantee.,Disclaimer appears in digital and exportable versions.,Financial Passport,EPIC-FP,Financial Passport (`passport-svc`),05-fds/domain-07-financial-passport.md#bfr-fp-010,"(no new endpoint) every Passport response includes disclaimer {text_key, version}.",disclaimer text and version in config_version.,US-FP-010,TC-FP-010-1,Positive functional,"Disclaimer present in app, API, recipient view and export",NOT_EXECUTED,,
BFR-FP-010,P1,Passport shall clearly state it is not itself a financing guarantee.,Disclaimer appears in digital and exportable versions.,Financial Passport,EPIC-FP,Financial Passport (`passport-svc`),05-fds/domain-07-financial-passport.md#bfr-fp-010,"(no new endpoint) every Passport response includes disclaimer {text_key, version}.",disclaimer text and version in config_version.,US-FP-010,TC-FP-010-2,Negative functional,Passport cannot render without the disclaimer,NOT_EXECUTED,,
BFR-FP-010,P1,Passport shall clearly state it is not itself a financing guarantee.,Disclaimer appears in digital and exportable versions.,Financial Passport,EPIC-FP,Financial Passport (`passport-svc`),05-fds/domain-07-financial-passport.md#bfr-fp-010,"(no new endpoint) every Passport response includes disclaimer {text_key, version}.",disclaimer text and version in config_version.,US-FP-010,TC-FP-010-3,Positive functional,Disclaimer available in all supported languages,NOT_EXECUTED,,
BFR-FP-010,P1,Passport shall clearly state it is not itself a financing guarantee.,Disclaimer appears in digital and exportable versions.,Financial Passport,EPIC-FP,Financial Passport (`passport-svc`),05-fds/domain-07-financial-passport.md#bfr-fp-010,"(no new endpoint) every Passport response includes disclaimer {text_key, version}.",disclaimer text and version in config_version.,US-FP-010,TC-FP-010-4,Positive functional,Disclaimer appears on every page of a multi-page export,NOT_EXECUTED,,
BFR-FP-010,P1,Passport shall clearly state it is not itself a financing guarantee.,Disclaimer appears in digital and exportable versions.,Financial Passport,EPIC-FP,Financial Passport (`passport-svc`),05-fds/domain-07-financial-passport.md#bfr-fp-010,"(no new endpoint) every Passport response includes disclaimer {text_key, version}.",disclaimer text and version in config_version.,US-FP-010,TC-FP-010-5,Audit verification,Disclaimer version change audited,NOT_EXECUTED,,
BFR-FPS-001,P1,Customers shall choose organisations with which to share Passport data.,No organisation can browse Passport without authorised pathway.,Passport sharing,EPIC-FPS,Financial Passport (`passport-svc`),05-fds/domain-08-passport-sharing.md#bfr-fps-001,GET /api/v1/passport/share-recipients; POST /api/v1/passport/shares; GET /api/partner/v1/passport-shares,"passport_share, consent",US-FPS-001,TC-FPS-001-1,Positive functional,Share created for a chosen recipient,NOT_EXECUTED,,
BFR-FPS-001,P1,Customers shall choose organisations with which to share Passport data.,No organisation can browse Passport without authorised pathway.,Passport sharing,EPIC-FPS,Financial Passport (`passport-svc`),05-fds/domain-08-passport-sharing.md#bfr-fps-001,GET /api/v1/passport/share-recipients; POST /api/v1/passport/shares; GET /api/partner/v1/passport-shares,"passport_share, consent",US-FPS-001,TC-FPS-001-2,Security,No browse or search endpoint exists for partners,NOT_EXECUTED,,
BFR-FPS-001,P1,Customers shall choose organisations with which to share Passport data.,No organisation can browse Passport without authorised pathway.,Passport sharing,EPIC-FPS,Financial Passport (`passport-svc`),05-fds/domain-08-passport-sharing.md#bfr-fps-001,GET /api/v1/passport/share-recipients; POST /api/v1/passport/shares; GET /api/partner/v1/passport-shares,"passport_share, consent",US-FPS-001,TC-FPS-001-3,Security,Access without a share returns 404 and raises a security event,NOT_EXECUTED,,
BFR-FPS-001,P1,Customers shall choose organisations with which to share Passport data.,No organisation can browse Passport without authorised pathway.,Passport sharing,EPIC-FPS,Financial Passport (`passport-svc`),05-fds/domain-08-passport-sharing.md#bfr-fps-001,GET /api/v1/passport/share-recipients; POST /api/v1/passport/shares; GET /api/partner/v1/passport-shares,"passport_share, consent",US-FPS-001,TC-FPS-001-4,Negative functional,Partner without the capability cannot be selected,NOT_EXECUTED,,
BFR-FPS-001,P1,Customers shall choose organisations with which to share Passport data.,No organisation can browse Passport without authorised pathway.,Passport sharing,EPIC-FPS,Financial Passport (`passport-svc`),05-fds/domain-08-passport-sharing.md#bfr-fps-001,GET /api/v1/passport/share-recipients; POST /api/v1/passport/shares; GET /api/partner/v1/passport-shares,"passport_share, consent",US-FPS-001,TC-FPS-001-5,Integration,Suspended partner cannot read existing shares,NOT_EXECUTED,,
BFR-FPS-002,P1,Customers shall choose data categories shared.,User can include/exclude supported Passport sections.,Passport sharing,EPIC-FPS,Financial Passport (`passport-svc`),05-fds/domain-08-passport-sharing.md#bfr-fps-002,POST /api/v1/passport/shares; GET /api/v1/passport/shares/{id}/preview,"share_scope(section, included)",US-FPS-002,TC-FPS-002-1,Positive functional,Only included sections are returned,NOT_EXECUTED,,
BFR-FPS-002,P1,Customers shall choose data categories shared.,User can include/exclude supported Passport sections.,Passport sharing,EPIC-FPS,Financial Passport (`passport-svc`),05-fds/domain-08-passport-sharing.md#bfr-fps-002,POST /api/v1/passport/shares; GET /api/v1/passport/shares/{id}/preview,"share_scope(section, included)",US-FPS-002,TC-FPS-002-2,Security,Excluded sections absent from the payload entirely,NOT_EXECUTED,,
BFR-FPS-002,P1,Customers shall choose data categories shared.,User can include/exclude supported Passport sections.,Passport sharing,EPIC-FPS,Financial Passport (`passport-svc`),05-fds/domain-08-passport-sharing.md#bfr-fps-002,POST /api/v1/passport/shares; GET /api/v1/passport/shares/{id}/preview,"share_scope(section, included)",US-FPS-002,TC-FPS-002-3,Positive functional,Preview matches the recipient view exactly,NOT_EXECUTED,,
BFR-FPS-002,P1,Customers shall choose data categories shared.,User can include/exclude supported Passport sections.,Passport sharing,EPIC-FPS,Financial Passport (`passport-svc`),05-fds/domain-08-passport-sharing.md#bfr-fps-002,POST /api/v1/passport/shares; GET /api/v1/passport/shares/{id}/preview,"share_scope(section, included)",US-FPS-002,TC-FPS-002-4,Negative functional,Empty scope rejected,NOT_EXECUTED,,
BFR-FPS-002,P1,Customers shall choose data categories shared.,User can include/exclude supported Passport sections.,Passport sharing,EPIC-FPS,Financial Passport (`passport-svc`),05-fds/domain-08-passport-sharing.md#bfr-fps-002,POST /api/v1/passport/shares; GET /api/v1/passport/shares/{id}/preview,"share_scope(section, included)",US-FPS-002,TC-FPS-002-5,Audit verification,Out-of-scope request logged as DENIED_SCOPE,NOT_EXECUTED,,
BFR-FPS-003,P1,Sharing may be time-limited.,Access automatically expires at specified timestamp.,Passport sharing,EPIC-FPS,Financial Passport (`passport-svc`),05-fds/domain-08-passport-sharing.md#bfr-fps-003,POST /api/v1/passport/shares,"passport_share.expires_at, .status",US-FPS-003,TC-FPS-003-1,Positive functional,Share readable before expiry,NOT_EXECUTED,,
BFR-FPS-003,P1,Sharing may be time-limited.,Access automatically expires at specified timestamp.,Passport sharing,EPIC-FPS,Financial Passport (`passport-svc`),05-fds/domain-08-passport-sharing.md#bfr-fps-003,POST /api/v1/passport/shares,"passport_share.expires_at, .status",US-FPS-003,TC-FPS-003-2,Negative functional,Read after expiry refused at request time,NOT_EXECUTED,,
BFR-FPS-003,P1,Sharing may be time-limited.,Access automatically expires at specified timestamp.,Passport sharing,EPIC-FPS,Financial Passport (`passport-svc`),05-fds/domain-08-passport-sharing.md#bfr-fps-003,POST /api/v1/passport/shares,"passport_share.expires_at, .status",US-FPS-003,TC-FPS-003-3,Negative functional,Duration beyond configured maximum refused,NOT_EXECUTED,,
BFR-FPS-003,P1,Sharing may be time-limited.,Access automatically expires at specified timestamp.,Passport sharing,EPIC-FPS,Financial Passport (`passport-svc`),05-fds/domain-08-passport-sharing.md#bfr-fps-003,POST /api/v1/passport/shares,"passport_share.expires_at, .status",US-FPS-003,TC-FPS-003-4,Negative functional,Expiry cannot be extended in place,NOT_EXECUTED,,
BFR-FPS-003,P1,Sharing may be time-limited.,Access automatically expires at specified timestamp.,Passport sharing,EPIC-FPS,Financial Passport (`passport-svc`),05-fds/domain-08-passport-sharing.md#bfr-fps-003,POST /api/v1/passport/shares,"passport_share.expires_at, .status",US-FPS-003,TC-FPS-003-5,Audit verification,Expired access attempt logged,NOT_EXECUTED,,
BFR-FPS-004,P1,One-time sharing shall be supported.,Recipient cannot reuse expired one-time authorisation.,Passport sharing,EPIC-FPS,Financial Passport (`passport-svc`),05-fds/domain-08-passport-sharing.md#bfr-fps-004,POST /api/v1/passport/shares,"passport_share.max_access_count, .access_count, .status = EXHAUSTED",US-FPS-004,TC-FPS-004-1,Positive functional,First read succeeds,NOT_EXECUTED,,
BFR-FPS-004,P1,One-time sharing shall be supported.,Recipient cannot reuse expired one-time authorisation.,Passport sharing,EPIC-FPS,Financial Passport (`passport-svc`),05-fds/domain-08-passport-sharing.md#bfr-fps-004,POST /api/v1/passport/shares,"passport_share.max_access_count, .access_count, .status = EXHAUSTED",US-FPS-004,TC-FPS-004-2,Negative functional,Second read refused,NOT_EXECUTED,,
BFR-FPS-004,P1,One-time sharing shall be supported.,Recipient cannot reuse expired one-time authorisation.,Passport sharing,EPIC-FPS,Financial Passport (`passport-svc`),05-fds/domain-08-passport-sharing.md#bfr-fps-004,POST /api/v1/passport/shares,"passport_share.max_access_count, .access_count, .status = EXHAUSTED",US-FPS-004,TC-FPS-004-3,Concurrency,Concurrent reads: exactly one succeeds,NOT_EXECUTED,,
BFR-FPS-004,P1,One-time sharing shall be supported.,Recipient cannot reuse expired one-time authorisation.,Passport sharing,EPIC-FPS,Financial Passport (`passport-svc`),05-fds/domain-08-passport-sharing.md#bfr-fps-004,POST /api/v1/passport/shares,"passport_share.max_access_count, .access_count, .status = EXHAUSTED",US-FPS-004,TC-FPS-004-4,Negative functional,Denied read does not consume the single use,NOT_EXECUTED,,
BFR-FPS-004,P1,One-time sharing shall be supported.,Recipient cannot reuse expired one-time authorisation.,Passport sharing,EPIC-FPS,Financial Passport (`passport-svc`),05-fds/domain-08-passport-sharing.md#bfr-fps-004,POST /api/v1/passport/shares,"passport_share.max_access_count, .access_count, .status = EXHAUSTED",US-FPS-004,TC-FPS-004-5,Audit verification,All attempts logged with result,NOT_EXECUTED,,
BFR-FPS-005,P1,Sharing shall generate unique authorisation.,"Each share has unique ID, scope, recipient and expiry.",Passport sharing,EPIC-FPS,Financial Passport (`passport-svc`),05-fds/domain-08-passport-sharing.md#bfr-fps-005,POST /api/v1/passport/shares,passport_share.share_token_hash,US-FPS-005,TC-FPS-005-1,Positive functional,Unique authorisation created with all four attributes,NOT_EXECUTED,,
BFR-FPS-005,P1,Sharing shall generate unique authorisation.,"Each share has unique ID, scope, recipient and expiry.",Passport sharing,EPIC-FPS,Financial Passport (`passport-svc`),05-fds/domain-08-passport-sharing.md#bfr-fps-005,POST /api/v1/passport/shares,passport_share.share_token_hash,US-FPS-005,TC-FPS-005-2,Security,Token stored hashed only,NOT_EXECUTED,,
BFR-FPS-005,P1,Sharing shall generate unique authorisation.,"Each share has unique ID, scope, recipient and expiry.",Passport sharing,EPIC-FPS,Financial Passport (`passport-svc`),05-fds/domain-08-passport-sharing.md#bfr-fps-005,POST /api/v1/passport/shares,passport_share.share_token_hash,US-FPS-005,TC-FPS-005-3,Security,"Wrong partner with a valid token refused, security event raised",NOT_EXECUTED,,
BFR-FPS-005,P1,Sharing shall generate unique authorisation.,"Each share has unique ID, scope, recipient and expiry.",Passport sharing,EPIC-FPS,Financial Passport (`passport-svc`),05-fds/domain-08-passport-sharing.md#bfr-fps-005,POST /api/v1/passport/shares,passport_share.share_token_hash,US-FPS-005,TC-FPS-005-4,Security,Share ids not enumerable,NOT_EXECUTED,,
BFR-FPS-005,P1,Sharing shall generate unique authorisation.,"Each share has unique ID, scope, recipient and expiry.",Passport sharing,EPIC-FPS,Financial Passport (`passport-svc`),05-fds/domain-08-passport-sharing.md#bfr-fps-005,POST /api/v1/passport/shares,passport_share.share_token_hash,US-FPS-005,TC-FPS-005-5,Positive functional,Two recipients receive independent shares,NOT_EXECUTED,,
BFR-FPS-006,P1,Customers shall see who accessed shared data.,Access event appears in customer data-access history.,Passport sharing,EPIC-FPS,Financial Passport (`passport-svc`),05-fds/domain-08-passport-sharing.md#bfr-fps-006,GET /api/v1/privacy/passport-access?from=&to=,share_access_log (append-only),US-FPS-006,TC-FPS-006-1,Positive functional,Successful access appears in history,NOT_EXECUTED,,
BFR-FPS-006,P1,Customers shall see who accessed shared data.,Access event appears in customer data-access history.,Passport sharing,EPIC-FPS,Financial Passport (`passport-svc`),05-fds/domain-08-passport-sharing.md#bfr-fps-006,GET /api/v1/privacy/passport-access?from=&to=,share_access_log (append-only),US-FPS-006,TC-FPS-006-2,Positive functional,Denied attempts also appear,NOT_EXECUTED,,
BFR-FPS-006,P1,Customers shall see who accessed shared data.,Access event appears in customer data-access history.,Passport sharing,EPIC-FPS,Financial Passport (`passport-svc`),05-fds/domain-08-passport-sharing.md#bfr-fps-006,GET /api/v1/privacy/passport-access?from=&to=,share_access_log (append-only),US-FPS-006,TC-FPS-006-3,Error handling,Log write failure prevents disclosure,NOT_EXECUTED,,
BFR-FPS-006,P1,Customers shall see who accessed shared data.,Access event appears in customer data-access history.,Passport sharing,EPIC-FPS,Financial Passport (`passport-svc`),05-fds/domain-08-passport-sharing.md#bfr-fps-006,GET /api/v1/privacy/passport-access?from=&to=,share_access_log (append-only),US-FPS-006,TC-FPS-006-4,Security,Log append-only,NOT_EXECUTED,,
BFR-FPS-006,P1,Customers shall see who accessed shared data.,Access event appears in customer data-access history.,Passport sharing,EPIC-FPS,Financial Passport (`passport-svc`),05-fds/domain-08-passport-sharing.md#bfr-fps-006,GET /api/v1/privacy/passport-access?from=&to=,share_access_log (append-only),US-FPS-006,TC-FPS-006-5,Integration,Mass access raises a security alert,NOT_EXECUTED,,
BFR-FPS-007,P1,Customers shall revoke active shares where permitted.,Future recipient access is prevented after revocation.,Passport sharing,EPIC-FPS,Financial Passport (`passport-svc`),05-fds/domain-08-passport-sharing.md#bfr-fps-007,POST /api/v1/passport/shares/{id}/revoke,"passport_share.revoked_at, .status",US-FPS-007,TC-FPS-007-1,Positive functional,Revocation prevents the next read,NOT_EXECUTED,,
BFR-FPS-007,P1,Customers shall revoke active shares where permitted.,Future recipient access is prevented after revocation.,Passport sharing,EPIC-FPS,Financial Passport (`passport-svc`),05-fds/domain-08-passport-sharing.md#bfr-fps-007,POST /api/v1/passport/shares/{id}/revoke,"passport_share.revoked_at, .status",US-FPS-007,TC-FPS-007-2,Positive functional,Consent revocation cascades to shares,NOT_EXECUTED,,
BFR-FPS-007,P1,Customers shall revoke active shares where permitted.,Future recipient access is prevented after revocation.,Passport sharing,EPIC-FPS,Financial Passport (`passport-svc`),05-fds/domain-08-passport-sharing.md#bfr-fps-007,POST /api/v1/passport/shares/{id}/revoke,"passport_share.revoked_at, .status",US-FPS-007,TC-FPS-007-3,Idempotency,Repeat revocation idempotent,NOT_EXECUTED,,
BFR-FPS-007,P1,Customers shall revoke active shares where permitted.,Future recipient access is prevented after revocation.,Passport sharing,EPIC-FPS,Financial Passport (`passport-svc`),05-fds/domain-08-passport-sharing.md#bfr-fps-007,POST /api/v1/passport/shares/{id}/revoke,"passport_share.revoked_at, .status",US-FPS-007,TC-FPS-007-4,Audit verification,Denied read logged as DENIED_REVOKED,NOT_EXECUTED,,
BFR-FPS-007,P1,Customers shall revoke active shares where permitted.,Future recipient access is prevented after revocation.,Passport sharing,EPIC-FPS,Financial Passport (`passport-svc`),05-fds/domain-08-passport-sharing.md#bfr-fps-007,POST /api/v1/passport/shares/{id}/revoke,"passport_share.revoked_at, .status",US-FPS-007,TC-FPS-007-5,Positive functional,"Revocation permitted mid-application, with the consequence explained",NOT_EXECUTED,,
BFR-FPS-008,P1,Shared data shall carry calculation timestamp.,Recipient sees currency and freshness date of metrics.,Passport sharing,EPIC-FPS,Financial Passport (`passport-svc`),05-fds/domain-08-passport-sharing.md#bfr-fps-008,"(no new endpoint) recipient responses include calculated_at, calculation_period, algorithm_version, data_as_of.","passport_metric.calculated_at, period columns",US-FPS-008,TC-FPS-008-1,Positive functional,Every recipient metric carries timestamp and period,NOT_EXECUTED,,
BFR-FPS-008,P1,Shared data shall carry calculation timestamp.,Recipient sees currency and freshness date of metrics.,Passport sharing,EPIC-FPS,Financial Passport (`passport-svc`),05-fds/domain-08-passport-sharing.md#bfr-fps-008,"(no new endpoint) recipient responses include calculated_at, calculation_period, algorithm_version, data_as_of.","passport_metric.calculated_at, period columns",US-FPS-008,TC-FPS-008-2,Negative functional,Metric without a timestamp is not returned,NOT_EXECUTED,,
BFR-FPS-008,P1,Shared data shall carry calculation timestamp.,Recipient sees currency and freshness date of metrics.,Passport sharing,EPIC-FPS,Financial Passport (`passport-svc`),05-fds/domain-08-passport-sharing.md#bfr-fps-008,"(no new endpoint) recipient responses include calculated_at, calculation_period, algorithm_version, data_as_of.","passport_metric.calculated_at, period columns",US-FPS-008,TC-FPS-008-3,Positive functional,Calculation time and data coverage shown separately,NOT_EXECUTED,,
BFR-FPS-008,P1,Shared data shall carry calculation timestamp.,Recipient sees currency and freshness date of metrics.,Passport sharing,EPIC-FPS,Financial Passport (`passport-svc`),05-fds/domain-08-passport-sharing.md#bfr-fps-008,"(no new endpoint) recipient responses include calculated_at, calculation_period, algorithm_version, data_as_of.","passport_metric.calculated_at, period columns",US-FPS-008,TC-FPS-008-4,Positive functional,Shared figure retains its original version reference,NOT_EXECUTED,,
BFR-FPS-009,P2,Passport export shall be supported.,User can generate controlled PDF or digital report.,Passport sharing,EPIC-FPS,Financial Passport (`passport-svc`),05-fds/domain-08-passport-sharing.md#bfr-fps-009,POST /api/v1/passport/exports; GET /api/v1/passport/exports/{id},"passport_export(sections, format, generated_at, expires_at, download_count)",US-FPS-009,TC-FPS-009-1,Positive functional,"Export contains metrics, sources, explanations, timestamps",NOT_EXECUTED,,
BFR-FPS-009,P2,Passport export shall be supported.,User can generate controlled PDF or digital report.,Passport sharing,EPIC-FPS,Financial Passport (`passport-svc`),05-fds/domain-08-passport-sharing.md#bfr-fps-009,POST /api/v1/passport/exports; GET /api/v1/passport/exports/{id},"passport_export(sections, format, generated_at, expires_at, download_count)",US-FPS-009,TC-FPS-009-2,Positive functional,Disclaimer on every page,NOT_EXECUTED,,
BFR-FPS-009,P2,Passport export shall be supported.,User can generate controlled PDF or digital report.,Passport sharing,EPIC-FPS,Financial Passport (`passport-svc`),05-fds/domain-08-passport-sharing.md#bfr-fps-009,POST /api/v1/passport/exports; GET /api/v1/passport/exports/{id},"passport_export(sections, format, generated_at, expires_at, download_count)",US-FPS-009,TC-FPS-009-3,Security,Download link short-lived and authenticated,NOT_EXECUTED,,
BFR-FPS-009,P2,Passport export shall be supported.,User can generate controlled PDF or digital report.,Passport sharing,EPIC-FPS,Financial Passport (`passport-svc`),05-fds/domain-08-passport-sharing.md#bfr-fps-009,POST /api/v1/passport/exports; GET /api/v1/passport/exports/{id},"passport_export(sections, format, generated_at, expires_at, download_count)",US-FPS-009,TC-FPS-009-4,Audit verification,Export appears in data-access history,NOT_EXECUTED,,
BFR-FPS-009,P2,Passport export shall be supported.,User can generate controlled PDF or digital report.,Passport sharing,EPIC-FPS,Financial Passport (`passport-svc`),05-fds/domain-08-passport-sharing.md#bfr-fps-009,POST /api/v1/passport/exports; GET /api/v1/passport/exports/{id},"passport_export(sections, format, generated_at, expires_at, download_count)",US-FPS-009,TC-FPS-009-5,Integration,Unusual export volume alerts,NOT_EXECUTED,,
BFR-FPS-010,P1,Expired data shall not be represented as current.,Stale/expired indicators are visually labelled.,Passport sharing,EPIC-FPS,Financial Passport (`passport-svc`),05-fds/domain-08-passport-sharing.md#bfr-fps-010,"(no new endpoint) metrics carry status ∈ {CURRENT, SUPERSEDED, STALE, INSUFFICIENT_DATA} and data_as_of.","passport_metric.status, freshness thresholds in configuration",US-FPS-010,TC-FPS-010-1,Positive functional,"Stale metric labelled in customer, recipient and export views",NOT_EXECUTED,,
BFR-FPS-010,P1,Expired data shall not be represented as current.,Stale/expired indicators are visually labelled.,Passport sharing,EPIC-FPS,Financial Passport (`passport-svc`),05-fds/domain-08-passport-sharing.md#bfr-fps-010,"(no new endpoint) metrics carry status ∈ {CURRENT, SUPERSEDED, STALE, INSUFFICIENT_DATA} and data_as_of.","passport_metric.status, freshness thresholds in configuration",US-FPS-010,TC-FPS-010-2,Positive functional,"Label uses icon and text, not colour alone",NOT_EXECUTED,,
BFR-FPS-010,P1,Expired data shall not be represented as current.,Stale/expired indicators are visually labelled.,Passport sharing,EPIC-FPS,Financial Passport (`passport-svc`),05-fds/domain-08-passport-sharing.md#bfr-fps-010,"(no new endpoint) metrics carry status ∈ {CURRENT, SUPERSEDED, STALE, INSUFFICIENT_DATA} and data_as_of.","passport_metric.status, freshness thresholds in configuration",US-FPS-010,TC-FPS-010-3,Positive functional,Disconnected source makes dependent metrics stale,NOT_EXECUTED,,
BFR-FPS-010,P1,Expired data shall not be represented as current.,Stale/expired indicators are visually labelled.,Passport sharing,EPIC-FPS,Financial Passport (`passport-svc`),05-fds/domain-08-passport-sharing.md#bfr-fps-010,"(no new endpoint) metrics carry status ∈ {CURRENT, SUPERSEDED, STALE, INSUFFICIENT_DATA} and data_as_of.","passport_metric.status, freshness thresholds in configuration",US-FPS-010,TC-FPS-010-4,Negative functional,"Beyond-threshold metric withheld, not shown as current",NOT_EXECUTED,,
BFR-FPS-010,P1,Expired data shall not be represented as current.,Stale/expired indicators are visually labelled.,Passport sharing,EPIC-FPS,Financial Passport (`passport-svc`),05-fds/domain-08-passport-sharing.md#bfr-fps-010,"(no new endpoint) metrics carry status ∈ {CURRENT, SUPERSEDED, STALE, INSUFFICIENT_DATA} and data_as_of.","passport_metric.status, freshness thresholds in configuration",US-FPS-010,TC-FPS-010-5,Positive functional,Freshness window configurable,NOT_EXECUTED,,
BFR-FH-001,P2,Platform shall calculate optional financial-health indicators.,Eligible customer sees calculated dimensions.,Financial health,EPIC-FH,Insight (`insight-svc`),05-fds/domain-09-financial-health.md#bfr-fh-001,POST /api/v1/financial-health/opt-in; GET /api/v1/financial-health,"health_assessment, health_dimension",US-FH-001,TC-FH-001-1,Positive functional,Opt-in produces dimensions,NOT_EXECUTED,,
BFR-FH-001,P2,Platform shall calculate optional financial-health indicators.,Eligible customer sees calculated dimensions.,Financial health,EPIC-FH,Insight (`insight-svc`),05-fds/domain-09-financial-health.md#bfr-fh-001,POST /api/v1/financial-health/opt-in; GET /api/v1/financial-health,"health_assessment, health_dimension",US-FH-001,TC-FH-001-2,Negative functional,No calculation occurs without opt-in,NOT_EXECUTED,,
BFR-FH-001,P2,Platform shall calculate optional financial-health indicators.,Eligible customer sees calculated dimensions.,Financial health,EPIC-FH,Insight (`insight-svc`),05-fds/domain-09-financial-health.md#bfr-fh-001,POST /api/v1/financial-health/opt-in; GET /api/v1/financial-health,"health_assessment, health_dimension",US-FH-001,TC-FH-001-3,Negative functional,Insufficient data reported honestly,NOT_EXECUTED,,
BFR-FH-001,P2,Platform shall calculate optional financial-health indicators.,Eligible customer sees calculated dimensions.,Financial health,EPIC-FH,Insight (`insight-svc`),05-fds/domain-09-financial-health.md#bfr-fh-001,POST /api/v1/financial-health/opt-in; GET /api/v1/financial-health,"health_assessment, health_dimension",US-FH-001,TC-FH-001-4,Positive functional,Opt-out stops future calculation,NOT_EXECUTED,,
BFR-FH-001,P2,Platform shall calculate optional financial-health indicators.,Eligible customer sees calculated dimensions.,Financial health,EPIC-FH,Insight (`insight-svc`),05-fds/domain-09-financial-health.md#bfr-fh-001,POST /api/v1/financial-health/opt-in; GET /api/v1/financial-health,"health_assessment, health_dimension",US-FH-001,TC-FH-001-5,Permissions,Health data not shared without explicit share scope,NOT_EXECUTED,,
BFR-FH-002,P1,Financial-health calculations shall be explainable.,Each score/dimension provides reason factors.,Financial health,EPIC-FH,Insight (`insight-svc`),05-fds/domain-09-financial-health.md#bfr-fh-002,GET /api/v1/financial-health/dimensions/{id}/explanation,"health_reason_code, health_dimension.algorithm_version_id",US-FH-002,TC-FH-002-1,Positive functional,Every dimension carries reason factors,NOT_EXECUTED,,
BFR-FH-002,P1,Financial-health calculations shall be explainable.,Each score/dimension provides reason factors.,Financial health,EPIC-FH,Insight (`insight-svc`),05-fds/domain-09-financial-health.md#bfr-fh-002,GET /api/v1/financial-health/dimensions/{id}/explanation,"health_reason_code, health_dimension.algorithm_version_id",US-FH-002,TC-FH-002-2,Negative functional,Dimension without reason codes not published,NOT_EXECUTED,,
BFR-FH-002,P1,Financial-health calculations shall be explainable.,Each score/dimension provides reason factors.,Financial health,EPIC-FH,Insight (`insight-svc`),05-fds/domain-09-financial-health.md#bfr-fh-002,GET /api/v1/financial-health/dimensions/{id}/explanation,"health_reason_code, health_dimension.algorithm_version_id",US-FH-002,TC-FH-002-3,Positive functional,Explanation renders in all languages,NOT_EXECUTED,,
BFR-FH-002,P1,Financial-health calculations shall be explainable.,Each score/dimension provides reason factors.,Financial health,EPIC-FH,Insight (`insight-svc`),05-fds/domain-09-financial-health.md#bfr-fh-002,GET /api/v1/financial-health/dimensions/{id}/explanation,"health_reason_code, health_dimension.algorithm_version_id",US-FH-002,TC-FH-002-4,Positive functional,Drill-through to underlying transactions works,NOT_EXECUTED,,
BFR-FH-003,P2,Income stability shall be measurable.,"Calculation uses documented, versioned methodology.",Financial health,EPIC-FH,Insight (`insight-svc`),05-fds/domain-09-financial-health.md#bfr-fh-003,GET /api/v1/financial-health?dimension=INCOME_STABILITY,"health_dimension(dimension = INCOME_STABILITY, band, value, algorithm_version_id)",US-FH-003,TC-FH-003-1,Positive functional,Stability computed from the Passport income series,NOT_EXECUTED,,
BFR-FH-003,P2,Income stability shall be measurable.,"Calculation uses documented, versioned methodology.",Financial health,EPIC-FH,Insight (`insight-svc`),05-fds/domain-09-financial-health.md#bfr-fh-003,GET /api/v1/financial-health?dimension=INCOME_STABILITY,"health_dimension(dimension = INCOME_STABILITY, band, value, algorithm_version_id)",US-FH-003,TC-FH-003-2,Positive functional,Band derives from configured thresholds,NOT_EXECUTED,,
BFR-FH-003,P2,Income stability shall be measurable.,"Calculation uses documented, versioned methodology.",Financial health,EPIC-FH,Insight (`insight-svc`),05-fds/domain-09-financial-health.md#bfr-fh-003,GET /api/v1/financial-health?dimension=INCOME_STABILITY,"health_dimension(dimension = INCOME_STABILITY, band, value, algorithm_version_id)",US-FH-003,TC-FH-003-3,Negative functional,Insufficient months yields INSUFFICIENT_DATA,NOT_EXECUTED,,
BFR-FH-003,P2,Income stability shall be measurable.,"Calculation uses documented, versioned methodology.",Financial health,EPIC-FH,Insight (`insight-svc`),05-fds/domain-09-financial-health.md#bfr-fh-003,GET /api/v1/financial-health?dimension=INCOME_STABILITY,"health_dimension(dimension = INCOME_STABILITY, band, value, algorithm_version_id)",US-FH-003,TC-FH-003-4,Positive functional,Same income definition as the Passport,NOT_EXECUTED,,
BFR-FH-004,P2,Savings resilience shall be measurable.,Emergency reserve or savings consistency can be calculated.,Financial health,EPIC-FH,Insight (`insight-svc`),05-fds/domain-09-financial-health.md#bfr-fh-004,GET /api/v1/financial-health?dimension=SAVINGS_RESILIENCE,"health_dimension(dimension = SAVINGS_RESILIENCE, ...)",US-FH-004,TC-FH-004-1,Positive functional,Resilience computed from confirmed savings,NOT_EXECUTED,,
BFR-FH-004,P2,Savings resilience shall be measurable.,Emergency reserve or savings consistency can be calculated.,Financial health,EPIC-FH,Insight (`insight-svc`),05-fds/domain-09-financial-health.md#bfr-fh-004,GET /api/v1/financial-health?dimension=SAVINGS_RESILIENCE,"health_dimension(dimension = SAVINGS_RESILIENCE, ...)",US-FH-004,TC-FH-004-2,Negative functional,Pending savings excluded,NOT_EXECUTED,,
BFR-FH-004,P2,Savings resilience shall be measurable.,Emergency reserve or savings consistency can be calculated.,Financial health,EPIC-FH,Insight (`insight-svc`),05-fds/domain-09-financial-health.md#bfr-fh-004,GET /api/v1/financial-health?dimension=SAVINGS_RESILIENCE,"health_dimension(dimension = SAVINGS_RESILIENCE, ...)",US-FH-004,TC-FH-004-3,Negative functional,No expenditure baseline yields INSUFFICIENT_DATA,NOT_EXECUTED,,
BFR-FH-004,P2,Savings resilience shall be measurable.,Emergency reserve or savings consistency can be calculated.,Financial health,EPIC-FH,Insight (`insight-svc`),05-fds/domain-09-financial-health.md#bfr-fh-004,GET /api/v1/financial-health?dimension=SAVINGS_RESILIENCE,"health_dimension(dimension = SAVINGS_RESILIENCE, ...)",US-FH-004,TC-FH-004-4,Positive functional,Coverage limitation disclosed,NOT_EXECUTED,,
BFR-FH-005,P2,Financial commitments may contribute when data is available.,System identifies documented data source before calculation.,Financial health,EPIC-FH,Insight (`insight-svc`),05-fds/domain-09-financial-health.md#bfr-fh-005,GET /api/v1/financial-health?dimension=COMMITMENTS,"health_dimension, provenance rows referencing recurring_series or repayment_status",US-FH-005,TC-FH-005-1,Positive functional,Documented commitments contribute,NOT_EXECUTED,,
BFR-FH-005,P2,Financial commitments may contribute when data is available.,System identifies documented data source before calculation.,Financial health,EPIC-FH,Insight (`insight-svc`),05-fds/domain-09-financial-health.md#bfr-fh-005,GET /api/v1/financial-health?dimension=COMMITMENTS,"health_dimension, provenance rows referencing recurring_series or repayment_status",US-FH-005,TC-FH-005-2,Negative functional,Undocumented commitment never inferred,NOT_EXECUTED,,
BFR-FH-005,P2,Financial commitments may contribute when data is available.,System identifies documented data source before calculation.,Financial health,EPIC-FH,Insight (`insight-svc`),05-fds/domain-09-financial-health.md#bfr-fh-005,GET /api/v1/financial-health?dimension=COMMITMENTS,"health_dimension, provenance rows referencing recurring_series or repayment_status",US-FH-005,TC-FH-005-3,Positive functional,Visibility limitation stated,NOT_EXECUTED,,
BFR-FH-005,P2,Financial commitments may contribute when data is available.,System identifies documented data source before calculation.,Financial health,EPIC-FH,Insight (`insight-svc`),05-fds/domain-09-financial-health.md#bfr-fh-005,GET /api/v1/financial-health?dimension=COMMITMENTS,"health_dimension, provenance rows referencing recurring_series or repayment_status",US-FH-005,TC-FH-005-4,Positive functional,Dismissal persists,NOT_EXECUTED,,
BFR-FH-006,P1,Customers shall receive non-deceptive guidance.,"Suggestions are phrased as guidance, not guaranteed outcomes.",Financial health,EPIC-FH,Insight (`insight-svc`),05-fds/domain-09-financial-health.md#bfr-fh-006,GET /api/v1/financial-health/guidance,guidance content in versioned configuration.,US-FH-006,TC-FH-006-1,Positive functional,Guidance rendered from the approved library,NOT_EXECUTED,,
BFR-FH-006,P1,Customers shall receive non-deceptive guidance.,"Suggestions are phrased as guidance, not guaranteed outcomes.",Financial health,EPIC-FH,Insight (`insight-svc`),05-fds/domain-09-financial-health.md#bfr-fh-006,GET /api/v1/financial-health/guidance,guidance content in versioned configuration.,US-FH-006,TC-FH-006-2,Negative functional,No guidance implies a guaranteed outcome (content review test),NOT_EXECUTED,,
BFR-FH-006,P1,Customers shall receive non-deceptive guidance.,"Suggestions are phrased as guidance, not guaranteed outcomes.",Financial health,EPIC-FH,Insight (`insight-svc`),05-fds/domain-09-financial-health.md#bfr-fh-006,GET /api/v1/financial-health/guidance,guidance content in versioned configuration.,US-FH-006,TC-FH-006-3,Negative functional,"Missing key produces no guidance, not improvised text",NOT_EXECUTED,,
BFR-FH-006,P1,Customers shall receive non-deceptive guidance.,"Suggestions are phrased as guidance, not guaranteed outcomes.",Financial health,EPIC-FH,Insight (`insight-svc`),05-fds/domain-09-financial-health.md#bfr-fh-006,GET /api/v1/financial-health/guidance,guidance content in versioned configuration.,US-FH-006,TC-FH-006-4,Audit verification,Library changes versioned and audited,NOT_EXECUTED,,
BFR-FH-007,P1,Financial-health indicator shall not silently become an underwriting decision.,Lending workflow requires separate partner decision.,Financial health,EPIC-FH,Insight (`insight-svc`),05-fds/domain-09-financial-health.md#bfr-fh-007,(no new endpoint) capital endpoints do not accept a health band as an input to a decision; the partner submission payload contains no health score.,no foreign key from decision to health_dimension.,US-FH-007,TC-FH-007-1,Security,Partner submission payload contains no health score (schema test),NOT_EXECUTED,,
BFR-FH-007,P1,Financial-health indicator shall not silently become an underwriting decision.,Lending workflow requires separate partner decision.,Financial health,EPIC-FH,Insight (`insight-svc`),05-fds/domain-09-financial-health.md#bfr-fh-007,(no new endpoint) capital endpoints do not accept a health band as an input to a decision; the partner submission payload contains no health score.,no foreign key from decision to health_dimension.,US-FH-007,TC-FH-007-2,Negative functional,No code path converts a band into a decision,NOT_EXECUTED,,
BFR-FH-007,P1,Financial-health indicator shall not silently become an underwriting decision.,Lending workflow requires separate partner decision.,Financial health,EPIC-FH,Insight (`insight-svc`),05-fds/domain-09-financial-health.md#bfr-fh-007,(no new endpoint) capital endpoints do not accept a health band as an input to a decision; the partner submission payload contains no health score.,no foreign key from decision to health_dimension.,US-FH-007,TC-FH-007-3,Positive functional,Decision recorded comes only from the provider response,NOT_EXECUTED,,
BFR-FH-007,P1,Financial-health indicator shall not silently become an underwriting decision.,Lending workflow requires separate partner decision.,Financial health,EPIC-FH,Insight (`insight-svc`),05-fds/domain-09-financial-health.md#bfr-fh-007,(no new endpoint) capital endpoints do not accept a health band as an input to a decision; the partner submission payload contains no health score.,no foreign key from decision to health_dimension.,US-FH-007,TC-FH-007-4,Positive functional,"Prequalification labelled as an indication, with disclaimer",NOT_EXECUTED,,
BFR-FH-008,P1,Automated indicators shall retain input provenance.,Inputs used for each assessment are traceable.,Financial health,EPIC-FH,Insight (`insight-svc`),05-fds/domain-09-financial-health.md#bfr-fh-008,GET /api/v1/financial-health/assessments/{id}/provenance,provenance rows mirroring the URS §6 source structure.,US-FH-008,TC-FH-008-1,Positive functional,Provenance complete for every assessment,NOT_EXECUTED,,
BFR-FH-008,P1,Automated indicators shall retain input provenance.,Inputs used for each assessment are traceable.,Financial health,EPIC-FH,Insight (`insight-svc`),05-fds/domain-09-financial-health.md#bfr-fh-008,GET /api/v1/financial-health/assessments/{id}/provenance,provenance rows mirroring the URS §6 source structure.,US-FH-008,TC-FH-008-2,Negative functional,Assessment without provenance not persisted,NOT_EXECUTED,,
BFR-FH-008,P1,Automated indicators shall retain input provenance.,Inputs used for each assessment are traceable.,Financial health,EPIC-FH,Insight (`insight-svc`),05-fds/domain-09-financial-health.md#bfr-fh-008,GET /api/v1/financial-health/assessments/{id}/provenance,provenance rows mirroring the URS §6 source structure.,US-FH-008,TC-FH-008-3,Positive functional,Replay reproduces the output exactly,NOT_EXECUTED,,
BFR-FH-008,P1,Automated indicators shall retain input provenance.,Inputs used for each assessment are traceable.,Financial health,EPIC-FH,Insight (`insight-svc`),05-fds/domain-09-financial-health.md#bfr-fh-008,GET /api/v1/financial-health/assessments/{id}/provenance,provenance rows mirroring the URS §6 source structure.,US-FH-008,TC-FH-008-4,Positive functional,Consent reference present for every input,NOT_EXECUTED,,
BFR-FH-009,P1,Customers shall challenge inaccurate underlying data.,Dispute/reclassification workflow exists.,Financial health,EPIC-FH,Insight (`insight-svc`),05-fds/domain-09-financial-health.md#bfr-fh-009,POST /api/v1/data-disputes; GET /api/v1/data-disputes/{id},"data_request/complaint with type = DATA_DISPUTE, linked to the metric and source.",US-FH-009,TC-FH-009-1,Positive functional,Dispute created and tracked with an SLA,NOT_EXECUTED,,
BFR-FH-009,P1,Customers shall challenge inaccurate underlying data.,Dispute/reclassification workflow exists.,Financial health,EPIC-FH,Insight (`insight-svc`),05-fds/domain-09-financial-health.md#bfr-fh-009,POST /api/v1/data-disputes; GET /api/v1/data-disputes/{id},"data_request/complaint with type = DATA_DISPUTE, linked to the metric and source.",US-FH-009,TC-FH-009-2,Positive functional,Categorisation fix applies immediately and recalculates,NOT_EXECUTED,,
BFR-FH-009,P1,Customers shall challenge inaccurate underlying data.,Dispute/reclassification workflow exists.,Financial health,EPIC-FH,Insight (`insight-svc`),05-fds/domain-09-financial-health.md#bfr-fh-009,POST /api/v1/data-disputes; GET /api/v1/data-disputes/{id},"data_request/complaint with type = DATA_DISPUTE, linked to the metric and source.",US-FH-009,TC-FH-009-3,Positive functional,"Affected metrics marked under review, including in shares",NOT_EXECUTED,,
BFR-FH-009,P1,Customers shall challenge inaccurate underlying data.,Dispute/reclassification workflow exists.,Financial health,EPIC-FH,Insight (`insight-svc`),05-fds/domain-09-financial-health.md#bfr-fh-009,POST /api/v1/data-disputes; GET /api/v1/data-disputes/{id},"data_request/complaint with type = DATA_DISPUTE, linked to the metric and source.",US-FH-009,TC-FH-009-4,Negative functional,Correction never edits the source record,NOT_EXECUTED,,
BFR-FH-009,P1,Customers shall challenge inaccurate underlying data.,Dispute/reclassification workflow exists.,Financial health,EPIC-FH,Insight (`insight-svc`),05-fds/domain-09-financial-health.md#bfr-fh-009,POST /api/v1/data-disputes; GET /api/v1/data-disputes/{id},"data_request/complaint with type = DATA_DISPUTE, linked to the metric and source.",US-FH-009,TC-FH-009-5,Positive functional,Partner-owned data routed to the partner with reference retained,NOT_EXECUTED,,
BFR-FH-010,P1,Calculation methodology shall be configurable/versioned.,New model version can run without erasing prior outputs.,Financial health,EPIC-FH,Insight (`insight-svc`),05-fds/domain-09-financial-health.md#bfr-fh-010,GET /api/admin/v1/health-methodologies; POST .../deploy,"algorithm_version, health_assessment.algorithm_version_id",US-FH-010,TC-FH-010-1,Positive functional,New version runs without erasing prior outputs,NOT_EXECUTED,,
BFR-FH-010,P1,Calculation methodology shall be configurable/versioned.,New model version can run without erasing prior outputs.,Financial health,EPIC-FH,Insight (`insight-svc`),05-fds/domain-09-financial-health.md#bfr-fh-010,GET /api/admin/v1/health-methodologies; POST .../deploy,"algorithm_version, health_assessment.algorithm_version_id",US-FH-010,TC-FH-010-2,Negative functional,Deployment without validation evidence refused,NOT_EXECUTED,,
BFR-FH-010,P1,Calculation methodology shall be configurable/versioned.,New model version can run without erasing prior outputs.,Financial health,EPIC-FH,Insight (`insight-svc`),05-fds/domain-09-financial-health.md#bfr-fh-010,GET /api/admin/v1/health-methodologies; POST .../deploy,"algorithm_version, health_assessment.algorithm_version_id",US-FH-010,TC-FH-010-3,Positive functional,Rollback preserves all outputs,NOT_EXECUTED,,
BFR-FH-010,P1,Calculation methodology shall be configurable/versioned.,New model version can run without erasing prior outputs.,Financial health,EPIC-FH,Insight (`insight-svc`),05-fds/domain-09-financial-health.md#bfr-fh-010,GET /api/admin/v1/health-methodologies; POST .../deploy,"algorithm_version, health_assessment.algorithm_version_id",US-FH-010,TC-FH-010-4,Audit verification,Deployment approved and audited,NOT_EXECUTED,,
BFR-PAY-001,P1,Customer shall view available transaction position.,Displayed value derives from ledger/authoritative partner state.,Customer payments,EPIC-PAY,Payments (`payment-svc`),05-fds/domain-10-buntupay.md#bfr-pay-001,GET /api/v1/position,"ledger balance projection, hold, connected_account balances.",US-PAY-001,TC-PAY-001-1,Positive functional,Position matches ledger projection minus holds,NOT_EXECUTED,,
BFR-PAY-001,P1,Customer shall view available transaction position.,Displayed value derives from ledger/authoritative partner state.,Customer payments,EPIC-PAY,Payments (`payment-svc`),05-fds/domain-10-buntupay.md#bfr-pay-001,GET /api/v1/position,"ledger balance projection, hold, connected_account balances.",US-PAY-001,TC-PAY-001-2,Positive functional,Mirrored balance shows its as-at time,NOT_EXECUTED,,
BFR-PAY-001,P1,Customer shall view available transaction position.,Displayed value derives from ledger/authoritative partner state.,Customer payments,EPIC-PAY,Payments (`payment-svc`),05-fds/domain-10-buntupay.md#bfr-pay-001,GET /api/v1/position,"ledger balance projection, hold, connected_account balances.",US-PAY-001,TC-PAY-001-3,Negative functional,No estimate shown when the source is unavailable,NOT_EXECUTED,,
BFR-PAY-001,P1,Customer shall view available transaction position.,Displayed value derives from ledger/authoritative partner state.,Customer payments,EPIC-PAY,Payments (`payment-svc`),05-fds/domain-10-buntupay.md#bfr-pay-001,GET /api/v1/position,"ledger balance projection, hold, connected_account balances.",US-PAY-001,TC-PAY-001-4,Decimal and rounding,Arithmetic exact in minor units,NOT_EXECUTED,,
BFR-PAY-001,P1,Customer shall view available transaction position.,Displayed value derives from ledger/authoritative partner state.,Customer payments,EPIC-PAY,Payments (`payment-svc`),05-fds/domain-10-buntupay.md#bfr-pay-001,GET /api/v1/position,"ledger balance projection, hold, connected_account balances.",US-PAY-001,TC-PAY-001-5,Permissions,A customer sees only their own position,NOT_EXECUTED,,
BFR-PAY-002,P1,Customer shall send money to permitted recipients.,Valid payment completes through configured payment rail.,Customer payments,EPIC-PAY,Payments (`payment-svc`),05-fds/domain-10-buntupay.md#bfr-pay-002,POST /api/v1/payments/resolve-recipient; POST /api/v1/payments; GET /api/v1/payments/{id},"payment, payment_status_history, hold, journal",US-PAY-002,TC-PAY-002-1,Positive functional,Valid payment completes and posts to the ledger,NOT_EXECUTED,,
BFR-PAY-002,P1,Customer shall send money to permitted recipients.,Valid payment completes through configured payment rail.,Customer payments,EPIC-PAY,Payments (`payment-svc`),05-fds/domain-10-buntupay.md#bfr-pay-002,POST /api/v1/payments/resolve-recipient; POST /api/v1/payments; GET /api/v1/payments/{id},"payment, payment_status_history, hold, journal",US-PAY-002,TC-PAY-002-2,Negative functional,Insufficient position refused before any hold,NOT_EXECUTED,,
BFR-PAY-002,P1,Customer shall send money to permitted recipients.,Valid payment completes through configured payment rail.,Customer payments,EPIC-PAY,Payments (`payment-svc`),05-fds/domain-10-buntupay.md#bfr-pay-002,POST /api/v1/payments/resolve-recipient; POST /api/v1/payments; GET /api/v1/payments/{id},"payment, payment_status_history, hold, journal",US-PAY-002,TC-PAY-002-3,Negative functional,Limit breach refused,NOT_EXECUTED,,
BFR-PAY-002,P1,Customer shall send money to permitted recipients.,Valid payment completes through configured payment rail.,Customer payments,EPIC-PAY,Payments (`payment-svc`),05-fds/domain-10-buntupay.md#bfr-pay-002,POST /api/v1/payments/resolve-recipient; POST /api/v1/payments; GET /api/v1/payments/{id},"payment, payment_status_history, hold, journal",US-PAY-002,TC-PAY-002-4,Permissions,Insufficient KYC tier refused,NOT_EXECUTED,,
BFR-PAY-002,P1,Customer shall send money to permitted recipients.,Valid payment completes through configured payment rail.,Customer payments,EPIC-PAY,Payments (`payment-svc`),05-fds/domain-10-buntupay.md#bfr-pay-002,POST /api/v1/payments/resolve-recipient; POST /api/v1/payments; GET /api/v1/payments/{id},"payment, payment_status_history, hold, journal",US-PAY-002,TC-PAY-002-5,Error handling,"Rail timeout leaves the payment in-flight, not failed",NOT_EXECUTED,,
BFR-PAY-002,P1,Customer shall send money to permitted recipients.,Valid payment completes through configured payment rail.,Customer payments,EPIC-PAY,Payments (`payment-svc`),05-fds/domain-10-buntupay.md#bfr-pay-002,POST /api/v1/payments/resolve-recipient; POST /api/v1/payments; GET /api/v1/payments/{id},"payment, payment_status_history, hold, journal",US-PAY-002,TC-PAY-002-6,Concurrency,Concurrent payments cannot exceed the position,NOT_EXECUTED,,
BFR-PAY-002,P1,Customer shall send money to permitted recipients.,Valid payment completes through configured payment rail.,Customer payments,EPIC-PAY,Payments (`payment-svc`),05-fds/domain-10-buntupay.md#bfr-pay-002,POST /api/v1/payments/resolve-recipient; POST /api/v1/payments; GET /api/v1/payments/{id},"payment, payment_status_history, hold, journal",US-PAY-002,TC-PAY-002-7,Reversal,Rail rejection releases the hold cleanly,NOT_EXECUTED,,
BFR-PAY-003,P2,Customer shall request money.,Payment request can be sent and tracked.,Customer payments,EPIC-PAY,Payments (`payment-svc`),05-fds/domain-10-buntupay.md#bfr-pay-003,POST /api/v1/payment-requests; POST /api/v1/payment-requests/{id}/decline; GET /api/v1/payment-requests,"payment_request(requester_id, payer_id, amount_minor, currency, note, status, expires_at)",US-PAY-003,TC-PAY-003-1,Positive functional,"Request sent, tracked and paid",NOT_EXECUTED,,
BFR-PAY-003,P2,Customer shall request money.,Payment request can be sent and tracked.,Customer payments,EPIC-PAY,Payments (`payment-svc`),05-fds/domain-10-buntupay.md#bfr-pay-003,POST /api/v1/payment-requests; POST /api/v1/payment-requests/{id}/decline; GET /api/v1/payment-requests,"payment_request(requester_id, payer_id, amount_minor, currency, note, status, expires_at)",US-PAY-003,TC-PAY-003-2,Negative functional,A request alone never debits the payer,NOT_EXECUTED,,
BFR-PAY-003,P2,Customer shall request money.,Payment request can be sent and tracked.,Customer payments,EPIC-PAY,Payments (`payment-svc`),05-fds/domain-10-buntupay.md#bfr-pay-003,POST /api/v1/payment-requests; POST /api/v1/payment-requests/{id}/decline; GET /api/v1/payment-requests,"payment_request(requester_id, payer_id, amount_minor, currency, note, status, expires_at)",US-PAY-003,TC-PAY-003-3,Negative functional,Expired request cannot be paid,NOT_EXECUTED,,
BFR-PAY-003,P2,Customer shall request money.,Payment request can be sent and tracked.,Customer payments,EPIC-PAY,Payments (`payment-svc`),05-fds/domain-10-buntupay.md#bfr-pay-003,POST /api/v1/payment-requests; POST /api/v1/payment-requests/{id}/decline; GET /api/v1/payment-requests,"payment_request(requester_id, payer_id, amount_minor, currency, note, status, expires_at)",US-PAY-003,TC-PAY-003-4,Security,"Note content sanitised, never rendered as markup",NOT_EXECUTED,,
BFR-PAY-003,P2,Customer shall request money.,Payment request can be sent and tracked.,Customer payments,EPIC-PAY,Payments (`payment-svc`),05-fds/domain-10-buntupay.md#bfr-pay-003,POST /api/v1/payment-requests; POST /api/v1/payment-requests/{id}/decline; GET /api/v1/payment-requests,"payment_request(requester_id, payer_id, amount_minor, currency, note, status, expires_at)",US-PAY-003,TC-PAY-003-5,Security,Request spam rate-limited,NOT_EXECUTED,,
BFR-PAY-004,P1,Customer shall pay by QR.,Valid QR resolves recipient before authorisation.,Customer payments,EPIC-PAY,Payments (`payment-svc`),05-fds/domain-10-buntupay.md#bfr-pay-004,POST /api/v1/qr/resolve,"qr_token, merchant_qr",US-PAY-004,TC-PAY-004-1,Positive functional,Valid QR resolves and displays the merchant,NOT_EXECUTED,,
BFR-PAY-004,P1,Customer shall pay by QR.,Valid QR resolves recipient before authorisation.,Customer payments,EPIC-PAY,Payments (`payment-svc`),05-fds/domain-10-buntupay.md#bfr-pay-004,POST /api/v1/qr/resolve,"qr_token, merchant_qr",US-PAY-004,TC-PAY-004-2,Security,Tampered payload refused; client-side name never trusted,NOT_EXECUTED,,
BFR-PAY-004,P1,Customer shall pay by QR.,Valid QR resolves recipient before authorisation.,Customer payments,EPIC-PAY,Payments (`payment-svc`),05-fds/domain-10-buntupay.md#bfr-pay-004,POST /api/v1/qr/resolve,"qr_token, merchant_qr",US-PAY-004,TC-PAY-004-3,Negative functional,Expired or reused dynamic QR refused,NOT_EXECUTED,,
BFR-PAY-004,P1,Customer shall pay by QR.,Valid QR resolves recipient before authorisation.,Customer payments,EPIC-PAY,Payments (`payment-svc`),05-fds/domain-10-buntupay.md#bfr-pay-004,POST /api/v1/qr/resolve,"qr_token, merchant_qr",US-PAY-004,TC-PAY-004-4,Negative functional,Suspended merchant QR refused,NOT_EXECUTED,,
BFR-PAY-004,P1,Customer shall pay by QR.,Valid QR resolves recipient before authorisation.,Customer payments,EPIC-PAY,Payments (`payment-svc`),05-fds/domain-10-buntupay.md#bfr-pay-004,POST /api/v1/qr/resolve,"qr_token, merchant_qr",US-PAY-004,TC-PAY-004-5,Security,Resolution endpoint rate-limited,NOT_EXECUTED,,
BFR-PAY-005,P1,Payment confirmation shall show amount and recipient.,Customer confirms final details before execution.,Customer payments,EPIC-PAY,Payments (`payment-svc`),05-fds/domain-10-buntupay.md#bfr-pay-005,POST /api/v1/payments/preview,"preview values persisted with the payment, so what was shown is provable.",US-PAY-005,TC-PAY-005-1,Positive functional,"Review shows recipient, amount, fee and total",NOT_EXECUTED,,
BFR-PAY-005,P1,Payment confirmation shall show amount and recipient.,Customer confirms final details before execution.,Customer payments,EPIC-PAY,Payments (`payment-svc`),05-fds/domain-10-buntupay.md#bfr-pay-005,POST /api/v1/payments/preview,"preview values persisted with the payment, so what was shown is provable.",US-PAY-005,TC-PAY-005-2,Negative functional,Execution without confirmation impossible,NOT_EXECUTED,,
BFR-PAY-005,P1,Payment confirmation shall show amount and recipient.,Customer confirms final details before execution.,Customer payments,EPIC-PAY,Payments (`payment-svc`),05-fds/domain-10-buntupay.md#bfr-pay-005,POST /api/v1/payments/preview,"preview values persisted with the payment, so what was shown is provable.",US-PAY-005,TC-PAY-005-3,Negative functional,Changed figures force a re-preview,NOT_EXECUTED,,
BFR-PAY-005,P1,Payment confirmation shall show amount and recipient.,Customer confirms final details before execution.,Customer payments,EPIC-PAY,Payments (`payment-svc`),05-fds/domain-10-buntupay.md#bfr-pay-005,POST /api/v1/payments/preview,"preview values persisted with the payment, so what was shown is provable.",US-PAY-005,TC-PAY-005-4,Audit verification,Confirmed snapshot retained with the payment,NOT_EXECUTED,,
BFR-PAY-006,P1,Fees shall be displayed before confirmation.,Final customer fee is visible prior to authorisation.,Customer payments,EPIC-PAY,Payments (`payment-svc`),05-fds/domain-10-buntupay.md#bfr-pay-006,POST /api/v1/payments/preview,"payment.fee_minor, payment.total_debit_minor, partner_fee_version",US-PAY-006,TC-PAY-006-1,Positive functional,Fee and total debit displayed before authorisation,NOT_EXECUTED,,
BFR-PAY-006,P1,Fees shall be displayed before confirmation.,Final customer fee is visible prior to authorisation.,Customer payments,EPIC-PAY,Payments (`payment-svc`),05-fds/domain-10-buntupay.md#bfr-pay-006,POST /api/v1/payments/preview,"payment.fee_minor, payment.total_debit_minor, partner_fee_version",US-PAY-006,TC-PAY-006-2,Negative functional,Payment refused if the fee cannot be computed,NOT_EXECUTED,,
BFR-PAY-006,P1,Fees shall be displayed before confirmation.,Final customer fee is visible prior to authorisation.,Customer payments,EPIC-PAY,Payments (`payment-svc`),05-fds/domain-10-buntupay.md#bfr-pay-006,POST /api/v1/payments/preview,"payment.fee_minor, payment.total_debit_minor, partner_fee_version",US-PAY-006,TC-PAY-006-3,Negative functional,Fee change at execution halts and forces re-preview,NOT_EXECUTED,,
BFR-PAY-006,P1,Fees shall be displayed before confirmation.,Final customer fee is visible prior to authorisation.,Customer payments,EPIC-PAY,Payments (`payment-svc`),05-fds/domain-10-buntupay.md#bfr-pay-006,POST /api/v1/payments/preview,"payment.fee_minor, payment.total_debit_minor, partner_fee_version",US-PAY-006,TC-PAY-006-4,Positive functional,Zero fee displayed explicitly,NOT_EXECUTED,,
BFR-PAY-006,P1,Fees shall be displayed before confirmation.,Final customer fee is visible prior to authorisation.,Customer payments,EPIC-PAY,Payments (`payment-svc`),05-fds/domain-10-buntupay.md#bfr-pay-006,POST /api/v1/payments/preview,"payment.fee_minor, payment.total_debit_minor, partner_fee_version",US-PAY-006,TC-PAY-006-5,Decimal and rounding,Fee arithmetic exact in minor units,NOT_EXECUTED,,
BFR-PAY-006,P1,Fees shall be displayed before confirmation.,Final customer fee is visible prior to authorisation.,Customer payments,EPIC-PAY,Payments (`payment-svc`),05-fds/domain-10-buntupay.md#bfr-pay-006,POST /api/v1/payments/preview,"payment.fee_minor, payment.total_debit_minor, partner_fee_version",US-PAY-006,TC-PAY-006-6,Positive functional,Historical fee reproducible from the persisted version,NOT_EXECUTED,,
BFR-PAY-007,P1,Payment status shall be trackable.,"Customer sees pending, completed, failed or reversed state.",Customer payments,EPIC-PAY,Payments (`payment-svc`),05-fds/domain-10-buntupay.md#bfr-pay-007,GET /api/v1/payments/{id},"payment.state, payment_status_history",US-PAY-007,TC-PAY-007-1,Positive functional,Each state visible with its timeline,NOT_EXECUTED,,
BFR-PAY-007,P1,Payment status shall be trackable.,"Customer sees pending, completed, failed or reversed state.",Customer payments,EPIC-PAY,Payments (`payment-svc`),05-fds/domain-10-buntupay.md#bfr-pay-007,GET /api/v1/payments/{id},"payment.state, payment_status_history",US-PAY-007,TC-PAY-007-2,Positive functional,"Plain language, all supported languages",NOT_EXECUTED,,
BFR-PAY-007,P1,Payment status shall be trackable.,"Customer sees pending, completed, failed or reversed state.",Customer payments,EPIC-PAY,Payments (`payment-svc`),05-fds/domain-10-buntupay.md#bfr-pay-007,GET /api/v1/payments/{id},"payment.state, payment_status_history",US-PAY-007,TC-PAY-007-3,Positive functional,Indeterminate state shown as being confirmed,NOT_EXECUTED,,
BFR-PAY-007,P1,Payment status shall be trackable.,"Customer sees pending, completed, failed or reversed state.",Customer payments,EPIC-PAY,Payments (`payment-svc`),05-fds/domain-10-buntupay.md#bfr-pay-007,GET /api/v1/payments/{id},"payment.state, payment_status_history",US-PAY-007,TC-PAY-007-4,Security,Status history append-only,NOT_EXECUTED,,
BFR-PAY-007,P1,Payment status shall be trackable.,"Customer sees pending, completed, failed or reversed state.",Customer payments,EPIC-PAY,Payments (`payment-svc`),05-fds/domain-10-buntupay.md#bfr-pay-007,GET /api/v1/payments/{id},"payment.state, payment_status_history",US-PAY-007,TC-PAY-007-5,Permissions,Only the owner sees the payment,NOT_EXECUTED,,
BFR-PAY-008,P1,Failed payment shall not display as completed.,UI reflects authoritative transaction state.,Customer payments,EPIC-PAY,Payments (`payment-svc`),05-fds/domain-10-buntupay.md#bfr-pay-008,(no new endpoint) the payment response is the single source of display state; no client-side inference.,payment.state,US-PAY-008,TC-PAY-008-1,Negative functional,Failed payment never displays as completed at any point,NOT_EXECUTED,,
BFR-PAY-008,P1,Failed payment shall not display as completed.,UI reflects authoritative transaction state.,Customer payments,EPIC-PAY,Payments (`payment-svc`),05-fds/domain-10-buntupay.md#bfr-pay-008,(no new endpoint) the payment response is the single source of display state; no client-side inference.,payment.state,US-PAY-008,TC-PAY-008-2,Negative functional,HTTP acceptance does not render as success,NOT_EXECUTED,,
BFR-PAY-008,P1,Failed payment shall not display as completed.,UI reflects authoritative transaction state.,Customer payments,EPIC-PAY,Payments (`payment-svc`),05-fds/domain-10-buntupay.md#bfr-pay-008,(no new endpoint) the payment response is the single source of display state; no client-side inference.,payment.state,US-PAY-008,TC-PAY-008-3,Positive functional,Only authoritative confirmation sets COMPLETED,NOT_EXECUTED,,
BFR-PAY-008,P1,Failed payment shall not display as completed.,UI reflects authoritative transaction state.,Customer payments,EPIC-PAY,Payments (`payment-svc`),05-fds/domain-10-buntupay.md#bfr-pay-008,(no new endpoint) the payment response is the single source of display state; no client-side inference.,payment.state,US-PAY-008,TC-PAY-008-4,Error handling,UNKNOWN outcome renders as in-progress,NOT_EXECUTED,,
BFR-PAY-008,P1,Failed payment shall not display as completed.,UI reflects authoritative transaction state.,Customer payments,EPIC-PAY,Payments (`payment-svc`),05-fds/domain-10-buntupay.md#bfr-pay-008,(no new endpoint) the payment response is the single source of display state; no client-side inference.,payment.state,US-PAY-008,TC-PAY-008-5,Integration,Confirmation notification sent only after authoritative completion,NOT_EXECUTED,,
BFR-PAY-009,P1,Duplicate payment requests shall be protected by idempotency.,Repeated same request does not create unintended duplicate debit.,Customer payments,EPIC-PAY,Payments (`payment-svc`),05-fds/domain-10-buntupay.md#bfr-pay-009,POST /api/v1/payments,"idempotency_key UNIQUE (principal_id, key), payment.idempotency_key",US-PAY-009,TC-PAY-009-1,Idempotency,"Same key twice ⇒ one debit, original response replayed",NOT_EXECUTED,,
BFR-PAY-009,P1,Duplicate payment requests shall be protected by idempotency.,Repeated same request does not create unintended duplicate debit.,Customer payments,EPIC-PAY,Payments (`payment-svc`),05-fds/domain-10-buntupay.md#bfr-pay-009,POST /api/v1/payments,"idempotency_key UNIQUE (principal_id, key), payment.idempotency_key",US-PAY-009,TC-PAY-009-2,Concurrency,N concurrent identical submissions ⇒ exactly one debit,NOT_EXECUTED,,
BFR-PAY-009,P1,Duplicate payment requests shall be protected by idempotency.,Repeated same request does not create unintended duplicate debit.,Customer payments,EPIC-PAY,Payments (`payment-svc`),05-fds/domain-10-buntupay.md#bfr-pay-009,POST /api/v1/payments,"idempotency_key UNIQUE (principal_id, key), payment.idempotency_key",US-PAY-009,TC-PAY-009-3,Negative functional,"Same key, different body refused",NOT_EXECUTED,,
BFR-PAY-009,P1,Duplicate payment requests shall be protected by idempotency.,Repeated same request does not create unintended duplicate debit.,Customer payments,EPIC-PAY,Payments (`payment-svc`),05-fds/domain-10-buntupay.md#bfr-pay-009,POST /api/v1/payments,"idempotency_key UNIQUE (principal_id, key), payment.idempotency_key",US-PAY-009,TC-PAY-009-4,Positive functional,In-flight duplicate returns REQUEST_IN_PROGRESS,NOT_EXECUTED,,
BFR-PAY-009,P1,Duplicate payment requests shall be protected by idempotency.,Repeated same request does not create unintended duplicate debit.,Customer payments,EPIC-PAY,Payments (`payment-svc`),05-fds/domain-10-buntupay.md#bfr-pay-009,POST /api/v1/payments,"idempotency_key UNIQUE (principal_id, key), payment.idempotency_key",US-PAY-009,TC-PAY-009-5,Integration,USSD resubmission does not duplicate,NOT_EXECUTED,,
BFR-PAY-009,P1,Duplicate payment requests shall be protected by idempotency.,Repeated same request does not create unintended duplicate debit.,Customer payments,EPIC-PAY,Payments (`payment-svc`),05-fds/domain-10-buntupay.md#bfr-pay-009,POST /api/v1/payments,"idempotency_key UNIQUE (principal_id, key), payment.idempotency_key",US-PAY-009,TC-PAY-009-6,Reconciliation,UNKNOWN rail outcome seeds a reconciliation exception,NOT_EXECUTED,,
BFR-PAY-010,P2,Receipts shall be generated.,Completed transaction produces timestamped reference and amount.,Customer payments,EPIC-PAY,Payments (`payment-svc`),05-fds/domain-10-buntupay.md#bfr-pay-010,GET /api/v1/payments/{id}/receipt,"receipt(payment_id, reference, issued_at, amount_minor, fee_minor, recipient_display, provider_attribution)",US-PAY-010,TC-PAY-010-1,Positive functional,Receipt generated on completion with all required fields,NOT_EXECUTED,,
BFR-PAY-010,P2,Receipts shall be generated.,Completed transaction produces timestamped reference and amount.,Customer payments,EPIC-PAY,Payments (`payment-svc`),05-fds/domain-10-buntupay.md#bfr-pay-010,GET /api/v1/payments/{id}/receipt,"receipt(payment_id, reference, issued_at, amount_minor, fee_minor, recipient_display, provider_attribution)",US-PAY-010,TC-PAY-010-2,Negative functional,No receipt for a non-completed payment,NOT_EXECUTED,,
BFR-PAY-010,P2,Receipts shall be generated.,Completed transaction produces timestamped reference and amount.,Customer payments,EPIC-PAY,Payments (`payment-svc`),05-fds/domain-10-buntupay.md#bfr-pay-010,GET /api/v1/payments/{id}/receipt,"receipt(payment_id, reference, issued_at, amount_minor, fee_minor, recipient_display, provider_attribution)",US-PAY-010,TC-PAY-010-3,Positive functional,"Reversal annotates the receipt, does not delete it",NOT_EXECUTED,,
BFR-PAY-010,P2,Receipts shall be generated.,Completed transaction produces timestamped reference and amount.,Customer payments,EPIC-PAY,Payments (`payment-svc`),05-fds/domain-10-buntupay.md#bfr-pay-010,GET /api/v1/payments/{id}/receipt,"receipt(payment_id, reference, issued_at, amount_minor, fee_minor, recipient_display, provider_attribution)",US-PAY-010,TC-PAY-010-4,Positive functional,Reference quotable in a complaint,NOT_EXECUTED,,
BFR-PAY-010,P2,Receipts shall be generated.,Completed transaction produces timestamped reference and amount.,Customer payments,EPIC-PAY,Payments (`payment-svc`),05-fds/domain-10-buntupay.md#bfr-pay-010,GET /api/v1/payments/{id}/receipt,"receipt(payment_id, reference, issued_at, amount_minor, fee_minor, recipient_display, provider_attribution)",US-PAY-010,TC-PAY-010-5,Permissions,Only the payer and payee can retrieve it,NOT_EXECUTED,,
BFR-LED-001,P1,Financial postings shall use double-entry accounting.,Sum of journal debits equals credits.,Double-entry ledger,EPIC-LED,Ledger (`ledger-svc`),05-fds/domain-11-ledger.md#bfr-led-001,POST /internal/ledger/journals; GET /api/admin/v1/ledger/journals/{id},"journal, journal_line",US-LED-001,TC-LED-001-1,Positive functional,Balanced journal posts successfully,NOT_EXECUTED,,
BFR-LED-001,P1,Financial postings shall use double-entry accounting.,Sum of journal debits equals credits.,Double-entry ledger,EPIC-LED,Ledger (`ledger-svc`),05-fds/domain-11-ledger.md#bfr-led-001,POST /internal/ledger/journals; GET /api/admin/v1/ledger/journals/{id},"journal, journal_line",US-LED-001,TC-LED-001-2,Negative functional,Unbalanced journal rejected atomically,NOT_EXECUTED,,
BFR-LED-001,P1,Financial postings shall use double-entry accounting.,Sum of journal debits equals credits.,Double-entry ledger,EPIC-LED,Ledger (`ledger-svc`),05-fds/domain-11-ledger.md#bfr-led-001,POST /internal/ledger/journals; GET /api/admin/v1/ledger/journals/{id},"journal, journal_line",US-LED-001,TC-LED-001-3,Negative functional,Single-line journal rejected,NOT_EXECUTED,,
BFR-LED-001,P1,Financial postings shall use double-entry accounting.,Sum of journal debits equals credits.,Double-entry ledger,EPIC-LED,Ledger (`ledger-svc`),05-fds/domain-11-ledger.md#bfr-led-001,POST /internal/ledger/journals; GET /api/admin/v1/ledger/journals/{id},"journal, journal_line",US-LED-001,TC-LED-001-4,Concurrency,Concurrent postings all balance,NOT_EXECUTED,,
BFR-LED-001,P1,Financial postings shall use double-entry accounting.,Sum of journal debits equals credits.,Double-entry ledger,EPIC-LED,Ledger (`ledger-svc`),05-fds/domain-11-ledger.md#bfr-led-001,POST /internal/ledger/journals; GET /api/admin/v1/ledger/journals/{id},"journal, journal_line",US-LED-001,TC-LED-001-5,Security,Posting API unreachable from outside,NOT_EXECUTED,,
BFR-LED-002,P1,Posted journal entries shall be immutable.,Ordinary application actions cannot delete or edit posted entry.,Double-entry ledger,EPIC-LED,Ledger (`ledger-svc`),05-fds/domain-11-ledger.md#bfr-led-002,(no new endpoint) no update or delete endpoint exists for journals or lines.,"journal, journal_line with restricted grants",US-LED-002,TC-LED-002-1,Security,Direct SQL UPDATE denied to the application role,NOT_EXECUTED,,
BFR-LED-002,P1,Posted journal entries shall be immutable.,Ordinary application actions cannot delete or edit posted entry.,Double-entry ledger,EPIC-LED,Ledger (`ledger-svc`),05-fds/domain-11-ledger.md#bfr-led-002,(no new endpoint) no update or delete endpoint exists for journals or lines.,"journal, journal_line with restricted grants",US-LED-002,TC-LED-002-2,Security,Direct SQL DELETE denied to the application role,NOT_EXECUTED,,
BFR-LED-002,P1,Posted journal entries shall be immutable.,Ordinary application actions cannot delete or edit posted entry.,Double-entry ledger,EPIC-LED,Ledger (`ledger-svc`),05-fds/domain-11-ledger.md#bfr-led-002,(no new endpoint) no update or delete endpoint exists for journals or lines.,"journal, journal_line with restricted grants",US-LED-002,TC-LED-002-3,Negative functional,No API or UI edit path exists (route inventory test),NOT_EXECUTED,,
BFR-LED-002,P1,Posted journal entries shall be immutable.,Ordinary application actions cannot delete or edit posted entry.,Double-entry ledger,EPIC-LED,Ledger (`ledger-svc`),05-fds/domain-11-ledger.md#bfr-led-002,(no new endpoint) no update or delete endpoint exists for journals or lines.,"journal, journal_line with restricted grants",US-LED-002,TC-LED-002-4,Audit verification,Modification attempt raises a security event,NOT_EXECUTED,,
BFR-LED-003,P1,Corrections shall use reversals/adjustments.,Original and correcting entries remain linked.,Double-entry ledger,EPIC-LED,Ledger (`ledger-svc`),05-fds/domain-11-ledger.md#bfr-led-003,POST /internal/ledger/journals/{id}/reverse; GET .../journals/{id},journal.reverses_journal_id,US-LED-003,TC-LED-003-1,Reversal,"Reversal creates a linked, opposite-signed journal",NOT_EXECUTED,,
BFR-LED-003,P1,Corrections shall use reversals/adjustments.,Original and correcting entries remain linked.,Double-entry ledger,EPIC-LED,Ledger (`ledger-svc`),05-fds/domain-11-ledger.md#bfr-led-003,POST /internal/ledger/journals/{id}/reverse; GET .../journals/{id},journal.reverses_journal_id,US-LED-003,TC-LED-003-2,Negative functional,Original journal unchanged after reversal,NOT_EXECUTED,,
BFR-LED-003,P1,Corrections shall use reversals/adjustments.,Original and correcting entries remain linked.,Double-entry ledger,EPIC-LED,Ledger (`ledger-svc`),05-fds/domain-11-ledger.md#bfr-led-003,POST /internal/ledger/journals/{id}/reverse; GET .../journals/{id},journal.reverses_journal_id,US-LED-003,TC-LED-003-3,Negative functional,Double reversal refused,NOT_EXECUTED,,
BFR-LED-003,P1,Corrections shall use reversals/adjustments.,Original and correcting entries remain linked.,Double-entry ledger,EPIC-LED,Ledger (`ledger-svc`),05-fds/domain-11-ledger.md#bfr-led-003,POST /internal/ledger/journals/{id}/reverse; GET .../journals/{id},journal.reverses_journal_id,US-LED-003,TC-LED-003-4,Negative functional,Reversal without reason refused,NOT_EXECUTED,,
BFR-LED-003,P1,Corrections shall use reversals/adjustments.,Original and correcting entries remain linked.,Double-entry ledger,EPIC-LED,Ledger (`ledger-svc`),05-fds/domain-11-ledger.md#bfr-led-003,POST /internal/ledger/journals/{id}/reverse; GET .../journals/{id},journal.reverses_journal_id,US-LED-003,TC-LED-003-5,Permissions,High-value reversal requires dual approval,NOT_EXECUTED,,
BFR-LED-004,P1,Ledger shall support pending and posted states.,Holds do not appear as final settled postings until appropriate.,Double-entry ledger,EPIC-LED,Ledger (`ledger-svc`),05-fds/domain-11-ledger.md#bfr-led-004,GET /api/v1/position,"hold, journal.posting_state",US-LED-004,TC-LED-004-1,Positive functional,Hold reduces available without a settled posting,NOT_EXECUTED,,
BFR-LED-004,P1,Ledger shall support pending and posted states.,Holds do not appear as final settled postings until appropriate.,Double-entry ledger,EPIC-LED,Ledger (`ledger-svc`),05-fds/domain-11-ledger.md#bfr-led-004,GET /api/v1/position,"hold, journal.posting_state",US-LED-004,TC-LED-004-2,Positive functional,Completion converts hold to posting atomically,NOT_EXECUTED,,
BFR-LED-004,P1,Ledger shall support pending and posted states.,Holds do not appear as final settled postings until appropriate.,Double-entry ledger,EPIC-LED,Ledger (`ledger-svc`),05-fds/domain-11-ledger.md#bfr-led-004,GET /api/v1/position,"hold, journal.posting_state",US-LED-004,TC-LED-004-3,Positive functional,Failure releases the hold with no posting,NOT_EXECUTED,,
BFR-LED-004,P1,Ledger shall support pending and posted states.,Holds do not appear as final settled postings until appropriate.,Double-entry ledger,EPIC-LED,Ledger (`ledger-svc`),05-fds/domain-11-ledger.md#bfr-led-004,GET /api/v1/position,"hold, journal.posting_state",US-LED-004,TC-LED-004-4,Concurrency,Concurrent holds cannot exceed available funds,NOT_EXECUTED,,
BFR-LED-004,P1,Ledger shall support pending and posted states.,Holds do not appear as final settled postings until appropriate.,Double-entry ledger,EPIC-LED,Ledger (`ledger-svc`),05-fds/domain-11-ledger.md#bfr-led-004,GET /api/v1/position,"hold, journal.posting_state",US-LED-004,TC-LED-004-5,Error handling,Hold expiry during an in-flight operation escalates,NOT_EXECUTED,,
BFR-LED-005,P1,Monetary values shall not use binary floating-point.,Fixed precision or integer minor units used.,Double-entry ledger,EPIC-LED,Ledger (`ledger-svc`),05-fds/domain-11-ledger.md#bfr-led-005,"(no new endpoint) {""amount_minor"": 250000, ""currency"": ""RWF""} everywhere; no decimal or float representation in any contract.",amount_minor BIGINT on every monetary column; currency.scale,US-LED-005,TC-LED-005-1,Decimal and rounding,Static analysis finds no float on monetary paths,NOT_EXECUTED,,
BFR-LED-005,P1,Monetary values shall not use binary floating-point.,Fixed precision or integer minor units used.,Double-entry ledger,EPIC-LED,Ledger (`ledger-svc`),05-fds/domain-11-ledger.md#bfr-led-005,"(no new endpoint) {""amount_minor"": 250000, ""currency"": ""RWF""} everywhere; no decimal or float representation in any contract.",amount_minor BIGINT on every monetary column; currency.scale,US-LED-005,TC-LED-005-2,Decimal and rounding,Repeated split-and-sum produces exact totals,NOT_EXECUTED,,
BFR-LED-005,P1,Monetary values shall not use binary floating-point.,Fixed precision or integer minor units used.,Double-entry ledger,EPIC-LED,Ledger (`ledger-svc`),05-fds/domain-11-ledger.md#bfr-led-005,"(no new endpoint) {""amount_minor"": 250000, ""currency"": ""RWF""} everywhere; no decimal or float representation in any contract.",amount_minor BIGINT on every monetary column; currency.scale,US-LED-005,TC-LED-005-3,Decimal and rounding,"Remainders explicitly allocated, never dropped",NOT_EXECUTED,,
BFR-LED-005,P1,Monetary values shall not use binary floating-point.,Fixed precision or integer minor units used.,Double-entry ledger,EPIC-LED,Ledger (`ledger-svc`),05-fds/domain-11-ledger.md#bfr-led-005,"(no new endpoint) {""amount_minor"": 250000, ""currency"": ""RWF""} everywhere; no decimal or float representation in any contract.",amount_minor BIGINT on every monetary column; currency.scale,US-LED-005,TC-LED-005-4,API contract,No monetary value serialised as a float,NOT_EXECUTED,,
BFR-LED-005,P1,Monetary values shall not use binary floating-point.,Fixed precision or integer minor units used.,Double-entry ledger,EPIC-LED,Ledger (`ledger-svc`),05-fds/domain-11-ledger.md#bfr-led-005,"(no new endpoint) {""amount_minor"": 250000, ""currency"": ""RWF""} everywhere; no decimal or float representation in any contract.",amount_minor BIGINT on every monetary column; currency.scale,US-LED-005,TC-LED-005-5,Positive functional,Currency scale resolved from reference data,NOT_EXECUTED,,
BFR-LED-006,P1,Ledger accounts shall support currency identification.,Currency is explicit for every account/posting.,Double-entry ledger,EPIC-LED,Ledger (`ledger-svc`),05-fds/domain-11-ledger.md#bfr-led-006,(no new endpoint) account and journal payloads always include currency.,"ledger_account.currency_code NOT NULL, journal_line.currency_code NOT NULL",US-LED-006,TC-LED-006-1,Positive functional,Every account and line carries a currency,NOT_EXECUTED,,
BFR-LED-006,P1,Ledger accounts shall support currency identification.,Currency is explicit for every account/posting.,Double-entry ledger,EPIC-LED,Ledger (`ledger-svc`),05-fds/domain-11-ledger.md#bfr-led-006,(no new endpoint) account and journal payloads always include currency.,"ledger_account.currency_code NOT NULL, journal_line.currency_code NOT NULL",US-LED-006,TC-LED-006-2,Negative functional,Currency mismatch refused,NOT_EXECUTED,,
BFR-LED-006,P1,Ledger accounts shall support currency identification.,Currency is explicit for every account/posting.,Double-entry ledger,EPIC-LED,Ledger (`ledger-svc`),05-fds/domain-11-ledger.md#bfr-led-006,(no new endpoint) account and journal payloads always include currency.,"ledger_account.currency_code NOT NULL, journal_line.currency_code NOT NULL",US-LED-006,TC-LED-006-3,Negative functional,Missing currency never defaulted,NOT_EXECUTED,,
BFR-LED-006,P1,Ledger accounts shall support currency identification.,Currency is explicit for every account/posting.,Double-entry ledger,EPIC-LED,Ledger (`ledger-svc`),05-fds/domain-11-ledger.md#bfr-led-006,(no new endpoint) account and journal payloads always include currency.,"ledger_account.currency_code NOT NULL, journal_line.currency_code NOT NULL",US-LED-006,TC-LED-006-4,Positive functional,Balance validation is per currency,NOT_EXECUTED,,
BFR-LED-007,P1,Ledger shall maintain transaction correlation.,Business transaction references linked journal entries.,Double-entry ledger,EPIC-LED,Ledger (`ledger-svc`),05-fds/domain-11-ledger.md#bfr-led-007,GET /api/admin/v1/ledger/journals?correlation_id=,"journal.correlation_id NOT NULL, journal.business_ref",US-LED-007,TC-LED-007-1,Positive functional,Business transaction resolves to its journals,NOT_EXECUTED,,
BFR-LED-007,P1,Ledger shall maintain transaction correlation.,Business transaction references linked journal entries.,Double-entry ledger,EPIC-LED,Ledger (`ledger-svc`),05-fds/domain-11-ledger.md#bfr-led-007,GET /api/admin/v1/ledger/journals?correlation_id=,"journal.correlation_id NOT NULL, journal.business_ref",US-LED-007,TC-LED-007-2,Positive functional,Journal resolves back to its business transaction,NOT_EXECUTED,,
BFR-LED-007,P1,Ledger shall maintain transaction correlation.,Business transaction references linked journal entries.,Double-entry ledger,EPIC-LED,Ledger (`ledger-svc`),05-fds/domain-11-ledger.md#bfr-led-007,GET /api/admin/v1/ledger/journals?correlation_id=,"journal.correlation_id NOT NULL, journal.business_ref",US-LED-007,TC-LED-007-3,Negative functional,Posting without correlation id refused,NOT_EXECUTED,,
BFR-LED-007,P1,Ledger shall maintain transaction correlation.,Business transaction references linked journal entries.,Double-entry ledger,EPIC-LED,Ledger (`ledger-svc`),05-fds/domain-11-ledger.md#bfr-led-007,GET /api/admin/v1/ledger/journals?correlation_id=,"journal.correlation_id NOT NULL, journal.business_ref",US-LED-007,TC-LED-007-4,Positive functional,Same correlation id present in logs and audit,NOT_EXECUTED,,
BFR-LED-008,P1,Ledger shall support holds and releases.,Held amount can be traced and released/reversed appropriately.,Double-entry ledger,EPIC-LED,Ledger (`ledger-svc`),05-fds/domain-11-ledger.md#bfr-led-008,GET /api/v1/position/holds; GET /api/admin/v1/ledger/holds?status=ACTIVE&older_than=,"hold(status, placed_at, expires_at, released_at, released_by_journal_id)",US-LED-008,TC-LED-008-1,Positive functional,Hold traceable to its operation,NOT_EXECUTED,,
BFR-LED-008,P1,Ledger shall support holds and releases.,Held amount can be traced and released/reversed appropriately.,Double-entry ledger,EPIC-LED,Ledger (`ledger-svc`),05-fds/domain-11-ledger.md#bfr-led-008,GET /api/v1/position/holds; GET /api/admin/v1/ledger/holds?status=ACTIVE&older_than=,"hold(status, placed_at, expires_at, released_at, released_by_journal_id)",US-LED-008,TC-LED-008-2,Negative functional,Double release refused,NOT_EXECUTED,,
BFR-LED-008,P1,Ledger shall support holds and releases.,Held amount can be traced and released/reversed appropriately.,Double-entry ledger,EPIC-LED,Ledger (`ledger-svc`),05-fds/domain-11-ledger.md#bfr-led-008,GET /api/v1/position/holds; GET /api/admin/v1/ledger/holds?status=ACTIVE&older_than=,"hold(status, placed_at, expires_at, released_at, released_by_journal_id)",US-LED-008,TC-LED-008-3,Concurrency,Concurrent release attempts release exactly once,NOT_EXECUTED,,
BFR-LED-008,P1,Ledger shall support holds and releases.,Held amount can be traced and released/reversed appropriately.,Double-entry ledger,EPIC-LED,Ledger (`ledger-svc`),05-fds/domain-11-ledger.md#bfr-led-008,GET /api/v1/position/holds; GET /api/admin/v1/ledger/holds?status=ACTIVE&older_than=,"hold(status, placed_at, expires_at, released_at, released_by_journal_id)",US-LED-008,TC-LED-008-4,Integration,Ageing holds alert,NOT_EXECUTED,,
BFR-LED-008,P1,Ledger shall support holds and releases.,Held amount can be traced and released/reversed appropriately.,Double-entry ledger,EPIC-LED,Ledger (`ledger-svc`),05-fds/domain-11-ledger.md#bfr-led-008,GET /api/v1/position/holds; GET /api/admin/v1/ledger/holds?status=ACTIVE&older_than=,"hold(status, placed_at, expires_at, released_at, released_by_journal_id)",US-LED-008,TC-LED-008-5,Positive functional,Hold history retained after release,NOT_EXECUTED,,
BFR-LED-009,P1,Ledger imbalance shall prevent posting.,Unbalanced journal fails transaction atomically.,Double-entry ledger,EPIC-LED,Ledger (`ledger-svc`),05-fds/domain-11-ledger.md#bfr-led-009,(no new endpoint) internal posting returns VALIDATION_FAILED with the computed imbalance.,enforced in the posting transaction; additionally verified by a scheduled integrity job over all journals.,US-LED-009,TC-LED-009-1,Negative functional,Unbalanced journal fails the whole operation atomically,NOT_EXECUTED,,
BFR-LED-009,P1,Ledger imbalance shall prevent posting.,Unbalanced journal fails transaction atomically.,Double-entry ledger,EPIC-LED,Ledger (`ledger-svc`),05-fds/domain-11-ledger.md#bfr-led-009,(no new endpoint) internal posting returns VALIDATION_FAILED with the computed imbalance.,enforced in the posting transaction; additionally verified by a scheduled integrity job over all journals.,US-LED-009,TC-LED-009-2,Negative functional,No partial rows persist after failure,NOT_EXECUTED,,
BFR-LED-009,P1,Ledger imbalance shall prevent posting.,Unbalanced journal fails transaction atomically.,Double-entry ledger,EPIC-LED,Ledger (`ledger-svc`),05-fds/domain-11-ledger.md#bfr-led-009,(no new endpoint) internal posting returns VALIDATION_FAILED with the computed imbalance.,enforced in the posting transaction; additionally verified by a scheduled integrity job over all journals.,US-LED-009,TC-LED-009-3,Positive functional,Integrity job detects any injected imbalance,NOT_EXECUTED,,
BFR-LED-009,P1,Ledger imbalance shall prevent posting.,Unbalanced journal fails transaction atomically.,Double-entry ledger,EPIC-LED,Ledger (`ledger-svc`),05-fds/domain-11-ledger.md#bfr-led-009,(no new endpoint) internal posting returns VALIDATION_FAILED with the computed imbalance.,enforced in the posting transaction; additionally verified by a scheduled integrity job over all journals.,US-LED-009,TC-LED-009-4,Concurrency,Concurrency does not create transient imbalance,NOT_EXECUTED,,
BFR-LED-010,P1,Ledger data shall support reconciliation.,Partner and settlement references are retained.,Double-entry ledger,EPIC-LED,Ledger (`ledger-svc`),05-fds/domain-11-ledger.md#bfr-led-010,GET /api/admin/v1/ledger/journals?partner_reference=,"journal.partner_reference, indexed for matching",US-LED-010,TC-LED-010-1,Positive functional,Partner reference retained on the journal,NOT_EXECUTED,,
BFR-LED-010,P1,Ledger data shall support reconciliation.,Partner and settlement references are retained.,Double-entry ledger,EPIC-LED,Ledger (`ledger-svc`),05-fds/domain-11-ledger.md#bfr-led-010,GET /api/admin/v1/ledger/journals?partner_reference=,"journal.partner_reference, indexed for matching",US-LED-010,TC-LED-010-2,Reconciliation,Settlement record matches its journal by reference,NOT_EXECUTED,,
BFR-LED-010,P1,Ledger data shall support reconciliation.,Partner and settlement references are retained.,Double-entry ledger,EPIC-LED,Ledger (`ledger-svc`),05-fds/domain-11-ledger.md#bfr-led-010,GET /api/admin/v1/ledger/journals?partner_reference=,"journal.partner_reference, indexed for matching",US-LED-010,TC-LED-010-3,Negative functional,"Late-arriving reference added by adjustment, not by editing",NOT_EXECUTED,,
BFR-LED-010,P1,Ledger data shall support reconciliation.,Partner and settlement references are retained.,Double-entry ledger,EPIC-LED,Ledger (`ledger-svc`),05-fds/domain-11-ledger.md#bfr-led-010,GET /api/admin/v1/ledger/journals?partner_reference=,"journal.partner_reference, indexed for matching",US-LED-010,TC-LED-010-4,Negative functional,Duplicate reference raises an exception,NOT_EXECUTED,,
BFR-LED-010,P1,Ledger data shall support reconciliation.,Partner and settlement references are retained.,Double-entry ledger,EPIC-LED,Ledger (`ledger-svc`),05-fds/domain-11-ledger.md#bfr-led-010,GET /api/admin/v1/ledger/journals?partner_reference=,"journal.partner_reference, indexed for matching",US-LED-010,TC-LED-010-5,Positive functional,Matching performs within target at volume,NOT_EXECUTED,,
BFR-SAV-001,P1,Customers shall create savings goals.,"Goal stores target amount, target date and purpose.",BuntuSave,EPIC-SAV,Savings (`savings-svc`),05-fds/domain-12-buntusave.md#bfr-sav-001,POST /api/v1/savings/goals; GET /api/v1/savings/goals,"savings_goal(name, purpose_code, target_amount_minor, currency, target_date, status)",US-SAV-001,TC-SAV-001-1,Positive functional,"Goal created with target, date and purpose",NOT_EXECUTED,,
BFR-SAV-001,P1,Customers shall create savings goals.,"Goal stores target amount, target date and purpose.",BuntuSave,EPIC-SAV,Savings (`savings-svc`),05-fds/domain-12-buntusave.md#bfr-sav-001,POST /api/v1/savings/goals; GET /api/v1/savings/goals,"savings_goal(name, purpose_code, target_amount_minor, currency, target_date, status)",US-SAV-001,TC-SAV-001-2,Negative functional,Past target date rejected,NOT_EXECUTED,,
BFR-SAV-001,P1,Customers shall create savings goals.,"Goal stores target amount, target date and purpose.",BuntuSave,EPIC-SAV,Savings (`savings-svc`),05-fds/domain-12-buntusave.md#bfr-sav-001,POST /api/v1/savings/goals; GET /api/v1/savings/goals,"savings_goal(name, purpose_code, target_amount_minor, currency, target_date, status)",US-SAV-001,TC-SAV-001-3,Positive functional,Provider displayed before commitment,NOT_EXECUTED,,
BFR-SAV-001,P1,Customers shall create savings goals.,"Goal stores target amount, target date and purpose.",BuntuSave,EPIC-SAV,Savings (`savings-svc`),05-fds/domain-12-buntusave.md#bfr-sav-001,POST /api/v1/savings/goals; GET /api/v1/savings/goals,"savings_goal(name, purpose_code, target_amount_minor, currency, target_date, status)",US-SAV-001,TC-SAV-001-4,Positive functional,Closure retains contribution history,NOT_EXECUTED,,
BFR-SAV-001,P1,Customers shall create savings goals.,"Goal stores target amount, target date and purpose.",BuntuSave,EPIC-SAV,Savings (`savings-svc`),05-fds/domain-12-buntusave.md#bfr-sav-001,POST /api/v1/savings/goals; GET /api/v1/savings/goals,"savings_goal(name, purpose_code, target_amount_minor, currency, target_date, status)",US-SAV-001,TC-SAV-001-5,Permissions,Only the owner sees the goal,NOT_EXECUTED,,
BFR-SAV-002,P1,Customers shall configure percentage savings rules.,Qualifying inflow causes configured percentage transfer/instruction.,BuntuSave,EPIC-SAV,Savings (`savings-svc`),05-fds/domain-12-buntusave.md#bfr-sav-002,POST /api/v1/savings/rules,"savings_rule, savings_contribution",US-SAV-002,TC-SAV-002-1,Positive functional,Confirmed inflow triggers the correct percentage,NOT_EXECUTED,,
BFR-SAV-002,P1,Customers shall configure percentage savings rules.,Qualifying inflow causes configured percentage transfer/instruction.,BuntuSave,EPIC-SAV,Savings (`savings-svc`),05-fds/domain-12-buntusave.md#bfr-sav-002,POST /api/v1/savings/rules,"savings_rule, savings_contribution",US-SAV-002,TC-SAV-002-2,Negative functional,Pending inflow does not trigger,NOT_EXECUTED,,
BFR-SAV-002,P1,Customers shall configure percentage savings rules.,Qualifying inflow causes configured percentage transfer/instruction.,BuntuSave,EPIC-SAV,Savings (`savings-svc`),05-fds/domain-12-buntusave.md#bfr-sav-002,POST /api/v1/savings/rules,"savings_rule, savings_contribution",US-SAV-002,TC-SAV-002-3,Idempotency,Replayed event does not save twice,NOT_EXECUTED,,
BFR-SAV-002,P1,Customers shall configure percentage savings rules.,Qualifying inflow causes configured percentage transfer/instruction.,BuntuSave,EPIC-SAV,Savings (`savings-svc`),05-fds/domain-12-buntusave.md#bfr-sav-002,POST /api/v1/savings/rules,"savings_rule, savings_contribution",US-SAV-002,TC-SAV-002-4,Decimal and rounding,"Rounding deterministic, remainders explicit",NOT_EXECUTED,,
BFR-SAV-002,P1,Customers shall configure percentage savings rules.,Qualifying inflow causes configured percentage transfer/instruction.,BuntuSave,EPIC-SAV,Savings (`savings-svc`),05-fds/domain-12-buntusave.md#bfr-sav-002,POST /api/v1/savings/rules,"savings_rule, savings_contribution",US-SAV-002,TC-SAV-002-5,Negative functional,Rule never overdraws the account,NOT_EXECUTED,,
BFR-SAV-002,P1,Customers shall configure percentage savings rules.,Qualifying inflow causes configured percentage transfer/instruction.,BuntuSave,EPIC-SAV,Savings (`savings-svc`),05-fds/domain-12-buntusave.md#bfr-sav-002,POST /api/v1/savings/rules,"savings_rule, savings_contribution",US-SAV-002,TC-SAV-002-6,Error handling,Provider failure leaves goal progress unchanged,NOT_EXECUTED,,
BFR-SAV-003,P2,Customers shall configure round-up saving.,Eligible payment calculates correct rounding amount.,BuntuSave,EPIC-SAV,Savings (`savings-svc`),05-fds/domain-12-buntusave.md#bfr-sav-003,POST /api/v1/savings/rules,"savings_rule.parameters, savings_contribution",US-SAV-003,TC-SAV-003-1,Positive functional,Round-up computed correctly,NOT_EXECUTED,,
BFR-SAV-003,P2,Customers shall configure round-up saving.,Eligible payment calculates correct rounding amount.,BuntuSave,EPIC-SAV,Savings (`savings-svc`),05-fds/domain-12-buntusave.md#bfr-sav-003,POST /api/v1/savings/rules,"savings_rule.parameters, savings_contribution",US-SAV-003,TC-SAV-003-2,Decimal and rounding,Exact multiple rounds up by zero,NOT_EXECUTED,,
BFR-SAV-003,P2,Customers shall configure round-up saving.,Eligible payment calculates correct rounding amount.,BuntuSave,EPIC-SAV,Savings (`savings-svc`),05-fds/domain-12-buntusave.md#bfr-sav-003,POST /api/v1/savings/rules,"savings_rule.parameters, savings_contribution",US-SAV-003,TC-SAV-003-3,Negative functional,Unconfirmed payment produces no round-up,NOT_EXECUTED,,
BFR-SAV-003,P2,Customers shall configure round-up saving.,Eligible payment calculates correct rounding amount.,BuntuSave,EPIC-SAV,Savings (`savings-svc`),05-fds/domain-12-buntusave.md#bfr-sav-003,POST /api/v1/savings/rules,"savings_rule.parameters, savings_contribution",US-SAV-003,TC-SAV-003-4,Reversal,Payment reversal reverses the round-up,NOT_EXECUTED,,
BFR-SAV-003,P2,Customers shall configure round-up saving.,Eligible payment calculates correct rounding amount.,BuntuSave,EPIC-SAV,Savings (`savings-svc`),05-fds/domain-12-buntusave.md#bfr-sav-003,POST /api/v1/savings/rules,"savings_rule.parameters, savings_contribution",US-SAV-003,TC-SAV-003-5,Positive functional,Batching composition visible to the customer,NOT_EXECUTED,,
BFR-SAV-004,P1,Customers shall configure scheduled saving.,Rule runs only according to configured schedule and authority.,BuntuSave,EPIC-SAV,Savings (`savings-svc`),05-fds/domain-12-buntusave.md#bfr-sav-004,POST /api/v1/savings/rules,"savings_rule, savings_contribution(scheduled_for)",US-SAV-004,TC-SAV-004-1,Positive functional,Rule runs on schedule,NOT_EXECUTED,,
BFR-SAV-004,P1,Customers shall configure scheduled saving.,Rule runs only according to configured schedule and authority.,BuntuSave,EPIC-SAV,Savings (`savings-svc`),05-fds/domain-12-buntusave.md#bfr-sav-004,POST /api/v1/savings/rules,"savings_rule, savings_contribution(scheduled_for)",US-SAV-004,TC-SAV-004-2,Idempotency,Scheduler restart does not double-execute,NOT_EXECUTED,,
BFR-SAV-004,P1,Customers shall configure scheduled saving.,Rule runs only according to configured schedule and authority.,BuntuSave,EPIC-SAV,Savings (`savings-svc`),05-fds/domain-12-buntusave.md#bfr-sav-004,POST /api/v1/savings/rules,"savings_rule, savings_contribution(scheduled_for)",US-SAV-004,TC-SAV-004-3,Concurrency,Concurrent scheduler instances execute once,NOT_EXECUTED,,
BFR-SAV-004,P1,Customers shall configure scheduled saving.,Rule runs only according to configured schedule and authority.,BuntuSave,EPIC-SAV,Savings (`savings-svc`),05-fds/domain-12-buntusave.md#bfr-sav-004,POST /api/v1/savings/rules,"savings_rule, savings_contribution(scheduled_for)",US-SAV-004,TC-SAV-004-4,Negative functional,Suspended customer's occurrence skipped with reason,NOT_EXECUTED,,
BFR-SAV-004,P1,Customers shall configure scheduled saving.,Rule runs only according to configured schedule and authority.,BuntuSave,EPIC-SAV,Savings (`savings-svc`),05-fds/domain-12-buntusave.md#bfr-sav-004,POST /api/v1/savings/rules,"savings_rule, savings_contribution(scheduled_for)",US-SAV-004,TC-SAV-004-5,Positive functional,"Missed occurrence recorded, not silently dropped",NOT_EXECUTED,,
BFR-SAV-005,P2,Customers shall pause savings rules.,Paused rule stops future automated saving actions.,BuntuSave,EPIC-SAV,Savings (`savings-svc`),05-fds/domain-12-buntusave.md#bfr-sav-005,POST /api/v1/savings/rules/{id}/pause,"savings_rule.status, savings_rule_status_history",US-SAV-005,TC-SAV-005-1,Positive functional,Paused rule does not execute,NOT_EXECUTED,,
BFR-SAV-005,P2,Customers shall pause savings rules.,Paused rule stops future automated saving actions.,BuntuSave,EPIC-SAV,Savings (`savings-svc`),05-fds/domain-12-buntusave.md#bfr-sav-005,POST /api/v1/savings/rules/{id}/pause,"savings_rule.status, savings_rule_status_history",US-SAV-005,TC-SAV-005-2,Concurrency,Queued job checks status at execution and skips,NOT_EXECUTED,,
BFR-SAV-005,P2,Customers shall pause savings rules.,Paused rule stops future automated saving actions.,BuntuSave,EPIC-SAV,Savings (`savings-svc`),05-fds/domain-12-buntusave.md#bfr-sav-005,POST /api/v1/savings/rules/{id}/pause,"savings_rule.status, savings_rule_status_history",US-SAV-005,TC-SAV-005-3,Negative functional,Resume does not back-fill,NOT_EXECUTED,,
BFR-SAV-005,P2,Customers shall pause savings rules.,Paused rule stops future automated saving actions.,BuntuSave,EPIC-SAV,Savings (`savings-svc`),05-fds/domain-12-buntusave.md#bfr-sav-005,POST /api/v1/savings/rules/{id}/pause,"savings_rule.status, savings_rule_status_history",US-SAV-005,TC-SAV-005-4,Positive functional,Platform-paused distinguishable from customer-paused,NOT_EXECUTED,,
BFR-SAV-006,P2,Customers shall cancel savings rules.,Cancelled rule does not create further transfers.,BuntuSave,EPIC-SAV,Savings (`savings-svc`),05-fds/domain-12-buntusave.md#bfr-sav-006,DELETE /api/v1/savings/rules/{id},savings_rule.status = CANCELLED,US-SAV-006,TC-SAV-006-1,Positive functional,Cancelled rule creates no further transfers,NOT_EXECUTED,,
BFR-SAV-006,P2,Customers shall cancel savings rules.,Cancelled rule does not create further transfers.,BuntuSave,EPIC-SAV,Savings (`savings-svc`),05-fds/domain-12-buntusave.md#bfr-sav-006,DELETE /api/v1/savings/rules/{id},savings_rule.status = CANCELLED,US-SAV-006,TC-SAV-006-2,Negative functional,Cancellation does not reverse past contributions,NOT_EXECUTED,,
BFR-SAV-006,P2,Customers shall cancel savings rules.,Cancelled rule does not create further transfers.,BuntuSave,EPIC-SAV,Savings (`savings-svc`),05-fds/domain-12-buntusave.md#bfr-sav-006,DELETE /api/v1/savings/rules/{id},savings_rule.status = CANCELLED,US-SAV-006,TC-SAV-006-3,Negative functional,Cancelled rule cannot be resumed,NOT_EXECUTED,,
BFR-SAV-006,P2,Customers shall cancel savings rules.,Cancelled rule does not create further transfers.,BuntuSave,EPIC-SAV,Savings (`savings-svc`),05-fds/domain-12-buntusave.md#bfr-sav-006,DELETE /api/v1/savings/rules/{id},savings_rule.status = CANCELLED,US-SAV-006,TC-SAV-006-4,Positive functional,Rule retained for reporting,NOT_EXECUTED,,
BFR-SAV-007,P2,Merchant reserve rules shall be supported.,Configurable percentage of merchant receipts can be allocated to reserve.,BuntuSave,EPIC-SAV,Savings (`savings-svc`),05-fds/domain-12-buntusave.md#bfr-sav-007,POST /api/v1/merchants/{id}/reserve-rule; GET /api/v1/merchants/{id}/reserve,"savings_rule(rule_type = MERCHANT_RESERVE), savings_goal of type reserve",US-SAV-007,TC-SAV-007-1,Positive functional,Confirmed receipt allocates the configured percentage,NOT_EXECUTED,,
BFR-SAV-007,P2,Merchant reserve rules shall be supported.,Configurable percentage of merchant receipts can be allocated to reserve.,BuntuSave,EPIC-SAV,Savings (`savings-svc`),05-fds/domain-12-buntusave.md#bfr-sav-007,POST /api/v1/merchants/{id}/reserve-rule; GET /api/v1/merchants/{id}/reserve,"savings_rule(rule_type = MERCHANT_RESERVE), savings_goal of type reserve",US-SAV-007,TC-SAV-007-2,Negative functional,Self-reported cash sale triggers no allocation,NOT_EXECUTED,,
BFR-SAV-007,P2,Merchant reserve rules shall be supported.,Configurable percentage of merchant receipts can be allocated to reserve.,BuntuSave,EPIC-SAV,Savings (`savings-svc`),05-fds/domain-12-buntusave.md#bfr-sav-007,POST /api/v1/merchants/{id}/reserve-rule; GET /api/v1/merchants/{id}/reserve,"savings_rule(rule_type = MERCHANT_RESERVE), savings_goal of type reserve",US-SAV-007,TC-SAV-007-3,Reversal,Reversed receipt reverses the allocation,NOT_EXECUTED,,
BFR-SAV-007,P2,Merchant reserve rules shall be supported.,Configurable percentage of merchant receipts can be allocated to reserve.,BuntuSave,EPIC-SAV,Savings (`savings-svc`),05-fds/domain-12-buntusave.md#bfr-sav-007,POST /api/v1/merchants/{id}/reserve-rule; GET /api/v1/merchants/{id}/reserve,"savings_rule(rule_type = MERCHANT_RESERVE), savings_goal of type reserve",US-SAV-007,TC-SAV-007-4,Positive functional,Allocation visible on settlement view,NOT_EXECUTED,,
BFR-SAV-007,P2,Merchant reserve rules shall be supported.,Configurable percentage of merchant receipts can be allocated to reserve.,BuntuSave,EPIC-SAV,Savings (`savings-svc`),05-fds/domain-12-buntusave.md#bfr-sav-007,POST /api/v1/merchants/{id}/reserve-rule; GET /api/v1/merchants/{id}/reserve,"savings_rule(rule_type = MERCHANT_RESERVE), savings_goal of type reserve",US-SAV-007,TC-SAV-007-5,Decimal and rounding,Percentage arithmetic exact in minor units,NOT_EXECUTED,,
BFR-SAV-008,P1,Savings recommendations shall require opt-in before activation.,Recommendation alone cannot move funds.,BuntuSave,EPIC-SAV,Savings (`savings-svc`),05-fds/domain-12-buntusave.md#bfr-sav-008,GET /api/v1/savings/recommendations; POST /api/v1/savings/rules,savings_rule.opt_in_at NOT NULL where the rule originated from a recommendation; recommendation_id retained.,US-SAV-008,TC-SAV-008-1,Negative functional,Recommendation alone moves no funds,NOT_EXECUTED,,
BFR-SAV-008,P1,Savings recommendations shall require opt-in before activation.,Recommendation alone cannot move funds.,BuntuSave,EPIC-SAV,Savings (`savings-svc`),05-fds/domain-12-buntusave.md#bfr-sav-008,GET /api/v1/savings/recommendations; POST /api/v1/savings/rules,savings_rule.opt_in_at NOT NULL where the rule originated from a recommendation; recommendation_id retained.,US-SAV-008,TC-SAV-008-2,Security,No endpoint executes a recommendation directly,NOT_EXECUTED,,
BFR-SAV-008,P1,Savings recommendations shall require opt-in before activation.,Recommendation alone cannot move funds.,BuntuSave,EPIC-SAV,Savings (`savings-svc`),05-fds/domain-12-buntusave.md#bfr-sav-008,GET /api/v1/savings/recommendations; POST /api/v1/savings/rules,savings_rule.opt_in_at NOT NULL where the rule originated from a recommendation; recommendation_id retained.,US-SAV-008,TC-SAV-008-3,Positive functional,Acceptance creates a rule with opt-in recorded,NOT_EXECUTED,,
BFR-SAV-008,P1,Savings recommendations shall require opt-in before activation.,Recommendation alone cannot move funds.,BuntuSave,EPIC-SAV,Savings (`savings-svc`),05-fds/domain-12-buntusave.md#bfr-sav-008,GET /api/v1/savings/recommendations; POST /api/v1/savings/rules,savings_rule.opt_in_at NOT NULL where the rule originated from a recommendation; recommendation_id retained.,US-SAV-008,TC-SAV-008-4,Audit verification,Opt-in auditable with the originating recommendation,NOT_EXECUTED,,
BFR-SAV-009,P1,Underlying regulated savings provider shall be identifiable.,Customer can see who legally holds/provides savings product.,BuntuSave,EPIC-SAV,Savings (`savings-svc`),05-fds/domain-12-buntusave.md#bfr-sav-009,"(no new endpoint) savings responses include legal_provider {partner_id, display_name, regulatory_reference}.",product_version.legal_provider_partner_id,US-SAV-009,TC-SAV-009-1,Positive functional,Provider displayed before first contribution,NOT_EXECUTED,,
BFR-SAV-009,P1,Underlying regulated savings provider shall be identifiable.,Customer can see who legally holds/provides savings product.,BuntuSave,EPIC-SAV,Savings (`savings-svc`),05-fds/domain-12-buntusave.md#bfr-sav-009,"(no new endpoint) savings responses include legal_provider {partner_id, display_name, regulatory_reference}.",product_version.legal_provider_partner_id,US-SAV-009,TC-SAV-009-2,Negative functional,Goal cannot be created without a provider,NOT_EXECUTED,,
BFR-SAV-009,P1,Underlying regulated savings provider shall be identifiable.,Customer can see who legally holds/provides savings product.,BuntuSave,EPIC-SAV,Savings (`savings-svc`),05-fds/domain-12-buntusave.md#bfr-sav-009,"(no new endpoint) savings responses include legal_provider {partner_id, display_name, regulatory_reference}.",product_version.legal_provider_partner_id,US-SAV-009,TC-SAV-009-3,Positive functional,Provider change notifies the customer,NOT_EXECUTED,,
BFR-SAV-009,P1,Underlying regulated savings provider shall be identifiable.,Customer can see who legally holds/provides savings product.,BuntuSave,EPIC-SAV,Savings (`savings-svc`),05-fds/domain-12-buntusave.md#bfr-sav-009,"(no new endpoint) savings responses include legal_provider {partner_id, display_name, regulatory_reference}.",product_version.legal_provider_partner_id,US-SAV-009,TC-SAV-009-4,Integration,Suspended provider blocks new contributions,NOT_EXECUTED,,
BFR-SAV-009,P1,Underlying regulated savings provider shall be identifiable.,Customer can see who legally holds/provides savings product.,BuntuSave,EPIC-SAV,Savings (`savings-svc`),05-fds/domain-12-buntusave.md#bfr-sav-009,"(no new endpoint) savings responses include legal_provider {partner_id, display_name, regulatory_reference}.",product_version.legal_provider_partner_id,US-SAV-009,TC-SAV-009-5,Positive functional,Provider shown on statements and receipts,NOT_EXECUTED,,
BFR-SAV-010,P1,Goal progress shall update after confirmed movements.,Failed or pending transfers do not inflate achieved savings.,BuntuSave,EPIC-SAV,Savings (`savings-svc`),05-fds/domain-12-buntusave.md#bfr-sav-010,GET /api/v1/savings/goals/{id},"savings_contribution.status, goal progress derived from confirmed rows only.",US-SAV-010,TC-SAV-010-1,Positive functional,Confirmed contribution advances progress,NOT_EXECUTED,,
BFR-SAV-010,P1,Goal progress shall update after confirmed movements.,Failed or pending transfers do not inflate achieved savings.,BuntuSave,EPIC-SAV,Savings (`savings-svc`),05-fds/domain-12-buntusave.md#bfr-sav-010,GET /api/v1/savings/goals/{id},"savings_contribution.status, goal progress derived from confirmed rows only.",US-SAV-010,TC-SAV-010-2,Negative functional,Pending contribution does not advance progress,NOT_EXECUTED,,
BFR-SAV-010,P1,Goal progress shall update after confirmed movements.,Failed or pending transfers do not inflate achieved savings.,BuntuSave,EPIC-SAV,Savings (`savings-svc`),05-fds/domain-12-buntusave.md#bfr-sav-010,GET /api/v1/savings/goals/{id},"savings_contribution.status, goal progress derived from confirmed rows only.",US-SAV-010,TC-SAV-010-3,Negative functional,Failed contribution does not advance progress,NOT_EXECUTED,,
BFR-SAV-010,P1,Goal progress shall update after confirmed movements.,Failed or pending transfers do not inflate achieved savings.,BuntuSave,EPIC-SAV,Savings (`savings-svc`),05-fds/domain-12-buntusave.md#bfr-sav-010,GET /api/v1/savings/goals/{id},"savings_contribution.status, goal progress derived from confirmed rows only.",US-SAV-010,TC-SAV-010-4,Reversal,Reversal reduces progress via a linked correction,NOT_EXECUTED,,
BFR-SAV-010,P1,Goal progress shall update after confirmed movements.,Failed or pending transfers do not inflate achieved savings.,BuntuSave,EPIC-SAV,Savings (`savings-svc`),05-fds/domain-12-buntusave.md#bfr-sav-010,GET /api/v1/savings/goals/{id},"savings_contribution.status, goal progress derived from confirmed rows only.",US-SAV-010,TC-SAV-010-5,Positive functional,"Progress derived, not stored as a counter",NOT_EXECUTED,,
BFR-SAV-010,P1,Goal progress shall update after confirmed movements.,Failed or pending transfers do not inflate achieved savings.,BuntuSave,EPIC-SAV,Savings (`savings-svc`),05-fds/domain-12-buntusave.md#bfr-sav-010,GET /api/v1/savings/goals/{id},"savings_contribution.status, goal progress derived from confirmed rows only.",US-SAV-010,TC-SAV-010-6,Integration,Passport savings metrics use confirmed only,NOT_EXECUTED,,
BFR-CIR-001,P1,User shall create a savings Circle.,"Founder can define name, purpose, contribution and schedule.",BuntuCircle,EPIC-CIR,Circles (`circle-svc`),05-fds/domain-13-buntucircle.md#bfr-cir-001,POST /api/v1/circles; POST /api/v1/circles/{id}/activate,"circle, circle_rule_version, circle_member, contribution_schedule",US-CIR-001,TC-CIR-001-1,Positive functional,"Circle created with name, purpose, contribution and schedule",NOT_EXECUTED,,
BFR-CIR-001,P1,User shall create a savings Circle.,"Founder can define name, purpose, contribution and schedule.",BuntuCircle,EPIC-CIR,Circles (`circle-svc`),05-fds/domain-13-buntucircle.md#bfr-cir-001,POST /api/v1/circles; POST /api/v1/circles/{id}/activate,"circle, circle_rule_version, circle_member, contribution_schedule",US-CIR-001,TC-CIR-001-2,Negative functional,Activation below minimum membership refused,NOT_EXECUTED,,
BFR-CIR-001,P1,User shall create a savings Circle.,"Founder can define name, purpose, contribution and schedule.",BuntuCircle,EPIC-CIR,Circles (`circle-svc`),05-fds/domain-13-buntucircle.md#bfr-cir-001,POST /api/v1/circles; POST /api/v1/circles/{id}/activate,"circle, circle_rule_version, circle_member, contribution_schedule",US-CIR-001,TC-CIR-001-3,Negative functional,Contribution above configured maximum refused,NOT_EXECUTED,,
BFR-CIR-001,P1,User shall create a savings Circle.,"Founder can define name, purpose, contribution and schedule.",BuntuCircle,EPIC-CIR,Circles (`circle-svc`),05-fds/domain-13-buntucircle.md#bfr-cir-001,POST /api/v1/circles; POST /api/v1/circles/{id}/activate,"circle, circle_rule_version, circle_member, contribution_schedule",US-CIR-001,TC-CIR-001-4,Positive functional,Rules stored as version 1,NOT_EXECUTED,,
BFR-CIR-001,P1,User shall create a savings Circle.,"Founder can define name, purpose, contribution and schedule.",BuntuCircle,EPIC-CIR,Circles (`circle-svc`),05-fds/domain-13-buntucircle.md#bfr-cir-001,POST /api/v1/circles; POST /api/v1/circles/{id}/activate,"circle, circle_rule_version, circle_member, contribution_schedule",US-CIR-001,TC-CIR-001-5,Permissions,Only a member can view the Circle,NOT_EXECUTED,,
BFR-CIR-002,P1,Circle shall support rotating savings model.,Payout order and cycles can be configured.,BuntuCircle,EPIC-CIR,Circles (`circle-svc`),05-fds/domain-13-buntucircle.md#bfr-cir-002,GET /api/v1/circles/{id}/payout-order; GET /api/v1/circles/{id}/cycles,"circle_cycle, payout_order(member_id, position, cycle_number)",US-CIR-002,TC-CIR-002-1,Positive functional,Payout order configured and visible to all members,NOT_EXECUTED,,
BFR-CIR-002,P1,Circle shall support rotating savings model.,Payout order and cycles can be configured.,BuntuCircle,EPIC-CIR,Circles (`circle-svc`),05-fds/domain-13-buntucircle.md#bfr-cir-002,GET /api/v1/circles/{id}/payout-order; GET /api/v1/circles/{id}/cycles,"circle_cycle, payout_order(member_id, position, cycle_number)",US-CIR-002,TC-CIR-002-2,Positive functional,Cycle pays out per the rule version,NOT_EXECUTED,,
BFR-CIR-002,P1,Circle shall support rotating savings model.,Payout order and cycles can be configured.,BuntuCircle,EPIC-CIR,Circles (`circle-svc`),05-fds/domain-13-buntucircle.md#bfr-cir-002,GET /api/v1/circles/{id}/payout-order; GET /api/v1/circles/{id}/cycles,"circle_cycle, payout_order(member_id, position, cycle_number)",US-CIR-002,TC-CIR-002-3,Negative functional,Order cannot be changed outside governance,NOT_EXECUTED,,
BFR-CIR-002,P1,Circle shall support rotating savings model.,Payout order and cycles can be configured.,BuntuCircle,EPIC-CIR,Circles (`circle-svc`),05-fds/domain-13-buntucircle.md#bfr-cir-002,GET /api/v1/circles/{id}/payout-order; GET /api/v1/circles/{id}/cycles,"circle_cycle, payout_order(member_id, position, cycle_number)",US-CIR-002,TC-CIR-002-4,Positive functional,Randomised order recorded and reproducible,NOT_EXECUTED,,
BFR-CIR-002,P1,Circle shall support rotating savings model.,Payout order and cycles can be configured.,BuntuCircle,EPIC-CIR,Circles (`circle-svc`),05-fds/domain-13-buntucircle.md#bfr-cir-002,GET /api/v1/circles/{id}/payout-order; GET /api/v1/circles/{id}/cycles,"circle_cycle, payout_order(member_id, position, cycle_number)",US-CIR-002,TC-CIR-002-5,Positive functional,"Outstanding contributions handled per rules, not by default",NOT_EXECUTED,,
BFR-CIR-003,P1,Circle shall support accumulating savings model.,Contributions can remain pooled toward configured goal.,BuntuCircle,EPIC-CIR,Circles (`circle-svc`),05-fds/domain-13-buntucircle.md#bfr-cir-003,GET /api/v1/circles/{id}/pool,"circle ledger account, circle_contribution",US-CIR-003,TC-CIR-003-1,Positive functional,Contributions accumulate towards the goal,NOT_EXECUTED,,
BFR-CIR-003,P1,Circle shall support accumulating savings model.,Contributions can remain pooled toward configured goal.,BuntuCircle,EPIC-CIR,Circles (`circle-svc`),05-fds/domain-13-buntucircle.md#bfr-cir-003,GET /api/v1/circles/{id}/pool,"circle ledger account, circle_contribution",US-CIR-003,TC-CIR-003-2,Positive functional,Pool balance equals the ledger account balance,NOT_EXECUTED,,
BFR-CIR-003,P1,Circle shall support accumulating savings model.,Contributions can remain pooled toward configured goal.,BuntuCircle,EPIC-CIR,Circles (`circle-svc`),05-fds/domain-13-buntucircle.md#bfr-cir-003,GET /api/v1/circles/{id}/pool,"circle ledger account, circle_contribution",US-CIR-003,TC-CIR-003-3,Negative functional,Distribution without approvals refused,NOT_EXECUTED,,
BFR-CIR-003,P1,Circle shall support accumulating savings model.,Contributions can remain pooled toward configured goal.,BuntuCircle,EPIC-CIR,Circles (`circle-svc`),05-fds/domain-13-buntucircle.md#bfr-cir-003,GET /api/v1/circles/{id}/pool,"circle ledger account, circle_contribution",US-CIR-003,TC-CIR-003-4,Positive functional,Individual attribution preserved,NOT_EXECUTED,,
BFR-CIR-004,P1,Members shall accept Circle rules before participation.,Acceptance timestamp and rule version recorded.,BuntuCircle,EPIC-CIR,Circles (`circle-svc`),05-fds/domain-13-buntucircle.md#bfr-cir-004,POST /api/v1/circles/{id}/members/{member_id}/accept,"rule_acceptance(member_id, rule_version_id, accepted_at)",US-CIR-004,TC-CIR-004-1,Positive functional,Acceptance recorded with version and timestamp,NOT_EXECUTED,,
BFR-CIR-004,P1,Members shall accept Circle rules before participation.,Acceptance timestamp and rule version recorded.,BuntuCircle,EPIC-CIR,Circles (`circle-svc`),05-fds/domain-13-buntucircle.md#bfr-cir-004,POST /api/v1/circles/{id}/members/{member_id}/accept,"rule_acceptance(member_id, rule_version_id, accepted_at)",US-CIR-004,TC-CIR-004-2,Negative functional,Contribution without acceptance refused,NOT_EXECUTED,,
BFR-CIR-004,P1,Members shall accept Circle rules before participation.,Acceptance timestamp and rule version recorded.,BuntuCircle,EPIC-CIR,Circles (`circle-svc`),05-fds/domain-13-buntucircle.md#bfr-cir-004,POST /api/v1/circles/{id}/members/{member_id}/accept,"rule_acceptance(member_id, rule_version_id, accepted_at)",US-CIR-004,TC-CIR-004-3,Positive functional,New version requires fresh acceptance,NOT_EXECUTED,,
BFR-CIR-004,P1,Members shall accept Circle rules before participation.,Acceptance timestamp and rule version recorded.,BuntuCircle,EPIC-CIR,Circles (`circle-svc`),05-fds/domain-13-buntucircle.md#bfr-cir-004,POST /api/v1/circles/{id}/members/{member_id}/accept,"rule_acceptance(member_id, rule_version_id, accepted_at)",US-CIR-004,TC-CIR-004-4,Security,Acceptance records append-only,NOT_EXECUTED,,
BFR-CIR-004,P1,Members shall accept Circle rules before participation.,Acceptance timestamp and rule version recorded.,BuntuCircle,EPIC-CIR,Circles (`circle-svc`),05-fds/domain-13-buntucircle.md#bfr-cir-004,POST /api/v1/circles/{id}/members/{member_id}/accept,"rule_acceptance(member_id, rule_version_id, accepted_at)",US-CIR-004,TC-CIR-004-5,Positive functional,Rules displayed in the member's language,NOT_EXECUTED,,
BFR-CIR-005,P1,Circle rules shall be version-controlled.,Historical and current rules are retrievable.,BuntuCircle,EPIC-CIR,Circles (`circle-svc`),05-fds/domain-13-buntucircle.md#bfr-cir-005,GET /api/v1/circles/{id}/rules/versions; GET .../rules?as_of=,circle_rule_version (append-only),US-CIR-005,TC-CIR-005-1,Positive functional,New version created; old version retrievable,NOT_EXECUTED,,
BFR-CIR-005,P1,Circle rules shall be version-controlled.,Historical and current rules are retrievable.,BuntuCircle,EPIC-CIR,Circles (`circle-svc`),05-fds/domain-13-buntucircle.md#bfr-cir-005,GET /api/v1/circles/{id}/rules/versions; GET .../rules?as_of=,circle_rule_version (append-only),US-CIR-005,TC-CIR-005-2,Security,In-force version cannot be edited,NOT_EXECUTED,,
BFR-CIR-005,P1,Circle rules shall be version-controlled.,Historical and current rules are retrievable.,BuntuCircle,EPIC-CIR,Circles (`circle-svc`),05-fds/domain-13-buntucircle.md#bfr-cir-005,GET /api/v1/circles/{id}/rules/versions; GET .../rules?as_of=,circle_rule_version (append-only),US-CIR-005,TC-CIR-005-3,Positive functional,Change requires the current version's threshold,NOT_EXECUTED,,
BFR-CIR-005,P1,Circle rules shall be version-controlled.,Historical and current rules are retrievable.,BuntuCircle,EPIC-CIR,Circles (`circle-svc`),05-fds/domain-13-buntucircle.md#bfr-cir-005,GET /api/v1/circles/{id}/rules/versions; GET .../rules?as_of=,circle_rule_version (append-only),US-CIR-005,TC-CIR-005-4,Positive functional,Every transaction records its rule version,NOT_EXECUTED,,
BFR-CIR-005,P1,Circle rules shall be version-controlled.,Historical and current rules are retrievable.,BuntuCircle,EPIC-CIR,Circles (`circle-svc`),05-fds/domain-13-buntucircle.md#bfr-cir-005,GET /api/v1/circles/{id}/rules/versions; GET .../rules?as_of=,circle_rule_version (append-only),US-CIR-005,TC-CIR-005-5,Positive functional,As-of query resolves the historically correct version,NOT_EXECUTED,,
BFR-CIR-006,P1,Contributions shall be tracked per member.,"Paid, due, late and missed status available.",BuntuCircle,EPIC-CIR,Circles (`circle-svc`),05-fds/domain-13-buntucircle.md#bfr-cir-006,GET /api/v1/circles/{id}/contributions?period=; POST /api/v1/circles/{id}/contributions,"contribution_schedule, circle_contribution(status)",US-CIR-006,TC-CIR-006-1,Positive functional,"Paid, due, late and missed all represented",NOT_EXECUTED,,
BFR-CIR-006,P1,Contributions shall be tracked per member.,"Paid, due, late and missed status available.",BuntuCircle,EPIC-CIR,Circles (`circle-svc`),05-fds/domain-13-buntucircle.md#bfr-cir-006,GET /api/v1/circles/{id}/contributions?period=; POST /api/v1/circles/{id}/contributions,"contribution_schedule, circle_contribution(status)",US-CIR-006,TC-CIR-006-2,Negative functional,Status cannot be set manually by an administrator,NOT_EXECUTED,,
BFR-CIR-006,P1,Contributions shall be tracked per member.,"Paid, due, late and missed status available.",BuntuCircle,EPIC-CIR,Circles (`circle-svc`),05-fds/domain-13-buntucircle.md#bfr-cir-006,GET /api/v1/circles/{id}/contributions?period=; POST /api/v1/circles/{id}/contributions,"contribution_schedule, circle_contribution(status)",US-CIR-006,TC-CIR-006-3,Negative functional,Unconfirmed payment does not count as paid,NOT_EXECUTED,,
BFR-CIR-006,P1,Contributions shall be tracked per member.,"Paid, due, late and missed status available.",BuntuCircle,EPIC-CIR,Circles (`circle-svc`),05-fds/domain-13-buntucircle.md#bfr-cir-006,GET /api/v1/circles/{id}/contributions?period=; POST /api/v1/circles/{id}/contributions,"contribution_schedule, circle_contribution(status)",US-CIR-006,TC-CIR-006-4,Reversal,Reversal reverts status with a correction,NOT_EXECUTED,,
BFR-CIR-006,P1,Contributions shall be tracked per member.,"Paid, due, late and missed status available.",BuntuCircle,EPIC-CIR,Circles (`circle-svc`),05-fds/domain-13-buntucircle.md#bfr-cir-006,GET /api/v1/circles/{id}/contributions?period=; POST /api/v1/circles/{id}/contributions,"contribution_schedule, circle_contribution(status)",US-CIR-006,TC-CIR-006-5,Permissions,Non-members cannot see the grid,NOT_EXECUTED,,
BFR-CIR-007,P1,Members shall view transparent Circle ledger.,Authorised members see group transactions and references.,BuntuCircle,EPIC-CIR,Circles (`circle-svc`),05-fds/domain-13-buntucircle.md#bfr-cir-007,GET /api/v1/circles/{id}/ledger?from=&to=,projection over journal/journal_line for the Circle account.,US-CIR-007,TC-CIR-007-1,Positive functional,All group movements visible to members,NOT_EXECUTED,,
BFR-CIR-007,P1,Members shall view transparent Circle ledger.,Authorised members see group transactions and references.,BuntuCircle,EPIC-CIR,Circles (`circle-svc`),05-fds/domain-13-buntucircle.md#bfr-cir-007,GET /api/v1/circles/{id}/ledger?from=&to=,projection over journal/journal_line for the Circle account.,US-CIR-007,TC-CIR-007-2,Security,No personal data beyond display names exposed,NOT_EXECUTED,,
BFR-CIR-007,P1,Members shall view transparent Circle ledger.,Authorised members see group transactions and references.,BuntuCircle,EPIC-CIR,Circles (`circle-svc`),05-fds/domain-13-buntucircle.md#bfr-cir-007,GET /api/v1/circles/{id}/ledger?from=&to=,projection over journal/journal_line for the Circle account.,US-CIR-007,TC-CIR-007-3,Positive functional,Ledger reconciles exactly to the general ledger,NOT_EXECUTED,,
BFR-CIR-007,P1,Members shall view transparent Circle ledger.,Authorised members see group transactions and references.,BuntuCircle,EPIC-CIR,Circles (`circle-svc`),05-fds/domain-13-buntucircle.md#bfr-cir-007,GET /api/v1/circles/{id}/ledger?from=&to=,projection over journal/journal_line for the Circle account.,US-CIR-007,TC-CIR-007-4,Permissions,Former member sees only their entitled scope,NOT_EXECUTED,,
BFR-CIR-007,P1,Members shall view transparent Circle ledger.,Authorised members see group transactions and references.,BuntuCircle,EPIC-CIR,Circles (`circle-svc`),05-fds/domain-13-buntucircle.md#bfr-cir-007,GET /api/v1/circles/{id}/ledger?from=&to=,projection over journal/journal_line for the Circle account.,US-CIR-007,TC-CIR-007-5,Positive functional,Every entry has a quotable reference,NOT_EXECUTED,,
BFR-CIR-008,P1,Administrators shall not delete financial history.,Posted contributions cannot be silently removed.,BuntuCircle,EPIC-CIR,Circles (`circle-svc`),05-fds/domain-13-buntucircle.md#bfr-cir-008,(no new endpoint) no delete endpoint exists for contributions or Circle ledger entries.,contributions and journals are append-only (LED-002).,US-CIR-008,TC-CIR-008-1,Security,No delete path exists for any Circle role,NOT_EXECUTED,,
BFR-CIR-008,P1,Administrators shall not delete financial history.,Posted contributions cannot be silently removed.,BuntuCircle,EPIC-CIR,Circles (`circle-svc`),05-fds/domain-13-buntucircle.md#bfr-cir-008,(no new endpoint) no delete endpoint exists for contributions or Circle ledger entries.,contributions and journals are append-only (LED-002).,US-CIR-008,TC-CIR-008-2,Positive functional,Correction is a visible reversal requiring approval,NOT_EXECUTED,,
BFR-CIR-008,P1,Administrators shall not delete financial history.,Posted contributions cannot be silently removed.,BuntuCircle,EPIC-CIR,Circles (`circle-svc`),05-fds/domain-13-buntucircle.md#bfr-cir-008,(no new endpoint) no delete endpoint exists for contributions or Circle ledger entries.,contributions and journals are append-only (LED-002).,US-CIR-008,TC-CIR-008-3,Negative functional,Member removal retains contribution history,NOT_EXECUTED,,
BFR-CIR-008,P1,Administrators shall not delete financial history.,Posted contributions cannot be silently removed.,BuntuCircle,EPIC-CIR,Circles (`circle-svc`),05-fds/domain-13-buntucircle.md#bfr-cir-008,(no new endpoint) no delete endpoint exists for contributions or Circle ledger entries.,contributions and journals are append-only (LED-002).,US-CIR-008,TC-CIR-008-4,Audit verification,Delete attempt audited,NOT_EXECUTED,,
BFR-CIR-009,P2,Circle shall support member invitation.,Invite via supported phone/link/QR workflow.,BuntuCircle,EPIC-CIR,Circles (`circle-svc`),05-fds/domain-13-buntucircle.md#bfr-cir-009,POST /api/v1/circles/{id}/invitations; POST /api/v1/invitations/{token}/accept,"circle_invitation(token_hash, channel, expires_at, status)",US-CIR-009,TC-CIR-009-1,Positive functional,Invitation by each supported channel works,NOT_EXECUTED,,
BFR-CIR-009,P2,Circle shall support member invitation.,Invite via supported phone/link/QR workflow.,BuntuCircle,EPIC-CIR,Circles (`circle-svc`),05-fds/domain-13-buntucircle.md#bfr-cir-009,POST /api/v1/circles/{id}/invitations; POST /api/v1/invitations/{token}/accept,"circle_invitation(token_hash, channel, expires_at, status)",US-CIR-009,TC-CIR-009-2,Security,"Token single-use, hashed, expiring",NOT_EXECUTED,,
BFR-CIR-009,P2,Circle shall support member invitation.,Invite via supported phone/link/QR workflow.,BuntuCircle,EPIC-CIR,Circles (`circle-svc`),05-fds/domain-13-buntucircle.md#bfr-cir-009,POST /api/v1/circles/{id}/invitations; POST /api/v1/invitations/{token}/accept,"circle_invitation(token_hash, channel, expires_at, status)",US-CIR-009,TC-CIR-009-3,Negative functional,Acceptance still requires rule acceptance,NOT_EXECUTED,,
BFR-CIR-009,P2,Circle shall support member invitation.,Invite via supported phone/link/QR workflow.,BuntuCircle,EPIC-CIR,Circles (`circle-svc`),05-fds/domain-13-buntucircle.md#bfr-cir-009,POST /api/v1/circles/{id}/invitations; POST /api/v1/invitations/{token}/accept,"circle_invitation(token_hash, channel, expires_at, status)",US-CIR-009,TC-CIR-009-4,Negative functional,Member limit blocks acceptance,NOT_EXECUTED,,
BFR-CIR-009,P2,Circle shall support member invitation.,Invite via supported phone/link/QR workflow.,BuntuCircle,EPIC-CIR,Circles (`circle-svc`),05-fds/domain-13-buntucircle.md#bfr-cir-009,POST /api/v1/circles/{id}/invitations; POST /api/v1/invitations/{token}/accept,"circle_invitation(token_hash, channel, expires_at, status)",US-CIR-009,TC-CIR-009-5,Security,Invitation rate-limited,NOT_EXECUTED,,
BFR-CIR-010,P2,Member exit shall follow configurable rules.,Exit action triggers configured settlement/approval process.,BuntuCircle,EPIC-CIR,Circles (`circle-svc`),05-fds/domain-13-buntucircle.md#bfr-cir-010,POST /api/v1/circles/{id}/members/{id}/exit; GET .../exit-requests/{id},"circle_member.status, exit_request(status, settlement_amount_minor)",US-CIR-010,TC-CIR-010-1,Positive functional,Exit follows the configured process,NOT_EXECUTED,,
BFR-CIR-010,P2,Member exit shall follow configurable rules.,Exit action triggers configured settlement/approval process.,BuntuCircle,EPIC-CIR,Circles (`circle-svc`),05-fds/domain-13-buntucircle.md#bfr-cir-010,POST /api/v1/circles/{id}/members/{id}/exit; GET .../exit-requests/{id},"circle_member.status, exit_request(status, settlement_amount_minor)",US-CIR-010,TC-CIR-010-2,Negative functional,Exit with obligations blocked pending settlement,NOT_EXECUTED,,
BFR-CIR-010,P2,Member exit shall follow configurable rules.,Exit action triggers configured settlement/approval process.,BuntuCircle,EPIC-CIR,Circles (`circle-svc`),05-fds/domain-13-buntucircle.md#bfr-cir-010,POST /api/v1/circles/{id}/members/{id}/exit; GET .../exit-requests/{id},"circle_member.status, exit_request(status, settlement_amount_minor)",US-CIR-010,TC-CIR-010-3,Positive functional,Terms applied are those the member accepted,NOT_EXECUTED,,
BFR-CIR-010,P2,Member exit shall follow configurable rules.,Exit action triggers configured settlement/approval process.,BuntuCircle,EPIC-CIR,Circles (`circle-svc`),05-fds/domain-13-buntucircle.md#bfr-cir-010,POST /api/v1/circles/{id}/members/{id}/exit; GET .../exit-requests/{id},"circle_member.status, exit_request(status, settlement_amount_minor)",US-CIR-010,TC-CIR-010-4,Negative functional,Exit does not delete history,NOT_EXECUTED,,
BFR-CIR-010,P2,Member exit shall follow configurable rules.,Exit action triggers configured settlement/approval process.,BuntuCircle,EPIC-CIR,Circles (`circle-svc`),05-fds/domain-13-buntucircle.md#bfr-cir-010,POST /api/v1/circles/{id}/members/{id}/exit; GET .../exit-requests/{id},"circle_member.status, exit_request(status, settlement_amount_minor)",US-CIR-010,TC-CIR-010-5,Integration,Exit breaching minimum membership notifies the group,NOT_EXECUTED,,
BFR-CG-001,P1,Circle shall support configurable voting.,Proposal can define threshold and voting period.,Circle governance and payouts,EPIC-CG,Circles (`circle-svc`),05-fds/domain-14-circle-governance.md#bfr-cg-001,POST /api/v1/circles/{id}/proposals; POST .../proposals/{pid}/votes; GET .../proposals/{pid},"proposal(type, threshold_type, threshold_value, opens_at, closes_at, status), vote",US-CG-001,TC-CG-001-1,Positive functional,Proposal with threshold and period reaches an outcome,NOT_EXECUTED,,
BFR-CG-001,P1,Circle shall support configurable voting.,Proposal can define threshold and voting period.,Circle governance and payouts,EPIC-CG,Circles (`circle-svc`),05-fds/domain-14-circle-governance.md#bfr-cg-001,POST /api/v1/circles/{id}/proposals; POST .../proposals/{pid}/votes; GET .../proposals/{pid},"proposal(type, threshold_type, threshold_value, opens_at, closes_at, status), vote",US-CG-001,TC-CG-001-2,Negative functional,Vote after close refused,NOT_EXECUTED,,
BFR-CG-001,P1,Circle shall support configurable voting.,Proposal can define threshold and voting period.,Circle governance and payouts,EPIC-CG,Circles (`circle-svc`),05-fds/domain-14-circle-governance.md#bfr-cg-001,POST /api/v1/circles/{id}/proposals; POST .../proposals/{pid}/votes; GET .../proposals/{pid},"proposal(type, threshold_type, threshold_value, opens_at, closes_at, status), vote",US-CG-001,TC-CG-001-3,Permissions,Ineligible member cannot vote,NOT_EXECUTED,,
BFR-CG-001,P1,Circle shall support configurable voting.,Proposal can define threshold and voting period.,Circle governance and payouts,EPIC-CG,Circles (`circle-svc`),05-fds/domain-14-circle-governance.md#bfr-cg-001,POST /api/v1/circles/{id}/proposals; POST .../proposals/{pid}/votes; GET .../proposals/{pid},"proposal(type, threshold_type, threshold_value, opens_at, closes_at, status), vote",US-CG-001,TC-CG-001-4,Negative functional,Threshold cannot change while open,NOT_EXECUTED,,
BFR-CG-001,P1,Circle shall support configurable voting.,Proposal can define threshold and voting period.,Circle governance and payouts,EPIC-CG,Circles (`circle-svc`),05-fds/domain-14-circle-governance.md#bfr-cg-001,POST /api/v1/circles/{id}/proposals; POST .../proposals/{pid}/votes; GET .../proposals/{pid},"proposal(type, threshold_type, threshold_value, opens_at, closes_at, status), vote",US-CG-001,TC-CG-001-5,Positive functional,Voter set frozen at creation,NOT_EXECUTED,,
BFR-CG-001,P1,Circle shall support configurable voting.,Proposal can define threshold and voting period.,Circle governance and payouts,EPIC-CG,Circles (`circle-svc`),05-fds/domain-14-circle-governance.md#bfr-cg-001,POST /api/v1/circles/{id}/proposals; POST .../proposals/{pid}/votes; GET .../proposals/{pid},"proposal(type, threshold_type, threshold_value, opens_at, closes_at, status), vote",US-CG-001,TC-CG-001-6,Audit verification,Every vote audited,NOT_EXECUTED,,
BFR-CG-002,P1,Circle shall support multiple approval thresholds.,Payment can require N-of-M approvals.,Circle governance and payouts,EPIC-CG,Circles (`circle-svc`),05-fds/domain-14-circle-governance.md#bfr-cg-002,POST /api/v1/circles/{id}/payouts; POST .../payouts/{pid}/approve,"approval(request_id, approver_id, decision, decided_at), payout.required_approvals",US-CG-002,TC-CG-002-1,Positive functional,Payout executes at the Nth approval,NOT_EXECUTED,,
BFR-CG-002,P1,Circle shall support multiple approval thresholds.,Payment can require N-of-M approvals.,Circle governance and payouts,EPIC-CG,Circles (`circle-svc`),05-fds/domain-14-circle-governance.md#bfr-cg-002,POST /api/v1/circles/{id}/payouts; POST .../payouts/{pid}/approve,"approval(request_id, approver_id, decision, decided_at), payout.required_approvals",US-CG-002,TC-CG-002-2,Negative functional,Execution below threshold refused,NOT_EXECUTED,,
BFR-CG-002,P1,Circle shall support multiple approval thresholds.,Payment can require N-of-M approvals.,Circle governance and payouts,EPIC-CG,Circles (`circle-svc`),05-fds/domain-14-circle-governance.md#bfr-cg-002,POST /api/v1/circles/{id}/payouts; POST .../payouts/{pid}/approve,"approval(request_id, approver_id, decision, decided_at), payout.required_approvals",US-CG-002,TC-CG-002-3,Concurrency,Concurrent approvals cannot over-count,NOT_EXECUTED,,
BFR-CG-002,P1,Circle shall support multiple approval thresholds.,Payment can require N-of-M approvals.,Circle governance and payouts,EPIC-CG,Circles (`circle-svc`),05-fds/domain-14-circle-governance.md#bfr-cg-002,POST /api/v1/circles/{id}/payouts; POST .../payouts/{pid}/approve,"approval(request_id, approver_id, decision, decided_at), payout.required_approvals",US-CG-002,TC-CG-002-4,Negative functional,M frozen at creation,NOT_EXECUTED,,
BFR-CG-002,P1,Circle shall support multiple approval thresholds.,Payment can require N-of-M approvals.,Circle governance and payouts,EPIC-CG,Circles (`circle-svc`),05-fds/domain-14-circle-governance.md#bfr-cg-002,POST /api/v1/circles/{id}/payouts; POST .../payouts/{pid}/approve,"approval(request_id, approver_id, decision, decided_at), payout.required_approvals",US-CG-002,TC-CG-002-5,Audit verification,Every approval audited,NOT_EXECUTED,,
BFR-CG-003,P1,Approver shall not approve same request twice.,Duplicate approval is rejected.,Circle governance and payouts,EPIC-CG,Circles (`circle-svc`),05-fds/domain-14-circle-governance.md#bfr-cg-003,POST .../approve,"approval UNIQUE (request_id, approver_id)",US-CG-003,TC-CG-003-1,Negative functional,Second approval rejected,NOT_EXECUTED,,
BFR-CG-003,P1,Approver shall not approve same request twice.,Duplicate approval is rejected.,Circle governance and payouts,EPIC-CG,Circles (`circle-svc`),05-fds/domain-14-circle-governance.md#bfr-cg-003,POST .../approve,"approval UNIQUE (request_id, approver_id)",US-CG-003,TC-CG-003-2,Concurrency,Concurrent duplicate approvals counted once,NOT_EXECUTED,,
BFR-CG-003,P1,Approver shall not approve same request twice.,Duplicate approval is rejected.,Circle governance and payouts,EPIC-CG,Circles (`circle-svc`),05-fds/domain-14-circle-governance.md#bfr-cg-003,POST .../approve,"approval UNIQUE (request_id, approver_id)",US-CG-003,TC-CG-003-3,Security,Database constraint enforces uniqueness,NOT_EXECUTED,,
BFR-CG-003,P1,Approver shall not approve same request twice.,Duplicate approval is rejected.,Circle governance and payouts,EPIC-CG,Circles (`circle-svc`),05-fds/domain-14-circle-governance.md#bfr-cg-003,POST .../approve,"approval UNIQUE (request_id, approver_id)",US-CG-003,TC-CG-003-4,Negative functional,Dual-role member counts once,NOT_EXECUTED,,
BFR-CG-004,P1,Payout sequence shall be visible to members.,Current and future planned recipients are displayed.,Circle governance and payouts,EPIC-CG,Circles (`circle-svc`),05-fds/domain-14-circle-governance.md#bfr-cg-004,GET /api/v1/circles/{id}/payout-order,"payout_order, circle_payout",US-CG-004,TC-CG-004-1,Positive functional,Full sequence visible to every member,NOT_EXECUTED,,
BFR-CG-004,P1,Payout sequence shall be visible to members.,Current and future planned recipients are displayed.,Circle governance and payouts,EPIC-CG,Circles (`circle-svc`),05-fds/domain-14-circle-governance.md#bfr-cg-004,GET /api/v1/circles/{id}/payout-order,"payout_order, circle_payout",US-CG-004,TC-CG-004-2,Positive functional,Changes shown with their governance record,NOT_EXECUTED,,
BFR-CG-004,P1,Payout sequence shall be visible to members.,Current and future planned recipients are displayed.,Circle governance and payouts,EPIC-CG,Circles (`circle-svc`),05-fds/domain-14-circle-governance.md#bfr-cg-004,GET /api/v1/circles/{id}/payout-order,"payout_order, circle_payout",US-CG-004,TC-CG-004-3,Positive functional,Completed payouts show actual amount and date,NOT_EXECUTED,,
BFR-CG-004,P1,Payout sequence shall be visible to members.,Current and future planned recipients are displayed.,Circle governance and payouts,EPIC-CG,Circles (`circle-svc`),05-fds/domain-14-circle-governance.md#bfr-cg-004,GET /api/v1/circles/{id}/payout-order,"payout_order, circle_payout",US-CG-004,TC-CG-004-4,Positive functional,Disruption shown with a reason,NOT_EXECUTED,,
BFR-CG-005,P1,Payout-order changes shall follow rules.,Unauthorised administrator cannot silently reorder recipients.,Circle governance and payouts,EPIC-CG,Circles (`circle-svc`),05-fds/domain-14-circle-governance.md#bfr-cg-005,POST .../proposals,payout_order versioned by proposal.,US-CG-005,TC-CG-005-1,Security,No direct reorder endpoint exists,NOT_EXECUTED,,
BFR-CG-005,P1,Payout-order changes shall follow rules.,Unauthorised administrator cannot silently reorder recipients.,Circle governance and payouts,EPIC-CG,Circles (`circle-svc`),05-fds/domain-14-circle-governance.md#bfr-cg-005,POST .../proposals,payout_order versioned by proposal.,US-CG-005,TC-CG-005-2,Positive functional,Reorder via approved proposal works,NOT_EXECUTED,,
BFR-CG-005,P1,Payout-order changes shall follow rules.,Unauthorised administrator cannot silently reorder recipients.,Circle governance and payouts,EPIC-CG,Circles (`circle-svc`),05-fds/domain-14-circle-governance.md#bfr-cg-005,POST .../proposals,payout_order versioned by proposal.,US-CG-005,TC-CG-005-3,Negative functional,Administrator cannot reorder unilaterally,NOT_EXECUTED,,
BFR-CG-005,P1,Payout-order changes shall follow rules.,Unauthorised administrator cannot silently reorder recipients.,Circle governance and payouts,EPIC-CG,Circles (`circle-svc`),05-fds/domain-14-circle-governance.md#bfr-cg-005,POST .../proposals,payout_order versioned by proposal.,US-CG-005,TC-CG-005-4,Positive functional,All members notified of an approved change,NOT_EXECUTED,,
BFR-CG-005,P1,Payout-order changes shall follow rules.,Unauthorised administrator cannot silently reorder recipients.,Circle governance and payouts,EPIC-CG,Circles (`circle-svc`),05-fds/domain-14-circle-governance.md#bfr-cg-005,POST .../proposals,payout_order versioned by proposal.,US-CG-005,TC-CG-005-5,Negative functional,Completed payouts unaffected,NOT_EXECUTED,,
BFR-CG-006,P2,Circle shall notify members of contribution deadlines.,Reminder issued according to configured schedule.,Circle governance and payouts,EPIC-CG,Circles (`circle-svc`),05-fds/domain-14-circle-governance.md#bfr-cg-006,GET /api/v1/circles/{id}/upcoming,"contribution_schedule, notification records.",US-CG-006,TC-CG-006-1,Positive functional,Reminder issued per schedule,NOT_EXECUTED,,
BFR-CG-006,P2,Circle shall notify members of contribution deadlines.,Reminder issued according to configured schedule.,Circle governance and payouts,EPIC-CG,Circles (`circle-svc`),05-fds/domain-14-circle-governance.md#bfr-cg-006,GET /api/v1/circles/{id}/upcoming,"contribution_schedule, notification records.",US-CG-006,TC-CG-006-2,Positive functional,Reminders stop after confirmation,NOT_EXECUTED,,
BFR-CG-006,P2,Circle shall notify members of contribution deadlines.,Reminder issued according to configured schedule.,Circle governance and payouts,EPIC-CG,Circles (`circle-svc`),05-fds/domain-14-circle-governance.md#bfr-cg-006,GET /api/v1/circles/{id}/upcoming,"contribution_schedule, notification records.",US-CG-006,TC-CG-006-3,Negative functional,Marketing opt-out does not suppress them,NOT_EXECUTED,,
BFR-CG-006,P2,Circle shall notify members of contribution deadlines.,Reminder issued according to configured schedule.,Circle governance and payouts,EPIC-CG,Circles (`circle-svc`),05-fds/domain-14-circle-governance.md#bfr-cg-006,GET /api/v1/circles/{id}/upcoming,"contribution_schedule, notification records.",US-CG-006,TC-CG-006-4,Security,No third-party disclosure of another member's status,NOT_EXECUTED,,
BFR-CG-007,P2,Late contribution status shall be visible.,Member and authorised group users see overdue state.,Circle governance and payouts,EPIC-CG,Circles (`circle-svc`),05-fds/domain-14-circle-governance.md#bfr-cg-007,GET /api/v1/circles/{id}/contributions?status=LATE,circle_contribution.status,US-CG-007,TC-CG-007-1,Positive functional,Overdue status derived and displayed,NOT_EXECUTED,,
BFR-CG-007,P2,Late contribution status shall be visible.,Member and authorised group users see overdue state.,Circle governance and payouts,EPIC-CG,Circles (`circle-svc`),05-fds/domain-14-circle-governance.md#bfr-cg-007,GET /api/v1/circles/{id}/contributions?status=LATE,circle_contribution.status,US-CG-007,TC-CG-007-2,Negative functional,Status cannot be set manually,NOT_EXECUTED,,
BFR-CG-007,P2,Late contribution status shall be visible.,Member and authorised group users see overdue state.,Circle governance and payouts,EPIC-CG,Circles (`circle-svc`),05-fds/domain-14-circle-governance.md#bfr-cg-007,GET /api/v1/circles/{id}/contributions?status=LATE,circle_contribution.status,US-CG-007,TC-CG-007-3,Positive functional,"Icon and text used, not colour alone",NOT_EXECUTED,,
BFR-CG-007,P2,Late contribution status shall be visible.,Member and authorised group users see overdue state.,Circle governance and payouts,EPIC-CG,Circles (`circle-svc`),05-fds/domain-14-circle-governance.md#bfr-cg-007,GET /api/v1/circles/{id}/contributions?status=LATE,circle_contribution.status,US-CG-007,TC-CG-007-4,Positive functional,Late payment records paid-late,NOT_EXECUTED,,
BFR-CG-008,P1,Circle behaviour may feed Financial Passport with consent.,Contribution summary included only after appropriate consent.,Circle governance and payouts,EPIC-CG,Circles (`circle-svc`),05-fds/domain-14-circle-governance.md#bfr-cg-008,POST /api/v1/consents,passport_metric_source with data_source = CIRCLE and a consent reference.,US-CG-008,TC-CG-008-1,Positive functional,"With consent, Circle summary contributes",NOT_EXECUTED,,
BFR-CG-008,P1,Circle behaviour may feed Financial Passport with consent.,Contribution summary included only after appropriate consent.,Circle governance and payouts,EPIC-CG,Circles (`circle-svc`),05-fds/domain-14-circle-governance.md#bfr-cg-008,POST /api/v1/consents,passport_metric_source with data_source = CIRCLE and a consent reference.,US-CG-008,TC-CG-008-2,Negative functional,"Without the specific consent, it does not",NOT_EXECUTED,,
BFR-CG-008,P1,Circle behaviour may feed Financial Passport with consent.,Contribution summary included only after appropriate consent.,Circle governance and payouts,EPIC-CG,Circles (`circle-svc`),05-fds/domain-14-circle-governance.md#bfr-cg-008,POST /api/v1/consents,passport_metric_source with data_source = CIRCLE and a consent reference.,US-CG-008,TC-CG-008-3,Security,No other member's data enters an individual Passport,NOT_EXECUTED,,
BFR-CG-008,P1,Circle behaviour may feed Financial Passport with consent.,Contribution summary included only after appropriate consent.,Circle governance and payouts,EPIC-CG,Circles (`circle-svc`),05-fds/domain-14-circle-governance.md#bfr-cg-008,POST /api/v1/consents,passport_metric_source with data_source = CIRCLE and a consent reference.,US-CG-008,TC-CG-008-4,Positive functional,Revocation removes future contribution,NOT_EXECUTED,,
BFR-CG-008,P1,Circle behaviour may feed Financial Passport with consent.,Contribution summary included only after appropriate consent.,Circle governance and payouts,EPIC-CG,Circles (`circle-svc`),05-fds/domain-14-circle-governance.md#bfr-cg-008,POST /api/v1/consents,passport_metric_source with data_source = CIRCLE and a consent reference.,US-CG-008,TC-CG-008-5,Positive functional,Circle named as a source in the explanation,NOT_EXECUTED,,
BFR-CG-009,P2,Circle disputes shall create case record.,Complaint/dispute is linked to Circle and relevant transaction.,Circle governance and payouts,EPIC-CG,Circles (`circle-svc`),05-fds/domain-14-circle-governance.md#bfr-cg-009,POST /api/v1/complaints,complaint with Circle and transaction references.,US-CG-009,TC-CG-009-1,Positive functional,Dispute created with Circle and transaction links,NOT_EXECUTED,,
BFR-CG-009,P2,Circle disputes shall create case record.,Complaint/dispute is linked to Circle and relevant transaction.,Circle governance and payouts,EPIC-CG,Circles (`circle-svc`),05-fds/domain-14-circle-governance.md#bfr-cg-009,POST /api/v1/complaints,complaint with Circle and transaction references.,US-CG-009,TC-CG-009-2,Positive functional,SLA applies as for any complaint,NOT_EXECUTED,,
BFR-CG-009,P2,Circle disputes shall create case record.,Complaint/dispute is linked to Circle and relevant transaction.,Circle governance and payouts,EPIC-CG,Circles (`circle-svc`),05-fds/domain-14-circle-governance.md#bfr-cg-009,POST /api/v1/complaints,complaint with Circle and transaction references.,US-CG-009,TC-CG-009-3,Positive functional,Fraud allegation escalates additionally,NOT_EXECUTED,,
BFR-CG-009,P2,Circle disputes shall create case record.,Complaint/dispute is linked to Circle and relevant transaction.,Circle governance and payouts,EPIC-CG,Circles (`circle-svc`),05-fds/domain-14-circle-governance.md#bfr-cg-009,POST /api/v1/complaints,complaint with Circle and transaction references.,US-CG-009,TC-CG-009-4,Permissions,Only members of that Circle can raise its disputes,NOT_EXECUTED,,
BFR-CG-010,P1,Circle closure shall require appropriate settlement.,Closure cannot complete while unresolved balance rules remain.,Circle governance and payouts,EPIC-CG,Circles (`circle-svc`),05-fds/domain-14-circle-governance.md#bfr-cg-010,POST .../proposals; GET /api/v1/circles/{id}/closure-readiness,"circle.status = SETTLEMENT_PENDING → CLOSED, final statement records.",US-CG-010,TC-CG-010-1,Negative functional,Closure refused with a non-zero pool balance,NOT_EXECUTED,,
BFR-CG-010,P1,Circle closure shall require appropriate settlement.,Closure cannot complete while unresolved balance rules remain.,Circle governance and payouts,EPIC-CG,Circles (`circle-svc`),05-fds/domain-14-circle-governance.md#bfr-cg-010,POST .../proposals; GET /api/v1/circles/{id}/closure-readiness,"circle.status = SETTLEMENT_PENDING → CLOSED, final statement records.",US-CG-010,TC-CG-010-2,Negative functional,Open dispute blocks closure,NOT_EXECUTED,,
BFR-CG-010,P1,Circle closure shall require appropriate settlement.,Closure cannot complete while unresolved balance rules remain.,Circle governance and payouts,EPIC-CG,Circles (`circle-svc`),05-fds/domain-14-circle-governance.md#bfr-cg-010,POST .../proposals; GET /api/v1/circles/{id}/closure-readiness,"circle.status = SETTLEMENT_PENDING → CLOSED, final statement records.",US-CG-010,TC-CG-010-3,Permissions,"Closure requires approval, not a single member",NOT_EXECUTED,,
BFR-CG-010,P1,Circle closure shall require appropriate settlement.,Closure cannot complete while unresolved balance rules remain.,Circle governance and payouts,EPIC-CG,Circles (`circle-svc`),05-fds/domain-14-circle-governance.md#bfr-cg-010,POST .../proposals; GET /api/v1/circles/{id}/closure-readiness,"circle.status = SETTLEMENT_PENDING → CLOSED, final statement records.",US-CG-010,TC-CG-010-4,Positive functional,Final statements produced for every member,NOT_EXECUTED,,
BFR-CG-010,P1,Circle closure shall require appropriate settlement.,Closure cannot complete while unresolved balance rules remain.,Circle governance and payouts,EPIC-CG,Circles (`circle-svc`),05-fds/domain-14-circle-governance.md#bfr-cg-010,POST .../proposals; GET /api/v1/circles/{id}/closure-readiness,"circle.status = SETTLEMENT_PENDING → CLOSED, final statement records.",US-CG-010,TC-CG-010-5,Positive functional,History retained after closure,NOT_EXECUTED,,
BFR-BIZ-001,P1,Customer shall create business profile.,Business owner can create profile with required business details.,BuntuBusiness,EPIC-BIZ,Business (`business-svc`),05-fds/domain-15-buntubusiness.md#bfr-biz-001,POST /api/v1/businesses; GET /api/v1/businesses/{id},"business_customer, merchant",US-BIZ-001,TC-BIZ-001-1,Positive functional,Business created with classification-required details,NOT_EXECUTED,,
BFR-BIZ-001,P1,Customer shall create business profile.,Business owner can create profile with required business details.,BuntuBusiness,EPIC-BIZ,Business (`business-svc`),05-fds/domain-15-buntubusiness.md#bfr-biz-001,POST /api/v1/businesses; GET /api/v1/businesses/{id},"business_customer, merchant",US-BIZ-001,TC-BIZ-001-2,Negative functional,Unverified individual refused,NOT_EXECUTED,,
BFR-BIZ-001,P1,Customer shall create business profile.,Business owner can create profile with required business details.,BuntuBusiness,EPIC-BIZ,Business (`business-svc`),05-fds/domain-15-buntubusiness.md#bfr-biz-001,POST /api/v1/businesses; GET /api/v1/businesses/{id},"business_customer, merchant",US-BIZ-001,TC-BIZ-001-3,Positive functional,Business and personal positions remain separate,NOT_EXECUTED,,
BFR-BIZ-001,P1,Customer shall create business profile.,Business owner can create profile with required business details.,BuntuBusiness,EPIC-BIZ,Business (`business-svc`),05-fds/domain-15-buntubusiness.md#bfr-biz-001,POST /api/v1/businesses; GET /api/v1/businesses/{id},"business_customer, merchant",US-BIZ-001,TC-BIZ-001-4,Positive functional,Multiple businesses per owner supported,NOT_EXECUTED,,
BFR-BIZ-002,P1,Informal businesses shall be supported where permitted.,Registration number can be optional based on business classification.,BuntuBusiness,EPIC-BIZ,Business (`business-svc`),05-fds/domain-15-buntubusiness.md#bfr-biz-002,GET /api/v1/business-classifications; POST /api/v1/businesses,"business_customer.classification, registration_number nullable",US-BIZ-002,TC-BIZ-002-1,Positive functional,Informal business created without registration number,NOT_EXECUTED,,
BFR-BIZ-002,P1,Informal businesses shall be supported where permitted.,Registration number can be optional based on business classification.,BuntuBusiness,EPIC-BIZ,Business (`business-svc`),05-fds/domain-15-buntubusiness.md#bfr-biz-002,GET /api/v1/business-classifications; POST /api/v1/businesses,"business_customer.classification, registration_number nullable",US-BIZ-002,TC-BIZ-002-2,Positive functional,Field requirements vary by classification via configuration,NOT_EXECUTED,,
BFR-BIZ-002,P1,Informal businesses shall be supported where permitted.,Registration number can be optional based on business classification.,BuntuBusiness,EPIC-BIZ,Business (`business-svc`),05-fds/domain-15-buntubusiness.md#bfr-biz-002,GET /api/v1/business-classifications; POST /api/v1/businesses,"business_customer.classification, registration_number nullable",US-BIZ-002,TC-BIZ-002-3,Negative functional,Registration-requiring capability refused with an explanation,NOT_EXECUTED,,
BFR-BIZ-002,P1,Informal businesses shall be supported where permitted.,Registration number can be optional based on business classification.,BuntuBusiness,EPIC-BIZ,Business (`business-svc`),05-fds/domain-15-buntubusiness.md#bfr-biz-002,GET /api/v1/business-classifications; POST /api/v1/businesses,"business_customer.classification, registration_number nullable",US-BIZ-002,TC-BIZ-002-4,Positive functional,Registered business still requires its number,NOT_EXECUTED,,
BFR-BIZ-003,P1,Businesses shall receive merchant identifier.,Unique merchant reference generated.,BuntuBusiness,EPIC-BIZ,Business (`business-svc`),05-fds/domain-15-buntubusiness.md#bfr-biz-003,(no new endpoint) merchant responses include merchant_reference.,merchant.merchant_reference UNIQUE,US-BIZ-003,TC-BIZ-003-1,Positive functional,Unique reference generated,NOT_EXECUTED,,
BFR-BIZ-003,P1,Businesses shall receive merchant identifier.,Unique merchant reference generated.,BuntuBusiness,EPIC-BIZ,Business (`business-svc`),05-fds/domain-15-buntubusiness.md#bfr-biz-003,(no new endpoint) merchant responses include merchant_reference.,merchant.merchant_reference UNIQUE,US-BIZ-003,TC-BIZ-003-2,Security,Reference not sequential or volume-revealing,NOT_EXECUTED,,
BFR-BIZ-003,P1,Businesses shall receive merchant identifier.,Unique merchant reference generated.,BuntuBusiness,EPIC-BIZ,Business (`business-svc`),05-fds/domain-15-buntubusiness.md#bfr-biz-003,(no new endpoint) merchant responses include merchant_reference.,merchant.merchant_reference UNIQUE,US-BIZ-003,TC-BIZ-003-3,Concurrency,Concurrent creation produces no duplicates,NOT_EXECUTED,,
BFR-BIZ-003,P1,Businesses shall receive merchant identifier.,Unique merchant reference generated.,BuntuBusiness,EPIC-BIZ,Business (`business-svc`),05-fds/domain-15-buntubusiness.md#bfr-biz-003,(no new endpoint) merchant responses include merchant_reference.,merchant.merchant_reference UNIQUE,US-BIZ-003,TC-BIZ-003-4,Positive functional,Reference stable across profile changes,NOT_EXECUTED,,
BFR-BIZ-004,P1,Merchant shall generate static QR.,QR resolves merchant correctly.,BuntuBusiness,EPIC-BIZ,Business (`business-svc`),05-fds/domain-15-buntubusiness.md#bfr-biz-004,POST /api/v1/merchants/{id}/qr/static; POST /api/v1/qr/resolve,"merchant_qr(type = STATIC, token_hash, status)",US-BIZ-004,TC-BIZ-004-1,Positive functional,Static QR resolves to the correct merchant,NOT_EXECUTED,,
BFR-BIZ-004,P1,Merchant shall generate static QR.,QR resolves merchant correctly.,BuntuBusiness,EPIC-BIZ,Business (`business-svc`),05-fds/domain-15-buntubusiness.md#bfr-biz-004,POST /api/v1/merchants/{id}/qr/static; POST /api/v1/qr/resolve,"merchant_qr(type = STATIC, token_hash, status)",US-BIZ-004,TC-BIZ-004-2,Security,"QR encodes a token, not raw identifiers",NOT_EXECUTED,,
BFR-BIZ-004,P1,Merchant shall generate static QR.,QR resolves merchant correctly.,BuntuBusiness,EPIC-BIZ,Business (`business-svc`),05-fds/domain-15-buntubusiness.md#bfr-biz-004,POST /api/v1/merchants/{id}/qr/static; POST /api/v1/qr/resolve,"merchant_qr(type = STATIC, token_hash, status)",US-BIZ-004,TC-BIZ-004-3,Positive functional,Revocation stops resolution,NOT_EXECUTED,,
BFR-BIZ-004,P1,Merchant shall generate static QR.,QR resolves merchant correctly.,BuntuBusiness,EPIC-BIZ,Business (`business-svc`),05-fds/domain-15-buntubusiness.md#bfr-biz-004,POST /api/v1/merchants/{id}/qr/static; POST /api/v1/qr/resolve,"merchant_qr(type = STATIC, token_hash, status)",US-BIZ-004,TC-BIZ-004-4,Negative functional,Suspended merchant's QR does not resolve,NOT_EXECUTED,,
BFR-BIZ-005,P1,Merchant shall generate dynamic QR.,QR contains/links amount and reference.,BuntuBusiness,EPIC-BIZ,Business (`business-svc`),05-fds/domain-15-buntubusiness.md#bfr-biz-005,POST /api/v1/merchants/{id}/qr/dynamic,"merchant_qr(type = DYNAMIC, amount_minor, reference, expires_at, consumed_at)",US-BIZ-005,TC-BIZ-005-1,Positive functional,Dynamic QR carries amount and reference,NOT_EXECUTED,,
BFR-BIZ-005,P1,Merchant shall generate dynamic QR.,QR contains/links amount and reference.,BuntuBusiness,EPIC-BIZ,Business (`business-svc`),05-fds/domain-15-buntubusiness.md#bfr-biz-005,POST /api/v1/merchants/{id}/qr/dynamic,"merchant_qr(type = DYNAMIC, amount_minor, reference, expires_at, consumed_at)",US-BIZ-005,TC-BIZ-005-2,Negative functional,Used token cannot be paid again,NOT_EXECUTED,,
BFR-BIZ-005,P1,Merchant shall generate dynamic QR.,QR contains/links amount and reference.,BuntuBusiness,EPIC-BIZ,Business (`business-svc`),05-fds/domain-15-buntubusiness.md#bfr-biz-005,POST /api/v1/merchants/{id}/qr/dynamic,"merchant_qr(type = DYNAMIC, amount_minor, reference, expires_at, consumed_at)",US-BIZ-005,TC-BIZ-005-3,Concurrency,Concurrent scans yield exactly one payment,NOT_EXECUTED,,
BFR-BIZ-005,P1,Merchant shall generate dynamic QR.,QR contains/links amount and reference.,BuntuBusiness,EPIC-BIZ,Business (`business-svc`),05-fds/domain-15-buntubusiness.md#bfr-biz-005,POST /api/v1/merchants/{id}/qr/dynamic,"merchant_qr(type = DYNAMIC, amount_minor, reference, expires_at, consumed_at)",US-BIZ-005,TC-BIZ-005-4,Security,"Amount resolved server-side, not read from the code",NOT_EXECUTED,,
BFR-BIZ-005,P1,Merchant shall generate dynamic QR.,QR contains/links amount and reference.,BuntuBusiness,EPIC-BIZ,Business (`business-svc`),05-fds/domain-15-buntubusiness.md#bfr-biz-005,POST /api/v1/merchants/{id}/qr/dynamic,"merchant_qr(type = DYNAMIC, amount_minor, reference, expires_at, consumed_at)",US-BIZ-005,TC-BIZ-005-5,Positive functional,Expiry closes the token; reissue works,NOT_EXECUTED,,
BFR-BIZ-006,P1,Merchant shall record manual cash sales.,"Cash sale stored as merchant-entered, not verified digital receipt.",BuntuBusiness,EPIC-BIZ,Business (`business-svc`),05-fds/domain-15-buntubusiness.md#bfr-biz-006,POST /api/v1/merchants/{id}/sales,merchant_sale.evidence_type NOT NULL,US-BIZ-006,TC-BIZ-006-1,Positive functional,Cash sale recorded as self-reported,NOT_EXECUTED,,
BFR-BIZ-006,P1,Merchant shall record manual cash sales.,"Cash sale stored as merchant-entered, not verified digital receipt.",BuntuBusiness,EPIC-BIZ,Business (`business-svc`),05-fds/domain-15-buntubusiness.md#bfr-biz-006,POST /api/v1/merchants/{id}/sales,merchant_sale.evidence_type NOT NULL,US-BIZ-006,TC-BIZ-006-2,Security,Merchant cannot mark it verified,NOT_EXECUTED,,
BFR-BIZ-006,P1,Merchant shall record manual cash sales.,"Cash sale stored as merchant-entered, not verified digital receipt.",BuntuBusiness,EPIC-BIZ,Business (`business-svc`),05-fds/domain-15-buntubusiness.md#bfr-biz-006,POST /api/v1/merchants/{id}/sales,merchant_sale.evidence_type NOT NULL,US-BIZ-006,TC-BIZ-006-3,Negative functional,No ledger posting for a self-reported sale,NOT_EXECUTED,,
BFR-BIZ-006,P1,Merchant shall record manual cash sales.,"Cash sale stored as merchant-entered, not verified digital receipt.",BuntuBusiness,EPIC-BIZ,Business (`business-svc`),05-fds/domain-15-buntubusiness.md#bfr-biz-006,POST /api/v1/merchants/{id}/sales,merchant_sale.evidence_type NOT NULL,US-BIZ-006,TC-BIZ-006-4,Negative functional,Back-dating beyond the window refused,NOT_EXECUTED,,
BFR-BIZ-006,P1,Merchant shall record manual cash sales.,"Cash sale stored as merchant-entered, not verified digital receipt.",BuntuBusiness,EPIC-BIZ,Business (`business-svc`),05-fds/domain-15-buntubusiness.md#bfr-biz-006,POST /api/v1/merchants/{id}/sales,merchant_sale.evidence_type NOT NULL,US-BIZ-006,TC-BIZ-006-5,Positive functional,Label persists into the Passport,NOT_EXECUTED,,
BFR-BIZ-007,P2,Merchant shall record business expenses.,"Expense stores amount, category, date and evidence if provided.",BuntuBusiness,EPIC-BIZ,Business (`business-svc`),05-fds/domain-15-buntubusiness.md#bfr-biz-007,POST /api/v1/merchants/{id}/expenses,"merchant_expense(amount_minor, category_id, occurred_at, supplier_id, evidence_ref, evidence_type)",US-BIZ-007,TC-BIZ-007-1,Positive functional,Expense recorded with all fields,NOT_EXECUTED,,
BFR-BIZ-007,P2,Merchant shall record business expenses.,"Expense stores amount, category, date and evidence if provided.",BuntuBusiness,EPIC-BIZ,Business (`business-svc`),05-fds/domain-15-buntubusiness.md#bfr-biz-007,POST /api/v1/merchants/{id}/expenses,"merchant_expense(amount_minor, category_id, occurred_at, supplier_id, evidence_ref, evidence_type)",US-BIZ-007,TC-BIZ-007-2,Security,"Evidence encrypted, pre-signed access only",NOT_EXECUTED,,
BFR-BIZ-007,P2,Merchant shall record business expenses.,"Expense stores amount, category, date and evidence if provided.",BuntuBusiness,EPIC-BIZ,Business (`business-svc`),05-fds/domain-15-buntubusiness.md#bfr-biz-007,POST /api/v1/merchants/{id}/expenses,"merchant_expense(amount_minor, category_id, occurred_at, supplier_id, evidence_ref, evidence_type)",US-BIZ-007,TC-BIZ-007-3,Positive functional,Self-reported vs payment-derived labelled,NOT_EXECUTED,,
BFR-BIZ-007,P2,Merchant shall record business expenses.,"Expense stores amount, category, date and evidence if provided.",BuntuBusiness,EPIC-BIZ,Business (`business-svc`),05-fds/domain-15-buntubusiness.md#bfr-biz-007,POST /api/v1/merchants/{id}/expenses,"merchant_expense(amount_minor, category_id, occurred_at, supplier_id, evidence_ref, evidence_type)",US-BIZ-007,TC-BIZ-007-4,Error handling,Evidence upload failure still records the expense,NOT_EXECUTED,,
BFR-BIZ-008,P1,Merchant dashboard shall display turnover.,Totals derive from selected periods and identified evidence types.,BuntuBusiness,EPIC-BIZ,Business (`business-svc`),05-fds/domain-15-buntubusiness.md#bfr-biz-008,GET /api/v1/merchants/{id}/turnover?from=&to=,aggregation over merchant_sale and confirmed merchant receipts.,US-BIZ-008,TC-BIZ-008-1,Positive functional,Turnover split by evidence type,NOT_EXECUTED,,
BFR-BIZ-008,P1,Merchant dashboard shall display turnover.,Totals derive from selected periods and identified evidence types.,BuntuBusiness,EPIC-BIZ,Business (`business-svc`),05-fds/domain-15-buntubusiness.md#bfr-biz-008,GET /api/v1/merchants/{id}/turnover?from=&to=,aggregation over merchant_sale and confirmed merchant receipts.,US-BIZ-008,TC-BIZ-008-2,Negative functional,No single unlabelled total displayed,NOT_EXECUTED,,
BFR-BIZ-008,P1,Merchant dashboard shall display turnover.,Totals derive from selected periods and identified evidence types.,BuntuBusiness,EPIC-BIZ,Business (`business-svc`),05-fds/domain-15-buntubusiness.md#bfr-biz-008,GET /api/v1/merchants/{id}/turnover?from=&to=,aggregation over merchant_sale and confirmed merchant receipts.,US-BIZ-008,TC-BIZ-008-3,Positive functional,Refunds reduce the correct period,NOT_EXECUTED,,
BFR-BIZ-008,P1,Merchant dashboard shall display turnover.,Totals derive from selected periods and identified evidence types.,BuntuBusiness,EPIC-BIZ,Business (`business-svc`),05-fds/domain-15-buntubusiness.md#bfr-biz-008,GET /api/v1/merchants/{id}/turnover?from=&to=,aggregation over merchant_sale and confirmed merchant receipts.,US-BIZ-008,TC-BIZ-008-4,Decimal and rounding,Aggregation exact in minor units,NOT_EXECUTED,,
BFR-BIZ-008,P1,Merchant dashboard shall display turnover.,Totals derive from selected periods and identified evidence types.,BuntuBusiness,EPIC-BIZ,Business (`business-svc`),05-fds/domain-15-buntubusiness.md#bfr-biz-008,GET /api/v1/merchants/{id}/turnover?from=&to=,aggregation over merchant_sale and confirmed merchant receipts.,US-BIZ-008,TC-BIZ-008-5,Permissions,Only the merchant and delegates can view,NOT_EXECUTED,,
BFR-BIZ-009,P2,Merchant dashboard shall display net cashflow estimate.,Calculation methodology documented and reproducible.,BuntuBusiness,EPIC-BIZ,Business (`business-svc`),05-fds/domain-15-buntubusiness.md#bfr-biz-009,GET /api/v1/merchants/{id}/cashflow?from=&to=,derived; algorithm_version recorded on the result.,US-BIZ-009,TC-BIZ-009-1,Positive functional,Estimate computed and reproducible,NOT_EXECUTED,,
BFR-BIZ-009,P2,Merchant dashboard shall display net cashflow estimate.,Calculation methodology documented and reproducible.,BuntuBusiness,EPIC-BIZ,Business (`business-svc`),05-fds/domain-15-buntubusiness.md#bfr-biz-009,GET /api/v1/merchants/{id}/cashflow?from=&to=,derived; algorithm_version recorded on the result.,US-BIZ-009,TC-BIZ-009-2,Positive functional,Methodology version shown,NOT_EXECUTED,,
BFR-BIZ-009,P2,Merchant dashboard shall display net cashflow estimate.,Calculation methodology documented and reproducible.,BuntuBusiness,EPIC-BIZ,Business (`business-svc`),05-fds/domain-15-buntubusiness.md#bfr-biz-009,GET /api/v1/merchants/{id}/cashflow?from=&to=,derived; algorithm_version recorded on the result.,US-BIZ-009,TC-BIZ-009-3,Negative functional,Withheld when expense data is insufficient,NOT_EXECUTED,,
BFR-BIZ-009,P2,Merchant dashboard shall display net cashflow estimate.,Calculation methodology documented and reproducible.,BuntuBusiness,EPIC-BIZ,Business (`business-svc`),05-fds/domain-15-buntubusiness.md#bfr-biz-009,GET /api/v1/merchants/{id}/cashflow?from=&to=,derived; algorithm_version recorded on the result.,US-BIZ-009,TC-BIZ-009-4,Positive functional,Same definition as the Passport metric,NOT_EXECUTED,,
BFR-BIZ-010,P1,Merchant data may feed Financial Passport.,Passport identifies verified versus self-entered business data.,BuntuBusiness,EPIC-BIZ,Business (`business-svc`),05-fds/domain-15-buntubusiness.md#bfr-biz-010,(no new endpoint) Passport business metrics carry source_quality breakdowns.,passport_metric_source.source_quality,US-BIZ-010,TC-BIZ-010-1,Positive functional,Split preserved into the Passport and export,NOT_EXECUTED,,
BFR-BIZ-010,P1,Merchant data may feed Financial Passport.,Passport identifies verified versus self-entered business data.,BuntuBusiness,EPIC-BIZ,Business (`business-svc`),05-fds/domain-15-buntubusiness.md#bfr-biz-010,(no new endpoint) Passport business metrics carry source_quality breakdowns.,passport_metric_source.source_quality,US-BIZ-010,TC-BIZ-010-2,Negative functional,No business figure delivered without its composition,NOT_EXECUTED,,
BFR-BIZ-010,P1,Merchant data may feed Financial Passport.,Passport identifies verified versus self-entered business data.,BuntuBusiness,EPIC-BIZ,Business (`business-svc`),05-fds/domain-15-buntubusiness.md#bfr-biz-010,(no new endpoint) Passport business metrics carry source_quality breakdowns.,passport_metric_source.source_quality,US-BIZ-010,TC-BIZ-010-3,Negative functional,Merchant data excluded without consent,NOT_EXECUTED,,
BFR-BIZ-010,P1,Merchant data may feed Financial Passport.,Passport identifies verified versus self-entered business data.,BuntuBusiness,EPIC-BIZ,Business (`business-svc`),05-fds/domain-15-buntubusiness.md#bfr-biz-010,(no new endpoint) Passport business metrics carry source_quality breakdowns.,passport_metric_source.source_quality,US-BIZ-010,TC-BIZ-010-4,Positive functional,Indeterminate records treated as self-reported,NOT_EXECUTED,,
BFR-INV-001,P3,Merchant shall maintain product catalogue.,"Product can store name, SKU, price and category.",Inventory-lite,EPIC-INV,Business (`business-svc`),05-fds/domain-16-inventory-lite.md#bfr-inv-001,POST /api/v1/merchants/{id}/products; GET .../products,"product_item(name, sku, price_minor, currency, category_id, is_active)",US-INV-001,TC-INV-001-1,Positive functional,"Product created with name, SKU, price, category",NOT_EXECUTED,,
BFR-INV-001,P3,Merchant shall maintain product catalogue.,"Product can store name, SKU, price and category.",Inventory-lite,EPIC-INV,Business (`business-svc`),05-fds/domain-16-inventory-lite.md#bfr-inv-001,POST /api/v1/merchants/{id}/products; GET .../products,"product_item(name, sku, price_minor, currency, category_id, is_active)",US-INV-001,TC-INV-001-2,Negative functional,Duplicate SKU within a merchant refused,NOT_EXECUTED,,
BFR-INV-001,P3,Merchant shall maintain product catalogue.,"Product can store name, SKU, price and category.",Inventory-lite,EPIC-INV,Business (`business-svc`),05-fds/domain-16-inventory-lite.md#bfr-inv-001,POST /api/v1/merchants/{id}/products; GET .../products,"product_item(name, sku, price_minor, currency, category_id, is_active)",US-INV-001,TC-INV-001-3,Negative functional,Product with history cannot be deleted,NOT_EXECUTED,,
BFR-INV-001,P3,Merchant shall maintain product catalogue.,"Product can store name, SKU, price and category.",Inventory-lite,EPIC-INV,Business (`business-svc`),05-fds/domain-16-inventory-lite.md#bfr-inv-001,POST /api/v1/merchants/{id}/products; GET .../products,"product_item(name, sku, price_minor, currency, category_id, is_active)",US-INV-001,TC-INV-001-4,Permissions,Only the merchant and delegates can manage products,NOT_EXECUTED,,
BFR-INV-002,P3,Merchant shall maintain stock quantity.,Quantity changes are stored with audit reference.,Inventory-lite,EPIC-INV,Business (`business-svc`),05-fds/domain-16-inventory-lite.md#bfr-inv-002,POST /api/v1/products/{id}/stock-movements; GET .../stock-movements,"stock_movement(product_item_id, delta, reason, reference, actor_id, occurred_at); quantity derived.",US-INV-002,TC-INV-002-1,Positive functional,Movement recorded with reason and actor,NOT_EXECUTED,,
BFR-INV-002,P3,Merchant shall maintain stock quantity.,Quantity changes are stored with audit reference.,Inventory-lite,EPIC-INV,Business (`business-svc`),05-fds/domain-16-inventory-lite.md#bfr-inv-002,POST /api/v1/products/{id}/stock-movements; GET .../stock-movements,"stock_movement(product_item_id, delta, reason, reference, actor_id, occurred_at); quantity derived.",US-INV-002,TC-INV-002-2,Positive functional,Quantity derived from movements,NOT_EXECUTED,,
BFR-INV-002,P3,Merchant shall maintain stock quantity.,Quantity changes are stored with audit reference.,Inventory-lite,EPIC-INV,Business (`business-svc`),05-fds/domain-16-inventory-lite.md#bfr-inv-002,POST /api/v1/products/{id}/stock-movements; GET .../stock-movements,"stock_movement(product_item_id, delta, reason, reference, actor_id, occurred_at); quantity derived.",US-INV-002,TC-INV-002-3,Negative functional,Movement without reason refused,NOT_EXECUTED,,
BFR-INV-002,P3,Merchant shall maintain stock quantity.,Quantity changes are stored with audit reference.,Inventory-lite,EPIC-INV,Business (`business-svc`),05-fds/domain-16-inventory-lite.md#bfr-inv-002,POST /api/v1/products/{id}/stock-movements; GET .../stock-movements,"stock_movement(product_item_id, delta, reason, reference, actor_id, occurred_at); quantity derived.",US-INV-002,TC-INV-002-4,Security,Movements append-only,NOT_EXECUTED,,
BFR-INV-003,P3,Product sale may reduce inventory automatically.,Completed product-linked sale reduces configured quantity once.,Inventory-lite,EPIC-INV,Business (`business-svc`),05-fds/domain-16-inventory-lite.md#bfr-inv-003,(no new endpoint) sale creation accepts line_items[]; stock movement is triggered by payment.completed.,"merchant_sale line items, stock_movement.reference = payment_id",US-INV-003,TC-INV-003-1,Positive functional,Completed sale reduces stock once,NOT_EXECUTED,,
BFR-INV-003,P3,Product sale may reduce inventory automatically.,Completed product-linked sale reduces configured quantity once.,Inventory-lite,EPIC-INV,Business (`business-svc`),05-fds/domain-16-inventory-lite.md#bfr-inv-003,(no new endpoint) sale creation accepts line_items[]; stock movement is triggered by payment.completed.,"merchant_sale line items, stock_movement.reference = payment_id",US-INV-003,TC-INV-003-2,Idempotency,Replayed completion event does not reduce twice,NOT_EXECUTED,,
BFR-INV-003,P3,Product sale may reduce inventory automatically.,Completed product-linked sale reduces configured quantity once.,Inventory-lite,EPIC-INV,Business (`business-svc`),05-fds/domain-16-inventory-lite.md#bfr-inv-003,(no new endpoint) sale creation accepts line_items[]; stock movement is triggered by payment.completed.,"merchant_sale line items, stock_movement.reference = payment_id",US-INV-003,TC-INV-003-3,Concurrency,Concurrent sales of the same product reduce correctly,NOT_EXECUTED,,
BFR-INV-003,P3,Product sale may reduce inventory automatically.,Completed product-linked sale reduces configured quantity once.,Inventory-lite,EPIC-INV,Business (`business-svc`),05-fds/domain-16-inventory-lite.md#bfr-inv-003,(no new endpoint) sale creation accepts line_items[]; stock movement is triggered by payment.completed.,"merchant_sale line items, stock_movement.reference = payment_id",US-INV-003,TC-INV-003-4,Positive functional,Auto-reduction disableable per product,NOT_EXECUTED,,
BFR-INV-004,P3,Failed sale shall not reduce final stock.,Inventory is unchanged/reversed after failed payment.,Inventory-lite,EPIC-INV,Business (`business-svc`),05-fds/domain-16-inventory-lite.md#bfr-inv-004,(no new endpoint) driven by payment.failed.,stock_movement (compensating movement where a reservation existed).,US-INV-004,TC-INV-004-1,Positive functional,Failed payment leaves stock unchanged,NOT_EXECUTED,,
BFR-INV-004,P3,Failed sale shall not reduce final stock.,Inventory is unchanged/reversed after failed payment.,Inventory-lite,EPIC-INV,Business (`business-svc`),05-fds/domain-16-inventory-lite.md#bfr-inv-004,(no new endpoint) driven by payment.failed.,stock_movement (compensating movement where a reservation existed).,US-INV-004,TC-INV-004-2,Reversal,Reversal after completion creates a compensating movement,NOT_EXECUTED,,
BFR-INV-004,P3,Failed sale shall not reduce final stock.,Inventory is unchanged/reversed after failed payment.,Inventory-lite,EPIC-INV,Business (`business-svc`),05-fds/domain-16-inventory-lite.md#bfr-inv-004,(no new endpoint) driven by payment.failed.,stock_movement (compensating movement where a reservation existed).,US-INV-004,TC-INV-004-3,Error handling,Lost failure event recovered by reservation expiry,NOT_EXECUTED,,
BFR-INV-004,P3,Failed sale shall not reduce final stock.,Inventory is unchanged/reversed after failed payment.,Inventory-lite,EPIC-INV,Business (`business-svc`),05-fds/domain-16-inventory-lite.md#bfr-inv-004,(no new endpoint) driven by payment.failed.,stock_movement (compensating movement where a reservation existed).,US-INV-004,TC-INV-004-4,Positive functional,Net effect exactly zero,NOT_EXECUTED,,
BFR-INV-005,P3,Reorder threshold shall be configurable.,Merchant can set minimum quantity by item.,Inventory-lite,EPIC-INV,Business (`business-svc`),05-fds/domain-16-inventory-lite.md#bfr-inv-005,PATCH /api/v1/products/{id},product_item.reorder_threshold,US-INV-005,TC-INV-005-1,Positive functional,Threshold set per item,NOT_EXECUTED,,
BFR-INV-005,P3,Reorder threshold shall be configurable.,Merchant can set minimum quantity by item.,Inventory-lite,EPIC-INV,Business (`business-svc`),05-fds/domain-16-inventory-lite.md#bfr-inv-005,PATCH /api/v1/products/{id},product_item.reorder_threshold,US-INV-005,TC-INV-005-2,Negative functional,Negative threshold refused,NOT_EXECUTED,,
BFR-INV-005,P3,Reorder threshold shall be configurable.,Merchant can set minimum quantity by item.,Inventory-lite,EPIC-INV,Business (`business-svc`),05-fds/domain-16-inventory-lite.md#bfr-inv-005,PATCH /api/v1/products/{id},product_item.reorder_threshold,US-INV-005,TC-INV-005-3,Positive functional,Zero threshold alerts at zero,NOT_EXECUTED,,
BFR-INV-005,P3,Reorder threshold shall be configurable.,Merchant can set minimum quantity by item.,Inventory-lite,EPIC-INV,Business (`business-svc`),05-fds/domain-16-inventory-lite.md#bfr-inv-005,PATCH /api/v1/products/{id},product_item.reorder_threshold,US-INV-005,TC-INV-005-4,Positive functional,No threshold means no alert,NOT_EXECUTED,,
BFR-INV-006,P3,Low-stock alert shall be supported.,Alert triggers when stock crosses configured threshold.,Inventory-lite,EPIC-INV,Business (`business-svc`),05-fds/domain-16-inventory-lite.md#bfr-inv-006,GET /api/v1/merchants/{id}/low-stock,alert state per product item.,US-INV-006,TC-INV-006-1,Positive functional,Alert on downward crossing,NOT_EXECUTED,,
BFR-INV-006,P3,Low-stock alert shall be supported.,Alert triggers when stock crosses configured threshold.,Inventory-lite,EPIC-INV,Business (`business-svc`),05-fds/domain-16-inventory-lite.md#bfr-inv-006,GET /api/v1/merchants/{id}/low-stock,alert state per product item.,US-INV-006,TC-INV-006-2,Negative functional,No repeated alerts while below threshold,NOT_EXECUTED,,
BFR-INV-006,P3,Low-stock alert shall be supported.,Alert triggers when stock crosses configured threshold.,Inventory-lite,EPIC-INV,Business (`business-svc`),05-fds/domain-16-inventory-lite.md#bfr-inv-006,GET /api/v1/merchants/{id}/low-stock,alert state per product item.,US-INV-006,TC-INV-006-3,Positive functional,Alert clears when restocked,NOT_EXECUTED,,
BFR-INV-006,P3,Low-stock alert shall be supported.,Alert triggers when stock crosses configured threshold.,Inventory-lite,EPIC-INV,Business (`business-svc`),05-fds/domain-16-inventory-lite.md#bfr-inv-006,GET /api/v1/merchants/{id}/low-stock,alert state per product item.,US-INV-006,TC-INV-006-4,Negative functional,Alert never blocks a sale,NOT_EXECUTED,,
BFR-INV-007,P3,Supplier directory shall be supported.,Merchant can record supplier and contact information.,Inventory-lite,EPIC-INV,Business (`business-svc`),05-fds/domain-16-inventory-lite.md#bfr-inv-007,POST /api/v1/merchants/{id}/suppliers; GET .../suppliers,"supplier(name, contact_msisdn, contact_email, notes, is_active)",US-INV-007,TC-INV-007-1,Positive functional,Supplier recorded with contact information,NOT_EXECUTED,,
BFR-INV-007,P3,Supplier directory shall be supported.,Merchant can record supplier and contact information.,Inventory-lite,EPIC-INV,Business (`business-svc`),05-fds/domain-16-inventory-lite.md#bfr-inv-007,POST /api/v1/merchants/{id}/suppliers; GET .../suppliers,"supplier(name, contact_msisdn, contact_email, notes, is_active)",US-INV-007,TC-INV-007-2,Security,Supplier contact data encrypted and merchant-scoped,NOT_EXECUTED,,
BFR-INV-007,P3,Supplier directory shall be supported.,Merchant can record supplier and contact information.,Inventory-lite,EPIC-INV,Business (`business-svc`),05-fds/domain-16-inventory-lite.md#bfr-inv-007,POST /api/v1/merchants/{id}/suppliers; GET .../suppliers,"supplier(name, contact_msisdn, contact_email, notes, is_active)",US-INV-007,TC-INV-007-3,Negative functional,Supplier with history cannot be deleted,NOT_EXECUTED,,
BFR-INV-007,P3,Supplier directory shall be supported.,Merchant can record supplier and contact information.,Inventory-lite,EPIC-INV,Business (`business-svc`),05-fds/domain-16-inventory-lite.md#bfr-inv-007,POST /api/v1/merchants/{id}/suppliers; GET .../suppliers,"supplier(name, contact_msisdn, contact_email, notes, is_active)",US-INV-007,TC-INV-007-4,Security,Supplier data never used for platform marketing,NOT_EXECUTED,,
BFR-INV-008,P3,Supplier payments shall be linkable to supplier record.,Transaction can reference selected supplier.,Inventory-lite,EPIC-INV,Business (`business-svc`),05-fds/domain-16-inventory-lite.md#bfr-inv-008,GET /api/v1/suppliers/{id}/payments,"merchant_expense.supplier_id, payment.supplier_ref",US-INV-008,TC-INV-008-1,Positive functional,Payment references the selected supplier,NOT_EXECUTED,,
BFR-INV-008,P3,Supplier payments shall be linkable to supplier record.,Transaction can reference selected supplier.,Inventory-lite,EPIC-INV,Business (`business-svc`),05-fds/domain-16-inventory-lite.md#bfr-inv-008,GET /api/v1/suppliers/{id}/payments,"merchant_expense.supplier_id, payment.supplier_ref",US-INV-008,TC-INV-008-2,Negative functional,Linking does not alter the payment record,NOT_EXECUTED,,
BFR-INV-008,P3,Supplier payments shall be linkable to supplier record.,Transaction can reference selected supplier.,Inventory-lite,EPIC-INV,Business (`business-svc`),05-fds/domain-16-inventory-lite.md#bfr-inv-008,GET /api/v1/suppliers/{id}/payments,"merchant_expense.supplier_id, payment.supplier_ref",US-INV-008,TC-INV-008-3,Permissions,Cannot link another merchant's supplier,NOT_EXECUTED,,
BFR-INV-008,P3,Supplier payments shall be linkable to supplier record.,Transaction can reference selected supplier.,Inventory-lite,EPIC-INV,Business (`business-svc`),05-fds/domain-16-inventory-lite.md#bfr-inv-008,GET /api/v1/suppliers/{id}/payments,"merchant_expense.supplier_id, payment.supplier_ref",US-INV-008,TC-INV-008-4,Positive functional,Regularity metric uses confirmed payments only,NOT_EXECUTED,,
BFR-INV-009,P3,Inventory corrections shall retain audit history.,Manual adjustment stores reason and actor.,Inventory-lite,EPIC-INV,Business (`business-svc`),05-fds/domain-16-inventory-lite.md#bfr-inv-009,POST /api/v1/products/{id}/stock-movements,"stock_movement(reason, actor_id, note)",US-INV-009,TC-INV-009-1,Positive functional,Adjustment recorded with reason and actor,NOT_EXECUTED,,
BFR-INV-009,P3,Inventory corrections shall retain audit history.,Manual adjustment stores reason and actor.,Inventory-lite,EPIC-INV,Business (`business-svc`),05-fds/domain-16-inventory-lite.md#bfr-inv-009,POST /api/v1/products/{id}/stock-movements,"stock_movement(reason, actor_id, note)",US-INV-009,TC-INV-009-2,Negative functional,Adjustment without reason refused,NOT_EXECUTED,,
BFR-INV-009,P3,Inventory corrections shall retain audit history.,Manual adjustment stores reason and actor.,Inventory-lite,EPIC-INV,Business (`business-svc`),05-fds/domain-16-inventory-lite.md#bfr-inv-009,POST /api/v1/products/{id}/stock-movements,"stock_movement(reason, actor_id, note)",US-INV-009,TC-INV-009-3,Positive functional,Delegate adjustments attributed individually,NOT_EXECUTED,,
BFR-INV-009,P3,Inventory corrections shall retain audit history.,Manual adjustment stores reason and actor.,Inventory-lite,EPIC-INV,Business (`business-svc`),05-fds/domain-16-inventory-lite.md#bfr-inv-009,POST /api/v1/products/{id}/stock-movements,"stock_movement(reason, actor_id, note)",US-INV-009,TC-INV-009-4,Security,Quantity never overwritten directly,NOT_EXECUTED,,
BFR-INV-010,P2,Inventory module shall not be prerequisite for payment acceptance.,Merchant can use payments without catalogue.,Inventory-lite,EPIC-INV,Business (`business-svc`),05-fds/domain-16-inventory-lite.md#bfr-inv-010,(no new endpoint) payment and QR endpoints require no product reference.,merchant_sale.line_items optional.,US-INV-010,TC-INV-010-1,Positive functional,Merchant with empty catalogue accepts payment,NOT_EXECUTED,,
BFR-INV-010,P2,Inventory module shall not be prerequisite for payment acceptance.,Merchant can use payments without catalogue.,Inventory-lite,EPIC-INV,Business (`business-svc`),05-fds/domain-16-inventory-lite.md#bfr-inv-010,(no new endpoint) payment and QR endpoints require no product reference.,merchant_sale.line_items optional.,US-INV-010,TC-INV-010-2,Positive functional,Static and dynamic QR work with no products,NOT_EXECUTED,,
BFR-INV-010,P2,Inventory module shall not be prerequisite for payment acceptance.,Merchant can use payments without catalogue.,Inventory-lite,EPIC-INV,Business (`business-svc`),05-fds/domain-16-inventory-lite.md#bfr-inv-010,(no new endpoint) payment and QR endpoints require no product reference.,merchant_sale.line_items optional.,US-INV-010,TC-INV-010-3,Negative functional,No endpoint requires a product reference,NOT_EXECUTED,,
BFR-INV-010,P2,Inventory module shall not be prerequisite for payment acceptance.,Merchant can use payments without catalogue.,Inventory-lite,EPIC-INV,Business (`business-svc`),05-fds/domain-16-inventory-lite.md#bfr-inv-010,(no new endpoint) payment and QR endpoints require no product reference.,merchant_sale.line_items optional.,US-INV-010,TC-INV-010-4,Positive functional,Passport business metrics work with no catalogue,NOT_EXECUTED,,
BFR-CAP-001,P1,Eligible customers shall explore financing offers.,User can initiate funding-request workflow.,Capital marketplace,EPIC-CAP,Capital Marketplace (`capital-svc`),05-fds/domain-17-buntucapital.md#bfr-cap-001,GET /api/v1/capital/eligibility; POST /api/v1/capital/requests,"funding_request(amount_minor, currency, purpose_code, term_preference, status)",US-CAP-001,TC-CAP-001-1,Positive functional,Eligible customer creates a draft request,NOT_EXECUTED,,
BFR-CAP-001,P1,Eligible customers shall explore financing offers.,User can initiate funding-request workflow.,Capital marketplace,EPIC-CAP,Capital Marketplace (`capital-svc`),05-fds/domain-17-buntucapital.md#bfr-cap-001,GET /api/v1/capital/eligibility; POST /api/v1/capital/requests,"funding_request(amount_minor, currency, purpose_code, term_preference, status)",US-CAP-001,TC-CAP-001-2,Negative functional,Ineligible customer told specifically what is missing,NOT_EXECUTED,,
BFR-CAP-001,P1,Eligible customers shall explore financing offers.,User can initiate funding-request workflow.,Capital marketplace,EPIC-CAP,Capital Marketplace (`capital-svc`),05-fds/domain-17-buntucapital.md#bfr-cap-001,GET /api/v1/capital/eligibility; POST /api/v1/capital/requests,"funding_request(amount_minor, currency, purpose_code, term_preference, status)",US-CAP-001,TC-CAP-001-3,Negative functional,Draft sends nothing to any provider,NOT_EXECUTED,,
BFR-CAP-001,P1,Eligible customers shall explore financing offers.,User can initiate funding-request workflow.,Capital marketplace,EPIC-CAP,Capital Marketplace (`capital-svc`),05-fds/domain-17-buntucapital.md#bfr-cap-001,GET /api/v1/capital/eligibility; POST /api/v1/capital/requests,"funding_request(amount_minor, currency, purpose_code, term_preference, status)",US-CAP-001,TC-CAP-001-4,Permissions,Feature flag disables the journey cleanly,NOT_EXECUTED,,
BFR-CAP-002,P1,BuntuFin shall not represent itself as lender unless legally configured.,Provider name displayed for every financing product.,Capital marketplace,EPIC-CAP,Capital Marketplace (`capital-svc`),05-fds/domain-17-buntucapital.md#bfr-cap-002,"(no new endpoint) every capital response includes provider {partner_id, legal_name, regulatory_reference}.","product_version.legal_provider_partner_id, application.partner_id",US-CAP-002,TC-CAP-002-1,Positive functional,Provider named on every financing surface,NOT_EXECUTED,,
BFR-CAP-002,P1,BuntuFin shall not represent itself as lender unless legally configured.,Provider name displayed for every financing product.,Capital marketplace,EPIC-CAP,Capital Marketplace (`capital-svc`),05-fds/domain-17-buntucapital.md#bfr-cap-002,"(no new endpoint) every capital response includes provider {partner_id, legal_name, regulatory_reference}.","product_version.legal_provider_partner_id, application.partner_id",US-CAP-002,TC-CAP-002-2,Negative functional,Product without a provider is not offered,NOT_EXECUTED,,
BFR-CAP-002,P1,BuntuFin shall not represent itself as lender unless legally configured.,Provider name displayed for every financing product.,Capital marketplace,EPIC-CAP,Capital Marketplace (`capital-svc`),05-fds/domain-17-buntucapital.md#bfr-cap-002,"(no new endpoint) every capital response includes provider {partner_id, legal_name, regulatory_reference}.","product_version.legal_provider_partner_id, application.partner_id",US-CAP-002,TC-CAP-002-3,Security,Provider cannot be overridden by a client parameter,NOT_EXECUTED,,
BFR-CAP-002,P1,BuntuFin shall not represent itself as lender unless legally configured.,Provider name displayed for every financing product.,Capital marketplace,EPIC-CAP,Capital Marketplace (`capital-svc`),05-fds/domain-17-buntucapital.md#bfr-cap-002,"(no new endpoint) every capital response includes provider {partner_id, legal_name, regulatory_reference}.","product_version.legal_provider_partner_id, application.partner_id",US-CAP-002,TC-CAP-002-4,Positive functional,Role description drawn from approved configuration,NOT_EXECUTED,,
BFR-CAP-003,P1,Customer shall specify requested amount.,Valid amount captured against configurable boundaries.,Capital marketplace,EPIC-CAP,Capital Marketplace (`capital-svc`),05-fds/domain-17-buntucapital.md#bfr-cap-003,PATCH /api/v1/capital/requests/{id},"funding_request.amount_minor, currency",US-CAP-003,TC-CAP-003-1,Positive functional,Valid amount captured,NOT_EXECUTED,,
BFR-CAP-003,P1,Customer shall specify requested amount.,Valid amount captured against configurable boundaries.,Capital marketplace,EPIC-CAP,Capital Marketplace (`capital-svc`),05-fds/domain-17-buntucapital.md#bfr-cap-003,PATCH /api/v1/capital/requests/{id},"funding_request.amount_minor, currency",US-CAP-003,TC-CAP-003-2,Negative functional,Out-of-range amount refused with the range stated,NOT_EXECUTED,,
BFR-CAP-003,P1,Customer shall specify requested amount.,Valid amount captured against configurable boundaries.,Capital marketplace,EPIC-CAP,Capital Marketplace (`capital-svc`),05-fds/domain-17-buntucapital.md#bfr-cap-003,PATCH /api/v1/capital/requests/{id},"funding_request.amount_minor, currency",US-CAP-003,TC-CAP-003-3,Security,Client-side validation is not the control,NOT_EXECUTED,,
BFR-CAP-003,P1,Customer shall specify requested amount.,Valid amount captured against configurable boundaries.,Capital marketplace,EPIC-CAP,Capital Marketplace (`capital-svc`),05-fds/domain-17-buntucapital.md#bfr-cap-003,PATCH /api/v1/capital/requests/{id},"funding_request.amount_minor, currency",US-CAP-003,TC-CAP-003-4,Positive functional,Requested amount retained alongside any offered amount,NOT_EXECUTED,,
BFR-CAP-004,P1,Customer shall specify funding purpose.,Selected purpose stored with application.,Capital marketplace,EPIC-CAP,Capital Marketplace (`capital-svc`),05-fds/domain-17-buntucapital.md#bfr-cap-004,PATCH /api/v1/capital/requests/{id},"funding_request.purpose_code, purpose_detail",US-CAP-004,TC-CAP-004-1,Positive functional,Purpose stored with the request,NOT_EXECUTED,,
BFR-CAP-004,P1,Customer shall specify funding purpose.,Selected purpose stored with application.,Capital marketplace,EPIC-CAP,Capital Marketplace (`capital-svc`),05-fds/domain-17-buntucapital.md#bfr-cap-004,PATCH /api/v1/capital/requests/{id},"funding_request.purpose_code, purpose_detail",US-CAP-004,TC-CAP-004-2,Negative functional,Unknown purpose code refused,NOT_EXECUTED,,
BFR-CAP-004,P1,Customer shall specify funding purpose.,Selected purpose stored with application.,Capital marketplace,EPIC-CAP,Capital Marketplace (`capital-svc`),05-fds/domain-17-buntucapital.md#bfr-cap-004,PATCH /api/v1/capital/requests/{id},"funding_request.purpose_code, purpose_detail",US-CAP-004,TC-CAP-004-3,Security,Free-text detail sanitised,NOT_EXECUTED,,
BFR-CAP-004,P1,Customer shall specify funding purpose.,Selected purpose stored with application.,Capital marketplace,EPIC-CAP,Capital Marketplace (`capital-svc`),05-fds/domain-17-buntucapital.md#bfr-cap-004,PATCH /api/v1/capital/requests/{id},"funding_request.purpose_code, purpose_detail",US-CAP-004,TC-CAP-004-4,Positive functional,Purpose included in the provider submission,NOT_EXECUTED,,
BFR-CAP-005,P1,Prequalification may use consented financial data.,Inputs can be traced to authorised sources.,Capital marketplace,EPIC-CAP,Capital Marketplace (`capital-svc`),05-fds/domain-17-buntucapital.md#bfr-cap-005,POST /api/v1/capital/requests/{id}/prequalify,prequalification inputs recorded with source and consent references.,US-CAP-005,TC-CAP-005-1,Positive functional,Prequalification runs on consented data only,NOT_EXECUTED,,
BFR-CAP-005,P1,Prequalification may use consented financial data.,Inputs can be traced to authorised sources.,Capital marketplace,EPIC-CAP,Capital Marketplace (`capital-svc`),05-fds/domain-17-buntucapital.md#bfr-cap-005,POST /api/v1/capital/requests/{id}/prequalify,prequalification inputs recorded with source and consent references.,US-CAP-005,TC-CAP-005-2,Negative functional,Missing consent halts prequalification with a clear message,NOT_EXECUTED,,
BFR-CAP-005,P1,Prequalification may use consented financial data.,Inputs can be traced to authorised sources.,Capital marketplace,EPIC-CAP,Capital Marketplace (`capital-svc`),05-fds/domain-17-buntucapital.md#bfr-cap-005,POST /api/v1/capital/requests/{id}/prequalify,prequalification inputs recorded with source and consent references.,US-CAP-005,TC-CAP-005-3,Security,No provider transmission occurs during prequalification,NOT_EXECUTED,,
BFR-CAP-005,P1,Prequalification may use consented financial data.,Inputs can be traced to authorised sources.,Capital marketplace,EPIC-CAP,Capital Marketplace (`capital-svc`),05-fds/domain-17-buntucapital.md#bfr-cap-005,POST /api/v1/capital/requests/{id}/prequalify,prequalification inputs recorded with source and consent references.,US-CAP-005,TC-CAP-005-4,Positive functional,Inputs traceable to sources and consents,NOT_EXECUTED,,
BFR-CAP-005,P1,Prequalification may use consented financial data.,Inputs can be traced to authorised sources.,Capital marketplace,EPIC-CAP,Capital Marketplace (`capital-svc`),05-fds/domain-17-buntucapital.md#bfr-cap-005,POST /api/v1/capital/requests/{id}/prequalify,prequalification inputs recorded with source and consent references.,US-CAP-005,TC-CAP-005-5,Positive functional,Result labelled an indication with disclaimer,NOT_EXECUTED,,
BFR-CAP-006,P1,Customer shall select partner(s) allowed to receive information.,No partner submission occurs without selected authorised flow.,Capital marketplace,EPIC-CAP,Capital Marketplace (`capital-svc`),05-fds/domain-17-buntucapital.md#bfr-cap-006,POST /api/v1/capital/requests/{id}/submit,application(partner_id) one per provider; passport_share per provider.,US-CAP-006,TC-CAP-006-1,Positive functional,Only selected providers receive data,NOT_EXECUTED,,
BFR-CAP-006,P1,Customer shall select partner(s) allowed to receive information.,No partner submission occurs without selected authorised flow.,Capital marketplace,EPIC-CAP,Capital Marketplace (`capital-svc`),05-fds/domain-17-buntucapital.md#bfr-cap-006,POST /api/v1/capital/requests/{id}/submit,application(partner_id) one per provider; passport_share per provider.,US-CAP-006,TC-CAP-006-2,Negative functional,Submission without selection refused,NOT_EXECUTED,,
BFR-CAP-006,P1,Customer shall select partner(s) allowed to receive information.,No partner submission occurs without selected authorised flow.,Capital marketplace,EPIC-CAP,Capital Marketplace (`capital-svc`),05-fds/domain-17-buntucapital.md#bfr-cap-006,POST /api/v1/capital/requests/{id}/submit,application(partner_id) one per provider; passport_share per provider.,US-CAP-006,TC-CAP-006-3,Security,Unselected provider has no record of the customer,NOT_EXECUTED,,
BFR-CAP-006,P1,Customer shall select partner(s) allowed to receive information.,No partner submission occurs without selected authorised flow.,Capital marketplace,EPIC-CAP,Capital Marketplace (`capital-svc`),05-fds/domain-17-buntucapital.md#bfr-cap-006,POST /api/v1/capital/requests/{id}/submit,application(partner_id) one per provider; passport_share per provider.,US-CAP-006,TC-CAP-006-4,Positive functional,One application per provider with its own lifecycle,NOT_EXECUTED,,
BFR-CAP-006,P1,Customer shall select partner(s) allowed to receive information.,No partner submission occurs without selected authorised flow.,Capital marketplace,EPIC-CAP,Capital Marketplace (`capital-svc`),05-fds/domain-17-buntucapital.md#bfr-cap-006,POST /api/v1/capital/requests/{id}/submit,application(partner_id) one per provider; passport_share per provider.,US-CAP-006,TC-CAP-006-5,Audit verification,Per-provider consent and submission audited,NOT_EXECUTED,,
BFR-CAP-007,P1,Providers shall return structured financing offers.,"Amount, duration, fees and repayment information can be compared.",Capital marketplace,EPIC-CAP,Capital Marketplace (`capital-svc`),05-fds/domain-17-buntucapital.md#bfr-cap-007,GET /api/v1/capital/requests/{id}/offers,offer with normalised fields and provider_offer_reference.,US-CAP-007,TC-CAP-007-1,Positive functional,Offers normalised and comparable,NOT_EXECUTED,,
BFR-CAP-007,P1,Providers shall return structured financing offers.,"Amount, duration, fees and repayment information can be compared.",Capital marketplace,EPIC-CAP,Capital Marketplace (`capital-svc`),05-fds/domain-17-buntucapital.md#bfr-cap-007,GET /api/v1/capital/requests/{id}/offers,offer with normalised fields and provider_offer_reference.,US-CAP-007,TC-CAP-007-2,Negative functional,"Missing fields shown as not provided, never estimated",NOT_EXECUTED,,
BFR-CAP-007,P1,Providers shall return structured financing offers.,"Amount, duration, fees and repayment information can be compared.",Capital marketplace,EPIC-CAP,Capital Marketplace (`capital-svc`),05-fds/domain-17-buntucapital.md#bfr-cap-007,GET /api/v1/capital/requests/{id}/offers,offer with normalised fields and provider_offer_reference.,US-CAP-007,TC-CAP-007-3,Negative functional,Malformed offer not displayed,NOT_EXECUTED,,
BFR-CAP-007,P1,Providers shall return structured financing offers.,"Amount, duration, fees and repayment information can be compared.",Capital marketplace,EPIC-CAP,Capital Marketplace (`capital-svc`),05-fds/domain-17-buntucapital.md#bfr-cap-007,GET /api/v1/capital/requests/{id}/offers,offer with normalised fields and provider_offer_reference.,US-CAP-007,TC-CAP-007-4,Positive functional,Offer terms stored exactly as received,NOT_EXECUTED,,
BFR-CAP-007,P1,Providers shall return structured financing offers.,"Amount, duration, fees and repayment information can be compared.",Capital marketplace,EPIC-CAP,Capital Marketplace (`capital-svc`),05-fds/domain-17-buntucapital.md#bfr-cap-007,GET /api/v1/capital/requests/{id}/offers,offer with normalised fields and provider_offer_reference.,US-CAP-007,TC-CAP-007-5,Integration,Two different provider formats normalise identically,NOT_EXECUTED,,
BFR-CAP-008,P1,Offers shall identify provider.,Customer sees legal provider before selection.,Capital marketplace,EPIC-CAP,Capital Marketplace (`capital-svc`),05-fds/domain-17-buntucapital.md#bfr-cap-008,"(no new endpoint) every offer payload includes provider {partner_id, legal_name, regulatory_reference}.",offer.partner_id NOT NULL,US-CAP-008,TC-CAP-008-1,Positive functional,Provider displayed on every offer,NOT_EXECUTED,,
BFR-CAP-008,P1,Offers shall identify provider.,Customer sees legal provider before selection.,Capital marketplace,EPIC-CAP,Capital Marketplace (`capital-svc`),05-fds/domain-17-buntucapital.md#bfr-cap-008,"(no new endpoint) every offer payload includes provider {partner_id, legal_name, regulatory_reference}.",offer.partner_id NOT NULL,US-CAP-008,TC-CAP-008-2,Negative functional,Offer without a provider rejected at ingestion,NOT_EXECUTED,,
BFR-CAP-008,P1,Offers shall identify provider.,Customer sees legal provider before selection.,Capital marketplace,EPIC-CAP,Capital Marketplace (`capital-svc`),05-fds/domain-17-buntucapital.md#bfr-cap-008,"(no new endpoint) every offer payload includes provider {partner_id, legal_name, regulatory_reference}.",offer.partner_id NOT NULL,US-CAP-008,TC-CAP-008-3,Positive functional,Acceptance screen restates the provider,NOT_EXECUTED,,
BFR-CAP-008,P1,Offers shall identify provider.,Customer sees legal provider before selection.,Capital marketplace,EPIC-CAP,Capital Marketplace (`capital-svc`),05-fds/domain-17-buntucapital.md#bfr-cap-008,"(no new endpoint) every offer payload includes provider {partner_id, legal_name, regulatory_reference}.",offer.partner_id NOT NULL,US-CAP-008,TC-CAP-008-4,Security,Provider cannot be masked by presentation configuration,NOT_EXECUTED,,
BFR-CAP-009,P1,BuntuFin commercial commission shall not invisibly determine ranking.,Ranking methodology can be explained and configured fairly.,Capital marketplace,EPIC-CAP,Capital Marketplace (`capital-svc`),05-fds/domain-17-buntucapital.md#bfr-cap-009,GET /api/v1/capital/requests/{id}/offers?sort=,ranking policy in versioned configuration; route-style decision record retained per offer list.,US-CAP-009,TC-CAP-009-1,Security,Ranking policy schema rejects commercial terms,NOT_EXECUTED,,
BFR-CAP-009,P1,BuntuFin commercial commission shall not invisibly determine ranking.,Ranking methodology can be explained and configured fairly.,Capital marketplace,EPIC-CAP,Capital Marketplace (`capital-svc`),05-fds/domain-17-buntucapital.md#bfr-cap-009,GET /api/v1/capital/requests/{id}/offers?sort=,ranking policy in versioned configuration; route-style decision record retained per offer list.,US-CAP-009,TC-CAP-009-2,Positive functional,Ranking criteria displayed on request,NOT_EXECUTED,,
BFR-CAP-009,P1,BuntuFin commercial commission shall not invisibly determine ranking.,Ranking methodology can be explained and configured fairly.,Capital marketplace,EPIC-CAP,Capital Marketplace (`capital-svc`),05-fds/domain-17-buntucapital.md#bfr-cap-009,GET /api/v1/capital/requests/{id}/offers?sort=,ranking policy in versioned configuration; route-style decision record retained per offer list.,US-CAP-009,TC-CAP-009-3,Positive functional,Customer can re-sort,NOT_EXECUTED,,
BFR-CAP-009,P1,BuntuFin commercial commission shall not invisibly determine ranking.,Ranking methodology can be explained and configured fairly.,Capital marketplace,EPIC-CAP,Capital Marketplace (`capital-svc`),05-fds/domain-17-buntucapital.md#bfr-cap-009,GET /api/v1/capital/requests/{id}/offers?sort=,ranking policy in versioned configuration; route-style decision record retained per offer list.,US-CAP-009,TC-CAP-009-4,Positive functional,Applied policy version stored with the offer list,NOT_EXECUTED,,
BFR-CAP-009,P1,BuntuFin commercial commission shall not invisibly determine ranking.,Ranking methodology can be explained and configured fairly.,Capital marketplace,EPIC-CAP,Capital Marketplace (`capital-svc`),05-fds/domain-17-buntucapital.md#bfr-cap-009,GET /api/v1/capital/requests/{id}/offers?sort=,ranking policy in versioned configuration; route-style decision record retained per offer list.,US-CAP-009,TC-CAP-009-5,Audit verification,Policy changes approved and audited,NOT_EXECUTED,,
BFR-CAP-010,P1,Application status shall be trackable.,Customer sees submitted/reviewing/approved/declined/etc.,Capital marketplace,EPIC-CAP,Capital Marketplace (`capital-svc`),05-fds/domain-17-buntucapital.md#bfr-cap-010,GET /api/v1/capital/applications; GET .../applications/{id},"application.state, application_status_history",US-CAP-010,TC-CAP-010-1,Positive functional,Every state visible in plain language,NOT_EXECUTED,,
BFR-CAP-010,P1,Application status shall be trackable.,Customer sees submitted/reviewing/approved/declined/etc.,Capital marketplace,EPIC-CAP,Capital Marketplace (`capital-svc`),05-fds/domain-17-buntucapital.md#bfr-cap-010,GET /api/v1/capital/applications; GET .../applications/{id},"application.state, application_status_history",US-CAP-010,TC-CAP-010-2,Positive functional,Per-provider statuses independent,NOT_EXECUTED,,
BFR-CAP-010,P1,Application status shall be trackable.,Customer sees submitted/reviewing/approved/declined/etc.,Capital marketplace,EPIC-CAP,Capital Marketplace (`capital-svc`),05-fds/domain-17-buntucapital.md#bfr-cap-010,GET /api/v1/capital/applications; GET .../applications/{id},"application.state, application_status_history",US-CAP-010,TC-CAP-010-3,Negative functional,Unresponsive provider never produces an invented decline,NOT_EXECUTED,,
BFR-CAP-010,P1,Application status shall be trackable.,Customer sees submitted/reviewing/approved/declined/etc.,Capital marketplace,EPIC-CAP,Capital Marketplace (`capital-svc`),05-fds/domain-17-buntucapital.md#bfr-cap-010,GET /api/v1/capital/applications; GET .../applications/{id},"application.state, application_status_history",US-CAP-010,TC-CAP-010-4,Security,Status history append-only,NOT_EXECUTED,,
BFR-CAP-010,P1,Application status shall be trackable.,Customer sees submitted/reviewing/approved/declined/etc.,Capital marketplace,EPIC-CAP,Capital Marketplace (`capital-svc`),05-fds/domain-17-buntucapital.md#bfr-cap-010,GET /api/v1/capital/applications; GET .../applications/{id},"application.state, application_status_history",US-CAP-010,TC-CAP-010-5,Permissions,Only the applicant sees the application,NOT_EXECUTED,,
BFR-CAF-001,P2,Provider may request additional information.,Customer receives structured information request.,Capital application lifecycle,EPIC-CAF,Capital Marketplace (`capital-svc`),05-fds/domain-18-capital-lifecycle.md#bfr-caf-001,POST /api/partner/v1/applications/{id}/information-requests; GET /api/v1/capital/applications/{id}/information-requests,"information_request(items[], requested_at, due_at, status)",US-CAF-001,TC-CAF-001-1,Positive functional,Structured request displayed to the customer,NOT_EXECUTED,,
BFR-CAF-001,P2,Provider may request additional information.,Customer receives structured information request.,Capital application lifecycle,EPIC-CAF,Capital Marketplace (`capital-svc`),05-fds/domain-18-capital-lifecycle.md#bfr-caf-001,POST /api/partner/v1/applications/{id}/information-requests; GET /api/v1/capital/applications/{id}/information-requests,"information_request(items[], requested_at, due_at, status)",US-CAF-001,TC-CAF-001-2,Security,Out-of-scope request rejected,NOT_EXECUTED,,
BFR-CAF-001,P2,Provider may request additional information.,Customer receives structured information request.,Capital application lifecycle,EPIC-CAF,Capital Marketplace (`capital-svc`),05-fds/domain-18-capital-lifecycle.md#bfr-caf-001,POST /api/partner/v1/applications/{id}/information-requests; GET /api/v1/capital/applications/{id}/information-requests,"information_request(items[], requested_at, due_at, status)",US-CAF-001,TC-CAF-001-3,Security,Provider free text sanitised and attributed,NOT_EXECUTED,,
BFR-CAF-001,P2,Provider may request additional information.,Customer receives structured information request.,Capital application lifecycle,EPIC-CAF,Capital Marketplace (`capital-svc`),05-fds/domain-18-capital-lifecycle.md#bfr-caf-001,POST /api/partner/v1/applications/{id}/information-requests; GET /api/v1/capital/applications/{id}/information-requests,"information_request(items[], requested_at, due_at, status)",US-CAF-001,TC-CAF-001-4,Positive functional,Fulfilment returns the application to review,NOT_EXECUTED,,
BFR-CAF-002,P2,Customer shall upload requested supporting documents where needed.,Uploaded evidence links to application securely.,Capital application lifecycle,EPIC-CAF,Capital Marketplace (`capital-svc`),05-fds/domain-18-capital-lifecycle.md#bfr-caf-002,POST /api/v1/capital/applications/{id}/documents; GET /api/partner/v1/applications/{id}/documents/{doc_id},"application_document(item_ref, object_ref, content_type, size, uploaded_at, virus_scan_status)",US-CAF-002,TC-CAF-002-1,Positive functional,Document uploads and links to the application,NOT_EXECUTED,,
BFR-CAF-002,P2,Customer shall upload requested supporting documents where needed.,Uploaded evidence links to application securely.,Capital application lifecycle,EPIC-CAF,Capital Marketplace (`capital-svc`),05-fds/domain-18-capital-lifecycle.md#bfr-caf-002,POST /api/v1/capital/applications/{id}/documents; GET /api/partner/v1/applications/{id}/documents/{doc_id},"application_document(item_ref, object_ref, content_type, size, uploaded_at, virus_scan_status)",US-CAF-002,TC-CAF-002-2,Security,Only the owning provider can retrieve it,NOT_EXECUTED,,
BFR-CAF-002,P2,Customer shall upload requested supporting documents where needed.,Uploaded evidence links to application securely.,Capital application lifecycle,EPIC-CAF,Capital Marketplace (`capital-svc`),05-fds/domain-18-capital-lifecycle.md#bfr-caf-002,POST /api/v1/capital/applications/{id}/documents; GET /api/partner/v1/applications/{id}/documents/{doc_id},"application_document(item_ref, object_ref, content_type, size, uploaded_at, virus_scan_status)",US-CAF-002,TC-CAF-002-3,Security,No public URL; encrypted at rest,NOT_EXECUTED,,
BFR-CAF-002,P2,Customer shall upload requested supporting documents where needed.,Uploaded evidence links to application securely.,Capital application lifecycle,EPIC-CAF,Capital Marketplace (`capital-svc`),05-fds/domain-18-capital-lifecycle.md#bfr-caf-002,POST /api/v1/capital/applications/{id}/documents; GET /api/partner/v1/applications/{id}/documents/{doc_id},"application_document(item_ref, object_ref, content_type, size, uploaded_at, virus_scan_status)",US-CAF-002,TC-CAF-002-4,Negative functional,Disallowed type or size refused,NOT_EXECUTED,,
BFR-CAF-002,P2,Customer shall upload requested supporting documents where needed.,Uploaded evidence links to application securely.,Capital application lifecycle,EPIC-CAF,Capital Marketplace (`capital-svc`),05-fds/domain-18-capital-lifecycle.md#bfr-caf-002,POST /api/v1/capital/applications/{id}/documents; GET /api/partner/v1/applications/{id}/documents/{doc_id},"application_document(item_ref, object_ref, content_type, size, uploaded_at, virus_scan_status)",US-CAF-002,TC-CAF-002-5,Security,Unscanned file not released,NOT_EXECUTED,,
BFR-CAF-002,P2,Customer shall upload requested supporting documents where needed.,Uploaded evidence links to application securely.,Capital application lifecycle,EPIC-CAF,Capital Marketplace (`capital-svc`),05-fds/domain-18-capital-lifecycle.md#bfr-caf-002,POST /api/v1/capital/applications/{id}/documents; GET /api/partner/v1/applications/{id}/documents/{doc_id},"application_document(item_ref, object_ref, content_type, size, uploaded_at, virus_scan_status)",US-CAF-002,TC-CAF-002-6,Audit verification,Every retrieval logged,NOT_EXECUTED,,
BFR-CAF-003,P1,Provider decision shall be recorded.,"Decision, provider reference and timestamp stored.",Capital application lifecycle,EPIC-CAF,Capital Marketplace (`capital-svc`),05-fds/domain-18-capital-lifecycle.md#bfr-caf-003,POST /api/partner/v1/applications/{id}/decision,"decision(application_id, decision, provider_reference, decided_at, reason_supplied) append-only",US-CAF-003,TC-CAF-003-1,Positive functional,Provider decision recorded with reference and timestamp,NOT_EXECUTED,,
BFR-CAF-003,P1,Provider decision shall be recorded.,"Decision, provider reference and timestamp stored.",Capital application lifecycle,EPIC-CAF,Capital Marketplace (`capital-svc`),05-fds/domain-18-capital-lifecycle.md#bfr-caf-003,POST /api/partner/v1/applications/{id}/decision,"decision(application_id, decision, provider_reference, decided_at, reason_supplied) append-only",US-CAF-003,TC-CAF-003-2,Negative functional,No platform path can set a decision,NOT_EXECUTED,,
BFR-CAF-003,P1,Provider decision shall be recorded.,"Decision, provider reference and timestamp stored.",Capital application lifecycle,EPIC-CAF,Capital Marketplace (`capital-svc`),05-fds/domain-18-capital-lifecycle.md#bfr-caf-003,POST /api/partner/v1/applications/{id}/decision,"decision(application_id, decision, provider_reference, decided_at, reason_supplied) append-only",US-CAF-003,TC-CAF-003-3,Negative functional,Decision without provider reference rejected,NOT_EXECUTED,,
BFR-CAF-003,P1,Provider decision shall be recorded.,"Decision, provider reference and timestamp stored.",Capital application lifecycle,EPIC-CAF,Capital Marketplace (`capital-svc`),05-fds/domain-18-capital-lifecycle.md#bfr-caf-003,POST /api/partner/v1/applications/{id}/decision,"decision(application_id, decision, provider_reference, decided_at, reason_supplied) append-only",US-CAF-003,TC-CAF-003-4,Security,Decision record append-only,NOT_EXECUTED,,
BFR-CAF-003,P1,Provider decision shall be recorded.,"Decision, provider reference and timestamp stored.",Capital application lifecycle,EPIC-CAF,Capital Marketplace (`capital-svc`),05-fds/domain-18-capital-lifecycle.md#bfr-caf-003,POST /api/partner/v1/applications/{id}/decision,"decision(application_id, decision, provider_reference, decided_at, reason_supplied) append-only",US-CAF-003,TC-CAF-003-5,Integration,Customer notified with the provider named,NOT_EXECUTED,,
BFR-CAF-004,P1,Decline reason shall be shown when supplied and permitted.,Platform displays provider-supplied reason without invention.,Capital application lifecycle,EPIC-CAF,Capital Marketplace (`capital-svc`),05-fds/domain-18-capital-lifecycle.md#bfr-caf-004,"(no new endpoint) decline responses include reason_supplied: true|false and, where true, the provider's text.","decision.reason_supplied, decision.reason_text, decision.reason_display_permitted",US-CAF-004,TC-CAF-004-1,Positive functional,"Supplied and permitted reason displayed, attributed",NOT_EXECUTED,,
BFR-CAF-004,P1,Decline reason shall be shown when supplied and permitted.,Platform displays provider-supplied reason without invention.,Capital application lifecycle,EPIC-CAF,Capital Marketplace (`capital-svc`),05-fds/domain-18-capital-lifecycle.md#bfr-caf-004,"(no new endpoint) decline responses include reason_supplied: true|false and, where true, the provider's text.","decision.reason_supplied, decision.reason_text, decision.reason_display_permitted",US-CAF-004,TC-CAF-004-2,Negative functional,"No reason ⇒ honest absence message, never an invented one",NOT_EXECUTED,,
BFR-CAF-004,P1,Decline reason shall be shown when supplied and permitted.,Platform displays provider-supplied reason without invention.,Capital application lifecycle,EPIC-CAF,Capital Marketplace (`capital-svc`),05-fds/domain-18-capital-lifecycle.md#bfr-caf-004,"(no new endpoint) decline responses include reason_supplied: true|false and, where true, the provider's text.","decision.reason_supplied, decision.reason_text, decision.reason_display_permitted",US-CAF-004,TC-CAF-004-3,Negative functional,Reason not permitted for display is withheld with an explanation,NOT_EXECUTED,,
BFR-CAF-004,P1,Decline reason shall be shown when supplied and permitted.,Platform displays provider-supplied reason without invention.,Capital application lifecycle,EPIC-CAF,Capital Marketplace (`capital-svc`),05-fds/domain-18-capital-lifecycle.md#bfr-caf-004,"(no new endpoint) decline responses include reason_supplied: true|false and, where true, the provider's text.","decision.reason_supplied, decision.reason_text, decision.reason_display_permitted",US-CAF-004,TC-CAF-004-4,Security,Provider text sanitised,NOT_EXECUTED,,
BFR-CAF-004,P1,Decline reason shall be shown when supplied and permitted.,Platform displays provider-supplied reason without invention.,Capital application lifecycle,EPIC-CAF,Capital Marketplace (`capital-svc`),05-fds/domain-18-capital-lifecycle.md#bfr-caf-004,"(no new endpoint) decline responses include reason_supplied: true|false and, where true, the provider's text.","decision.reason_supplied, decision.reason_text, decision.reason_display_permitted",US-CAF-004,TC-CAF-004-5,Negative functional,Platform never substitutes a health or Passport figure as the reason,NOT_EXECUTED,,
BFR-CAF-005,P1,Customer shall explicitly accept offer.,Acceptance action and terms version recorded.,Capital application lifecycle,EPIC-CAF,Capital Marketplace (`capital-svc`),05-fds/domain-18-capital-lifecycle.md#bfr-caf-005,POST /api/v1/capital/offers/{id}/accept,"offer_acceptance(offer_id, terms_version, accepted_at, auth_evidence)",US-CAF-005,TC-CAF-005-1,Positive functional,Acceptance records offer and terms version,NOT_EXECUTED,,
BFR-CAF-005,P1,Customer shall explicitly accept offer.,Acceptance action and terms version recorded.,Capital application lifecycle,EPIC-CAF,Capital Marketplace (`capital-svc`),05-fds/domain-18-capital-lifecycle.md#bfr-caf-005,POST /api/v1/capital/offers/{id}/accept,"offer_acceptance(offer_id, terms_version, accepted_at, auth_evidence)",US-CAF-005,TC-CAF-005-2,Negative functional,No acceptance by inaction or default,NOT_EXECUTED,,
BFR-CAF-005,P1,Customer shall explicitly accept offer.,Acceptance action and terms version recorded.,Capital application lifecycle,EPIC-CAF,Capital Marketplace (`capital-svc`),05-fds/domain-18-capital-lifecycle.md#bfr-caf-005,POST /api/v1/capital/offers/{id}/accept,"offer_acceptance(offer_id, terms_version, accepted_at, auth_evidence)",US-CAF-005,TC-CAF-005-3,Negative functional,Expired offer cannot be accepted,NOT_EXECUTED,,
BFR-CAF-005,P1,Customer shall explicitly accept offer.,Acceptance action and terms version recorded.,Capital application lifecycle,EPIC-CAF,Capital Marketplace (`capital-svc`),05-fds/domain-18-capital-lifecycle.md#bfr-caf-005,POST /api/v1/capital/offers/{id}/accept,"offer_acceptance(offer_id, terms_version, accepted_at, auth_evidence)",US-CAF-005,TC-CAF-005-4,Security,Step-up enforced where configured,NOT_EXECUTED,,
BFR-CAF-005,P1,Customer shall explicitly accept offer.,Acceptance action and terms version recorded.,Capital application lifecycle,EPIC-CAF,Capital Marketplace (`capital-svc`),05-fds/domain-18-capital-lifecycle.md#bfr-caf-005,POST /api/v1/capital/offers/{id}/accept,"offer_acceptance(offer_id, terms_version, accepted_at, auth_evidence)",US-CAF-005,TC-CAF-005-5,Positive functional,Other offers handled by explicit choice,NOT_EXECUTED,,
BFR-CAF-006,P1,Disbursement confirmation shall come from authoritative source.,Application not shown as disbursed until partner confirms.,Capital application lifecycle,EPIC-CAF,Capital Marketplace (`capital-svc`),05-fds/domain-18-capital-lifecycle.md#bfr-caf-006,POST /api/partner/v1/applications/{id}/disbursement,"disbursement(amount_minor, provider_reference, disbursed_at, confirmed_by)",US-CAF-006,TC-CAF-006-1,Positive functional,Provider confirmation sets DISBURSED,NOT_EXECUTED,,
BFR-CAF-006,P1,Disbursement confirmation shall come from authoritative source.,Application not shown as disbursed until partner confirms.,Capital application lifecycle,EPIC-CAF,Capital Marketplace (`capital-svc`),05-fds/domain-18-capital-lifecycle.md#bfr-caf-006,POST /api/partner/v1/applications/{id}/disbursement,"disbursement(amount_minor, provider_reference, disbursed_at, confirmed_by)",US-CAF-006,TC-CAF-006-2,Negative functional,Customer report does not set the state,NOT_EXECUTED,,
BFR-CAF-006,P1,Disbursement confirmation shall come from authoritative source.,Application not shown as disbursed until partner confirms.,Capital application lifecycle,EPIC-CAF,Capital Marketplace (`capital-svc`),05-fds/domain-18-capital-lifecycle.md#bfr-caf-006,POST /api/partner/v1/applications/{id}/disbursement,"disbursement(amount_minor, provider_reference, disbursed_at, confirmed_by)",US-CAF-006,TC-CAF-006-3,Negative functional,Observed inflow alone does not set the state,NOT_EXECUTED,,
BFR-CAF-006,P1,Disbursement confirmation shall come from authoritative source.,Application not shown as disbursed until partner confirms.,Capital application lifecycle,EPIC-CAF,Capital Marketplace (`capital-svc`),05-fds/domain-18-capital-lifecycle.md#bfr-caf-006,POST /api/partner/v1/applications/{id}/disbursement,"disbursement(amount_minor, provider_reference, disbursed_at, confirmed_by)",US-CAF-006,TC-CAF-006-4,Positive functional,"Amount mismatch flagged, not silently reconciled",NOT_EXECUTED,,
BFR-CAF-006,P1,Disbursement confirmation shall come from authoritative source.,Application not shown as disbursed until partner confirms.,Capital application lifecycle,EPIC-CAF,Capital Marketplace (`capital-svc`),05-fds/domain-18-capital-lifecycle.md#bfr-caf-006,POST /api/partner/v1/applications/{id}/disbursement,"disbursement(amount_minor, provider_reference, disbursed_at, confirmed_by)",US-CAF-006,TC-CAF-006-5,Integration,Delay alerts operations with the provider named,NOT_EXECUTED,,
BFR-CAF-007,P2,Repayment status may be imported from provider.,Status maps into standard finance lifecycle.,Capital application lifecycle,EPIC-CAF,Capital Marketplace (`capital-svc`),05-fds/domain-18-capital-lifecycle.md#bfr-caf-007,POST /api/partner/v1/applications/{id}/repayment-status; GET /api/v1/capital/applications/{id}/repayment,"repayment_status(state, as_of, provider_reference, raw_state)",US-CAF-007,TC-CAF-007-1,Positive functional,Provider status maps into the standard lifecycle,NOT_EXECUTED,,
BFR-CAF-007,P2,Repayment status may be imported from provider.,Status maps into standard finance lifecycle.,Capital application lifecycle,EPIC-CAF,Capital Marketplace (`capital-svc`),05-fds/domain-18-capital-lifecycle.md#bfr-caf-007,POST /api/partner/v1/applications/{id}/repayment-status; GET /api/v1/capital/applications/{id}/repayment,"repayment_status(state, as_of, provider_reference, raw_state)",US-CAF-007,TC-CAF-007-2,Positive functional,Raw provider state retained,NOT_EXECUTED,,
BFR-CAF-007,P2,Repayment status may be imported from provider.,Status maps into standard finance lifecycle.,Capital application lifecycle,EPIC-CAF,Capital Marketplace (`capital-svc`),05-fds/domain-18-capital-lifecycle.md#bfr-caf-007,POST /api/partner/v1/applications/{id}/repayment-status; GET /api/v1/capital/applications/{id}/repayment,"repayment_status(state, as_of, provider_reference, raw_state)",US-CAF-007,TC-CAF-007-3,Negative functional,Platform never computes arrears itself,NOT_EXECUTED,,
BFR-CAF-007,P2,Repayment status may be imported from provider.,Status maps into standard finance lifecycle.,Capital application lifecycle,EPIC-CAF,Capital Marketplace (`capital-svc`),05-fds/domain-18-capital-lifecycle.md#bfr-caf-007,POST /api/partner/v1/applications/{id}/repayment-status; GET /api/v1/capital/applications/{id}/repayment,"repayment_status(state, as_of, provider_reference, raw_state)",US-CAF-007,TC-CAF-007-4,Positive functional,Stale status labelled,NOT_EXECUTED,,
BFR-CAF-007,P2,Repayment status may be imported from provider.,Status maps into standard finance lifecycle.,Capital application lifecycle,EPIC-CAF,Capital Marketplace (`capital-svc`),05-fds/domain-18-capital-lifecycle.md#bfr-caf-007,POST /api/partner/v1/applications/{id}/repayment-status; GET /api/v1/capital/applications/{id}/repayment,"repayment_status(state, as_of, provider_reference, raw_state)",US-CAF-007,TC-CAF-007-5,Error handling,Unmapped state displayed raw and alerted,NOT_EXECUTED,,
BFR-CAF-008,P1,Repayment behaviour may feed Passport where lawful and consented.,Data source and consent are traceable.,Capital application lifecycle,EPIC-CAF,Capital Marketplace (`capital-svc`),05-fds/domain-18-capital-lifecycle.md#bfr-caf-008,(no new endpoint) consent of type REPAYMENT_TO_PASSPORT; Passport sources then include the provider.,passport_metric_source with data_source = LENDING_PARTNER and a consent reference.,US-CAF-008,TC-CAF-008-1,Positive functional,"With consent and permission, repayment data contributes",NOT_EXECUTED,,
BFR-CAF-008,P1,Repayment behaviour may feed Passport where lawful and consented.,Data source and consent are traceable.,Capital application lifecycle,EPIC-CAF,Capital Marketplace (`capital-svc`),05-fds/domain-18-capital-lifecycle.md#bfr-caf-008,(no new endpoint) consent of type REPAYMENT_TO_PASSPORT; Passport sources then include the provider.,passport_metric_source with data_source = LENDING_PARTNER and a consent reference.,US-CAF-008,TC-CAF-008-2,Negative functional,Without consent it does not,NOT_EXECUTED,,
BFR-CAF-008,P1,Repayment behaviour may feed Passport where lawful and consented.,Data source and consent are traceable.,Capital application lifecycle,EPIC-CAF,Capital Marketplace (`capital-svc`),05-fds/domain-18-capital-lifecycle.md#bfr-caf-008,(no new endpoint) consent of type REPAYMENT_TO_PASSPORT; Passport sources then include the provider.,passport_metric_source with data_source = LENDING_PARTNER and a consent reference.,US-CAF-008,TC-CAF-008-3,Negative functional,Feature disabled while the lawfulness question is open,NOT_EXECUTED,,
BFR-CAF-008,P1,Repayment behaviour may feed Passport where lawful and consented.,Data source and consent are traceable.,Capital application lifecycle,EPIC-CAF,Capital Marketplace (`capital-svc`),05-fds/domain-18-capital-lifecycle.md#bfr-caf-008,(no new endpoint) consent of type REPAYMENT_TO_PASSPORT; Passport sources then include the provider.,passport_metric_source with data_source = LENDING_PARTNER and a consent reference.,US-CAF-008,TC-CAF-008-4,Positive functional,Source and consent traceable per record,NOT_EXECUTED,,
BFR-CAF-008,P1,Repayment behaviour may feed Passport where lawful and consented.,Data source and consent are traceable.,Capital application lifecycle,EPIC-CAF,Capital Marketplace (`capital-svc`),05-fds/domain-18-capital-lifecycle.md#bfr-caf-008,(no new endpoint) consent of type REPAYMENT_TO_PASSPORT; Passport sources then include the provider.,passport_metric_source with data_source = LENDING_PARTNER and a consent reference.,US-CAF-008,TC-CAF-008-5,Positive functional,Dispute rights apply to negative information,NOT_EXECUTED,,
BFR-CAF-009,P1,Provider offer expiry shall be enforced.,Expired offer cannot be accepted without reissue.,Capital application lifecycle,EPIC-CAF,Capital Marketplace (`capital-svc`),05-fds/domain-18-capital-lifecycle.md#bfr-caf-009,POST /api/v1/capital/applications/{id}/request-new-offer,"offer.offer_expires_at, offer.status",US-CAF-009,TC-CAF-009-1,Negative functional,Expired offer cannot be accepted,NOT_EXECUTED,,
BFR-CAF-009,P1,Provider offer expiry shall be enforced.,Expired offer cannot be accepted without reissue.,Capital application lifecycle,EPIC-CAF,Capital Marketplace (`capital-svc`),05-fds/domain-18-capital-lifecycle.md#bfr-caf-009,POST /api/v1/capital/applications/{id}/request-new-offer,"offer.offer_expires_at, offer.status",US-CAF-009,TC-CAF-009-2,Concurrency,Acceptance racing expiry resolves deterministically,NOT_EXECUTED,,
BFR-CAF-009,P1,Provider offer expiry shall be enforced.,Expired offer cannot be accepted without reissue.,Capital application lifecycle,EPIC-CAF,Capital Marketplace (`capital-svc`),05-fds/domain-18-capital-lifecycle.md#bfr-caf-009,POST /api/v1/capital/applications/{id}/request-new-offer,"offer.offer_expires_at, offer.status",US-CAF-009,TC-CAF-009-3,Negative functional,Platform cannot extend an offer,NOT_EXECUTED,,
BFR-CAF-009,P1,Provider offer expiry shall be enforced.,Expired offer cannot be accepted without reissue.,Capital application lifecycle,EPIC-CAF,Capital Marketplace (`capital-svc`),05-fds/domain-18-capital-lifecycle.md#bfr-caf-009,POST /api/v1/capital/applications/{id}/request-new-offer,"offer.offer_expires_at, offer.status",US-CAF-009,TC-CAF-009-4,Positive functional,Expired terms remain viewable but not actionable,NOT_EXECUTED,,
BFR-CAF-009,P1,Provider offer expiry shall be enforced.,Expired offer cannot be accepted without reissue.,Capital application lifecycle,EPIC-CAF,Capital Marketplace (`capital-svc`),05-fds/domain-18-capital-lifecycle.md#bfr-caf-009,POST /api/v1/capital/applications/{id}/request-new-offer,"offer.offer_expires_at, offer.status",US-CAF-009,TC-CAF-009-5,Positive functional,Pre-expiry warning issued,NOT_EXECUTED,,
BFR-CAF-010,P2,Financing disputes shall link to provider/application.,Complaint contains partner and application reference.,Capital application lifecycle,EPIC-CAF,Capital Marketplace (`capital-svc`),05-fds/domain-18-capital-lifecycle.md#bfr-caf-010,POST /api/v1/complaints,"complaint.partner_id, complaint.application_ref",US-CAF-010,TC-CAF-010-1,Positive functional,Complaint carries provider and application references,NOT_EXECUTED,,
BFR-CAF-010,P2,Financing disputes shall link to provider/application.,Complaint contains partner and application reference.,Capital application lifecycle,EPIC-CAF,Capital Marketplace (`capital-svc`),05-fds/domain-18-capital-lifecycle.md#bfr-caf-010,POST /api/v1/complaints,"complaint.partner_id, complaint.application_ref",US-CAF-010,TC-CAF-010-2,Positive functional,Customer told who is handling it,NOT_EXECUTED,,
BFR-CAF-010,P2,Financing disputes shall link to provider/application.,Complaint contains partner and application reference.,Capital application lifecycle,EPIC-CAF,Capital Marketplace (`capital-svc`),05-fds/domain-18-capital-lifecycle.md#bfr-caf-010,POST /api/v1/complaints,"complaint.partner_id, complaint.application_ref",US-CAF-010,TC-CAF-010-3,Positive functional,"Referral tracked to outcome, not closed on referral",NOT_EXECUTED,,
BFR-CAF-010,P2,Financing disputes shall link to provider/application.,Complaint contains partner and application reference.,Capital application lifecycle,EPIC-CAF,Capital Marketplace (`capital-svc`),05-fds/domain-18-capital-lifecycle.md#bfr-caf-010,POST /api/v1/complaints,"complaint.partner_id, complaint.application_ref",US-CAF-010,TC-CAF-010-4,Positive functional,Volumes reportable by provider,NOT_EXECUTED,,
BFR-XB-001,P1,Platform shall support configurable cross-border corridors.,Corridor can be enabled/disabled without code changes.,Cross-border payments,EPIC-XB,Cross-Border (`switch-svc`),05-fds/domain-19-cross-border.md#bfr-xb-001,GET /api/v1/corridors; POST /api/admin/v1/corridors,corridor definitions in config_version,US-XB-001,TC-XB-001-1,Positive functional,"Corridor enabled by configuration, no deployment",NOT_EXECUTED,,
BFR-XB-001,P1,Platform shall support configurable cross-border corridors.,Corridor can be enabled/disabled without code changes.,Cross-border payments,EPIC-XB,Cross-Border (`switch-svc`),05-fds/domain-19-cross-border.md#bfr-xb-001,GET /api/v1/corridors; POST /api/admin/v1/corridors,corridor definitions in config_version,US-XB-001,TC-XB-001-2,Negative functional,Transfer on a disabled corridor refused,NOT_EXECUTED,,
BFR-XB-001,P1,Platform shall support configurable cross-border corridors.,Corridor can be enabled/disabled without code changes.,Cross-border payments,EPIC-XB,Cross-Border (`switch-svc`),05-fds/domain-19-cross-border.md#bfr-xb-001,GET /api/v1/corridors; POST /api/admin/v1/corridors,corridor definitions in config_version,US-XB-001,TC-XB-001-3,Negative functional,Placeholder regulatory values block the release gate,NOT_EXECUTED,,
BFR-XB-001,P1,Platform shall support configurable cross-border corridors.,Corridor can be enabled/disabled without code changes.,Cross-border payments,EPIC-XB,Cross-Border (`switch-svc`),05-fds/domain-19-cross-border.md#bfr-xb-001,GET /api/v1/corridors; POST /api/admin/v1/corridors,corridor definitions in config_version,US-XB-001,TC-XB-001-4,Integration,Disabling stops new transfers; in-flight follow recovery,NOT_EXECUTED,,
BFR-XB-001,P1,Platform shall support configurable cross-border corridors.,Corridor can be enabled/disabled without code changes.,Cross-border payments,EPIC-XB,Cross-Border (`switch-svc`),05-fds/domain-19-cross-border.md#bfr-xb-001,GET /api/v1/corridors; POST /api/admin/v1/corridors,corridor definitions in config_version,US-XB-001,TC-XB-001-5,Audit verification,Corridor changes approved and audited,NOT_EXECUTED,,
BFR-XB-002,P1,Sender shall specify send or receive amount.,Quote calculation supports configured quote direction.,Cross-border payments,EPIC-XB,Cross-Border (`switch-svc`),05-fds/domain-19-cross-border.md#bfr-xb-002,POST /api/v1/transfers/quotes,"fx_quote.quote_direction, send_amount_minor, receive_amount_minor",US-XB-002,TC-XB-002-1,Positive functional,Both directions quote correctly where permitted,NOT_EXECUTED,,
BFR-XB-002,P1,Sender shall specify send or receive amount.,Quote calculation supports configured quote direction.,Cross-border payments,EPIC-XB,Cross-Border (`switch-svc`),05-fds/domain-19-cross-border.md#bfr-xb-002,POST /api/v1/transfers/quotes,"fx_quote.quote_direction, send_amount_minor, receive_amount_minor",US-XB-002,TC-XB-002-2,Negative functional,Unpermitted direction refused,NOT_EXECUTED,,
BFR-XB-002,P1,Sender shall specify send or receive amount.,Quote calculation supports configured quote direction.,Cross-border payments,EPIC-XB,Cross-Border (`switch-svc`),05-fds/domain-19-cross-border.md#bfr-xb-002,POST /api/v1/transfers/quotes,"fx_quote.quote_direction, send_amount_minor, receive_amount_minor",US-XB-002,TC-XB-002-3,Decimal and rounding,Rounding side is explicit and deterministic,NOT_EXECUTED,,
BFR-XB-002,P1,Sender shall specify send or receive amount.,Quote calculation supports configured quote direction.,Cross-border payments,EPIC-XB,Cross-Border (`switch-svc`),05-fds/domain-19-cross-border.md#bfr-xb-002,POST /api/v1/transfers/quotes,"fx_quote.quote_direction, send_amount_minor, receive_amount_minor",US-XB-002,TC-XB-002-4,Negative functional,Amount outside corridor limits refused,NOT_EXECUTED,,
BFR-XB-003,P1,Recipient currency shall be explicit.,Final quote identifies send/receive currencies.,Cross-border payments,EPIC-XB,Cross-Border (`switch-svc`),05-fds/domain-19-cross-border.md#bfr-xb-003,(no new endpoint) quote responses always include send_currency and receive_currency.,"fx_quote.send_currency, receive_currency",US-XB-003,TC-XB-003-1,Positive functional,Both currencies shown on the quote,NOT_EXECUTED,,
BFR-XB-003,P1,Recipient currency shall be explicit.,Final quote identifies send/receive currencies.,Cross-border payments,EPIC-XB,Cross-Border (`switch-svc`),05-fds/domain-19-cross-border.md#bfr-xb-003,(no new endpoint) quote responses always include send_currency and receive_currency.,"fx_quote.send_currency, receive_currency",US-XB-003,TC-XB-003-2,Negative functional,No amount displayed without its currency,NOT_EXECUTED,,
BFR-XB-003,P1,Recipient currency shall be explicit.,Final quote identifies send/receive currencies.,Cross-border payments,EPIC-XB,Cross-Border (`switch-svc`),05-fds/domain-19-cross-border.md#bfr-xb-003,(no new endpoint) quote responses always include send_currency and receive_currency.,"fx_quote.send_currency, receive_currency",US-XB-003,TC-XB-003-3,Negative functional,Unsupported receive currency refused,NOT_EXECUTED,,
BFR-XB-003,P1,Recipient currency shall be explicit.,Final quote identifies send/receive currencies.,Cross-border payments,EPIC-XB,Cross-Border (`switch-svc`),05-fds/domain-19-cross-border.md#bfr-xb-003,(no new endpoint) quote responses always include send_currency and receive_currency.,"fx_quote.send_currency, receive_currency",US-XB-003,TC-XB-003-4,Positive functional,Locale formatting applied without altering stored values,NOT_EXECUTED,,
BFR-XB-004,P1,FX rate shall be displayed before confirmation.,Customer sees rate applicable to quote.,Cross-border payments,EPIC-XB,Cross-Border (`switch-svc`),05-fds/domain-19-cross-border.md#bfr-xb-004,"(no new endpoint) quote responses include rate, rate_scale, expires_at.","fx_quote.rate, rate_scale, margin_bps",US-XB-004,TC-XB-004-1,Positive functional,Rate displayed with the quote and applied on execution,NOT_EXECUTED,,
BFR-XB-004,P1,FX rate shall be displayed before confirmation.,Customer sees rate applicable to quote.,Cross-border payments,EPIC-XB,Cross-Border (`switch-svc`),05-fds/domain-19-cross-border.md#bfr-xb-004,"(no new endpoint) quote responses include rate, rate_scale, expires_at.","fx_quote.rate, rate_scale, margin_bps",US-XB-004,TC-XB-004-2,Positive functional,Rate persisted and provable afterwards,NOT_EXECUTED,,
BFR-XB-004,P1,FX rate shall be displayed before confirmation.,Customer sees rate applicable to quote.,Cross-border payments,EPIC-XB,Cross-Border (`switch-svc`),05-fds/domain-19-cross-border.md#bfr-xb-004,"(no new endpoint) quote responses include rate, rate_scale, expires_at.","fx_quote.rate, rate_scale, margin_bps",US-XB-004,TC-XB-004-3,Negative functional,No stale rate shown when the provider is unavailable,NOT_EXECUTED,,
BFR-XB-004,P1,FX rate shall be displayed before confirmation.,Customer sees rate applicable to quote.,Cross-border payments,EPIC-XB,Cross-Border (`switch-svc`),05-fds/domain-19-cross-border.md#bfr-xb-004,"(no new endpoint) quote responses include rate, rate_scale, expires_at.","fx_quote.rate, rate_scale, margin_bps",US-XB-004,TC-XB-004-4,Decimal and rounding,Rate scale explicit; arithmetic reproducible,NOT_EXECUTED,,
BFR-XB-005,P1,All customer-facing fees shall be displayed.,Transfer fee and applicable partner charges are visible.,Cross-border payments,EPIC-XB,Cross-Border (`switch-svc`),05-fds/domain-19-cross-border.md#bfr-xb-005,"(no new endpoint) quote responses include fees {total_minor, components[{type, amount_minor, charged_by, deducted_from}]}.",fx_quote.fee_breakdown,US-XB-005,TC-XB-005-1,Positive functional,All known fees itemised with the charging party,NOT_EXECUTED,,
BFR-XB-005,P1,All customer-facing fees shall be displayed.,Transfer fee and applicable partner charges are visible.,Cross-border payments,EPIC-XB,Cross-Border (`switch-svc`),05-fds/domain-19-cross-border.md#bfr-xb-005,"(no new endpoint) quote responses include fees {total_minor, components[{type, amount_minor, charged_by, deducted_from}]}.",fx_quote.fee_breakdown,US-XB-005,TC-XB-005-2,Positive functional,Unknown payout deduction disclosed as possible,NOT_EXECUTED,,
BFR-XB-005,P1,All customer-facing fees shall be displayed.,Transfer fee and applicable partner charges are visible.,Cross-border payments,EPIC-XB,Cross-Border (`switch-svc`),05-fds/domain-19-cross-border.md#bfr-xb-005,"(no new endpoint) quote responses include fees {total_minor, components[{type, amount_minor, charged_by, deducted_from}]}.",fx_quote.fee_breakdown,US-XB-005,TC-XB-005-3,Negative functional,No quote issued when partner fees are unknown,NOT_EXECUTED,,
BFR-XB-005,P1,All customer-facing fees shall be displayed.,Transfer fee and applicable partner charges are visible.,Cross-border payments,EPIC-XB,Cross-Border (`switch-svc`),05-fds/domain-19-cross-border.md#bfr-xb-005,"(no new endpoint) quote responses include fees {total_minor, components[{type, amount_minor, charged_by, deducted_from}]}.",fx_quote.fee_breakdown,US-XB-005,TC-XB-005-4,Decimal and rounding,Fee arithmetic exact in minor units,NOT_EXECUTED,,
BFR-XB-006,P1,Recipient amount shall be displayed.,Customer sees expected amount delivered before confirmation.,Cross-border payments,EPIC-XB,Cross-Border (`switch-svc`),05-fds/domain-19-cross-border.md#bfr-xb-006,"(no new endpoint) quote responses include receive_amount_minor, receive_currency, receive_amount_is_exact.",fx_quote.receive_amount_minor,US-XB-006,TC-XB-006-1,Positive functional,Recipient amount displayed before confirmation,NOT_EXECUTED,,
BFR-XB-006,P1,Recipient amount shall be displayed.,Customer sees expected amount delivered before confirmation.,Cross-border payments,EPIC-XB,Cross-Border (`switch-svc`),05-fds/domain-19-cross-border.md#bfr-xb-006,"(no new endpoint) quote responses include receive_amount_minor, receive_currency, receive_amount_is_exact.",fx_quote.receive_amount_minor,US-XB-006,TC-XB-006-2,Positive functional,Approximate amounts flagged as not exact,NOT_EXECUTED,,
BFR-XB-006,P1,Recipient amount shall be displayed.,Customer sees expected amount delivered before confirmation.,Cross-border payments,EPIC-XB,Cross-Border (`switch-svc`),05-fds/domain-19-cross-border.md#bfr-xb-006,"(no new endpoint) quote responses include receive_amount_minor, receive_currency, receive_amount_is_exact.",fx_quote.receive_amount_minor,US-XB-006,TC-XB-006-3,Positive functional,RECEIVE_FIXED delivers exactly the quoted amount,NOT_EXECUTED,,
BFR-XB-006,P1,Recipient amount shall be displayed.,Customer sees expected amount delivered before confirmation.,Cross-border payments,EPIC-XB,Cross-Border (`switch-svc`),05-fds/domain-19-cross-border.md#bfr-xb-006,"(no new endpoint) quote responses include receive_amount_minor, receive_currency, receive_amount_is_exact.",fx_quote.receive_amount_minor,US-XB-006,TC-XB-006-4,Reconciliation,Delivered/quoted difference raises an exception,NOT_EXECUTED,,
BFR-XB-007,P1,Quote shall expire.,Expired quote cannot execute at stale rate.,Cross-border payments,EPIC-XB,Cross-Border (`switch-svc`),05-fds/domain-19-cross-border.md#bfr-xb-007,(no new endpoint) acceptance and execution return QUOTE_EXPIRED after expiry.,"fx_quote.expires_at, .status",US-XB-007,TC-XB-007-1,Negative functional,Execution after expiry refused,NOT_EXECUTED,,
BFR-XB-007,P1,Quote shall expire.,Expired quote cannot execute at stale rate.,Cross-border payments,EPIC-XB,Cross-Border (`switch-svc`),05-fds/domain-19-cross-border.md#bfr-xb-007,(no new endpoint) acceptance and execution return QUOTE_EXPIRED after expiry.,"fx_quote.expires_at, .status",US-XB-007,TC-XB-007-2,Negative functional,Acceptance after expiry refused,NOT_EXECUTED,,
BFR-XB-007,P1,Quote shall expire.,Expired quote cannot execute at stale rate.,Cross-border payments,EPIC-XB,Cross-Border (`switch-svc`),05-fds/domain-19-cross-border.md#bfr-xb-007,(no new endpoint) acceptance and execution return QUOTE_EXPIRED after expiry.,"fx_quote.expires_at, .status",US-XB-007,TC-XB-007-3,Concurrency,Execution racing expiry resolves deterministically,NOT_EXECUTED,,
BFR-XB-007,P1,Quote shall expire.,Expired quote cannot execute at stale rate.,Cross-border payments,EPIC-XB,Cross-Border (`switch-svc`),05-fds/domain-19-cross-border.md#bfr-xb-007,(no new endpoint) acceptance and execution return QUOTE_EXPIRED after expiry.,"fx_quote.expires_at, .status",US-XB-007,TC-XB-007-4,Error handling,"Expiry after funding holds and escalates, never silently repriced",NOT_EXECUTED,,
BFR-XB-007,P1,Quote shall expire.,Expired quote cannot execute at stale rate.,Cross-border payments,EPIC-XB,Cross-Border (`switch-svc`),05-fds/domain-19-cross-border.md#bfr-xb-007,(no new endpoint) acceptance and execution return QUOTE_EXPIRED after expiry.,"fx_quote.expires_at, .status",US-XB-007,TC-XB-007-5,Positive functional,Re-quote shows the new rate against the old,NOT_EXECUTED,,
BFR-XB-008,P1,Transfer shall support corridor-specific compliance screening.,Screening occurs before final release where configured.,Cross-border payments,EPIC-XB,Cross-Border (`switch-svc`),05-fds/domain-19-cross-border.md#bfr-xb-008,GET /api/admin/v1/transfers?state=ON_HOLD; POST /api/admin/v1/transfers/{id}/clear,screening_result linked to the transfer; transfer_status_history,US-XB-008,TC-XB-008-1,Positive functional,Screening completes before release,NOT_EXECUTED,,
BFR-XB-008,P1,Transfer shall support corridor-specific compliance screening.,Screening occurs before final release where configured.,Cross-border payments,EPIC-XB,Cross-Border (`switch-svc`),05-fds/domain-19-cross-border.md#bfr-xb-008,GET /api/admin/v1/transfers?state=ON_HOLD; POST /api/admin/v1/transfers/{id}/clear,screening_result linked to the transfer; transfer_status_history,US-XB-008,TC-XB-008-2,Security,No state path bypasses screening,NOT_EXECUTED,,
BFR-XB-008,P1,Transfer shall support corridor-specific compliance screening.,Screening occurs before final release where configured.,Cross-border payments,EPIC-XB,Cross-Border (`switch-svc`),05-fds/domain-19-cross-border.md#bfr-xb-008,GET /api/admin/v1/transfers?state=ON_HOLD; POST /api/admin/v1/transfers/{id}/clear,screening_result linked to the transfer; transfer_status_history,US-XB-008,TC-XB-008-3,Negative functional,"Screening provider outage holds, never releases",NOT_EXECUTED,,
BFR-XB-008,P1,Transfer shall support corridor-specific compliance screening.,Screening occurs before final release where configured.,Cross-border payments,EPIC-XB,Cross-Border (`switch-svc`),05-fds/domain-19-cross-border.md#bfr-xb-008,GET /api/admin/v1/transfers?state=ON_HOLD; POST /api/admin/v1/transfers/{id}/clear,screening_result linked to the transfer; transfer_status_history,US-XB-008,TC-XB-008-4,Permissions,Only an authorised analyst can clear a hold,NOT_EXECUTED,,
BFR-XB-008,P1,Transfer shall support corridor-specific compliance screening.,Screening occurs before final release where configured.,Cross-border payments,EPIC-XB,Cross-Border (`switch-svc`),05-fds/domain-19-cross-border.md#bfr-xb-008,GET /api/admin/v1/transfers?state=ON_HOLD; POST /api/admin/v1/transfers/{id}/clear,screening_result linked to the transfer; transfer_status_history,US-XB-008,TC-XB-008-5,Audit verification,Result records list source and version,NOT_EXECUTED,,
BFR-XB-008,P1,Transfer shall support corridor-specific compliance screening.,Screening occurs before final release where configured.,Cross-border payments,EPIC-XB,Cross-Border (`switch-svc`),05-fds/domain-19-cross-border.md#bfr-xb-008,GET /api/admin/v1/transfers?state=ON_HOLD; POST /api/admin/v1/transfers/{id}/clear,screening_result linked to the transfer; transfer_status_history,US-XB-008,TC-XB-008-6,Security,Customer messaging discloses no match detail,NOT_EXECUTED,,
BFR-XB-009,P1,Cross-border status shall be trackable.,"Sender sees processing, delivered, failed, reversed/refunded states.",Cross-border payments,EPIC-XB,Cross-Border (`switch-svc`),05-fds/domain-19-cross-border.md#bfr-xb-009,GET /api/v1/transfers/{id},"transfer.state, transfer_status_history",US-XB-009,TC-XB-009-1,Positive functional,Every state visible with a timeline,NOT_EXECUTED,,
BFR-XB-009,P1,Cross-border status shall be trackable.,"Sender sees processing, delivered, failed, reversed/refunded states.",Cross-border payments,EPIC-XB,Cross-Border (`switch-svc`),05-fds/domain-19-cross-border.md#bfr-xb-009,GET /api/v1/transfers/{id},"transfer.state, transfer_status_history",US-XB-009,TC-XB-009-2,Positive functional,Delivered shows actual vs quoted amount,NOT_EXECUTED,,
BFR-XB-009,P1,Cross-border status shall be trackable.,"Sender sees processing, delivered, failed, reversed/refunded states.",Cross-border payments,EPIC-XB,Cross-Border (`switch-svc`),05-fds/domain-19-cross-border.md#bfr-xb-009,GET /api/v1/transfers/{id},"transfer.state, transfer_status_history",US-XB-009,TC-XB-009-3,Error handling,Unmapped partner state holds for investigation,NOT_EXECUTED,,
BFR-XB-009,P1,Cross-border status shall be trackable.,"Sender sees processing, delivered, failed, reversed/refunded states.",Cross-border payments,EPIC-XB,Cross-Border (`switch-svc`),05-fds/domain-19-cross-border.md#bfr-xb-009,GET /api/v1/transfers/{id},"transfer.state, transfer_status_history",US-XB-009,TC-XB-009-4,Positive functional,Delay surfaces with an expectation,NOT_EXECUTED,,
BFR-XB-009,P1,Cross-border status shall be trackable.,"Sender sees processing, delivered, failed, reversed/refunded states.",Cross-border payments,EPIC-XB,Cross-Border (`switch-svc`),05-fds/domain-19-cross-border.md#bfr-xb-009,GET /api/v1/transfers/{id},"transfer.state, transfer_status_history",US-XB-009,TC-XB-009-5,Permissions,Only the sender sees the transfer,NOT_EXECUTED,,
BFR-XB-010,P1,Failed delivery shall trigger recovery workflow.,"Retry, investigation or refund path is created according to configuration.",Cross-border payments,EPIC-XB,Cross-Border (`switch-svc`),05-fds/domain-19-cross-border.md#bfr-xb-010,GET /api/v1/transfers/{id}/recovery; POST /api/admin/v1/transfers/{id}/refund,"recovery_action(type, status, attempts, resolved_at, resolution)",US-XB-010,TC-XB-010-1,Positive functional,Every failure creates a recovery action,NOT_EXECUTED,,
BFR-XB-010,P1,Failed delivery shall trigger recovery workflow.,"Retry, investigation or refund path is created according to configuration.",Cross-border payments,EPIC-XB,Cross-Border (`switch-svc`),05-fds/domain-19-cross-border.md#bfr-xb-010,GET /api/v1/transfers/{id}/recovery; POST /api/admin/v1/transfers/{id}/refund,"recovery_action(type, status, attempts, resolved_at, resolution)",US-XB-010,TC-XB-010-2,Idempotency,Retry cannot double-pay,NOT_EXECUTED,,
BFR-XB-010,P1,Failed delivery shall trigger recovery workflow.,"Retry, investigation or refund path is created according to configuration.",Cross-border payments,EPIC-XB,Cross-Border (`switch-svc`),05-fds/domain-19-cross-border.md#bfr-xb-010,GET /api/v1/transfers/{id}/recovery; POST /api/admin/v1/transfers/{id}/refund,"recovery_action(type, status, attempts, resolved_at, resolution)",US-XB-010,TC-XB-010-3,Reversal,Refund is a linked reversal,NOT_EXECUTED,,
BFR-XB-010,P1,Failed delivery shall trigger recovery workflow.,"Retry, investigation or refund path is created according to configuration.",Cross-border payments,EPIC-XB,Cross-Border (`switch-svc`),05-fds/domain-19-cross-border.md#bfr-xb-010,GET /api/v1/transfers/{id}/recovery; POST /api/admin/v1/transfers/{id}/refund,"recovery_action(type, status, attempts, resolved_at, resolution)",US-XB-010,TC-XB-010-4,Negative functional,"UNKNOWN outcome investigated, never auto-refunded",NOT_EXECUTED,,
BFR-XB-010,P1,Failed delivery shall trigger recovery workflow.,"Retry, investigation or refund path is created according to configuration.",Cross-border payments,EPIC-XB,Cross-Border (`switch-svc`),05-fds/domain-19-cross-border.md#bfr-xb-010,GET /api/v1/transfers/{id}/recovery; POST /api/admin/v1/transfers/{id}/refund,"recovery_action(type, status, attempts, resolved_at, resolution)",US-XB-010,TC-XB-010-5,Reconciliation,Late delivery of a refunded transfer raises an exception,NOT_EXECUTED,,
BFR-XB-010,P1,Failed delivery shall trigger recovery workflow.,"Retry, investigation or refund path is created according to configuration.",Cross-border payments,EPIC-XB,Cross-Border (`switch-svc`),05-fds/domain-19-cross-border.md#bfr-xb-010,GET /api/v1/transfers/{id}/recovery; POST /api/admin/v1/transfers/{id}/refund,"recovery_action(type, status, attempts, resolved_at, resolution)",US-XB-010,TC-XB-010-6,Integration,Sender notified of failure and recovery progress,NOT_EXECUTED,,
BFR-FX-001,P1,Platform shall obtain FX quote from configurable providers.,Provider-specific response maps into standard quote model.,FX and routing,EPIC-FX,FX & Routing (`fx-routing-svc`),05-fds/domain-20-fx-routing.md#bfr-fx-001,POST /internal/fx/quote; GET /api/admin/v1/fx/providers,"fx_quote(provider_id, rate, rate_scale, ...)",US-FX-001,TC-FX-001-1,Positive functional,Provider response maps into the standard quote model,NOT_EXECUTED,,
BFR-FX-001,P1,Platform shall obtain FX quote from configurable providers.,Provider-specific response maps into standard quote model.,FX and routing,EPIC-FX,FX & Routing (`fx-routing-svc`),05-fds/domain-20-fx-routing.md#bfr-fx-001,POST /internal/fx/quote; GET /api/admin/v1/fx/providers,"fx_quote(provider_id, rate, rate_scale, ...)",US-FX-001,TC-FX-001-2,Integration,Second provider added by configuration only,NOT_EXECUTED,,
BFR-FX-001,P1,Platform shall obtain FX quote from configurable providers.,Provider-specific response maps into standard quote model.,FX and routing,EPIC-FX,FX & Routing (`fx-routing-svc`),05-fds/domain-20-fx-routing.md#bfr-fx-001,POST /internal/fx/quote; GET /api/admin/v1/fx/providers,"fx_quote(provider_id, rate, rate_scale, ...)",US-FX-001,TC-FX-001-3,Negative functional,Stale rate never substituted,NOT_EXECUTED,,
BFR-FX-001,P1,Platform shall obtain FX quote from configurable providers.,Provider-specific response maps into standard quote model.,FX and routing,EPIC-FX,FX & Routing (`fx-routing-svc`),05-fds/domain-20-fx-routing.md#bfr-fx-001,POST /internal/fx/quote; GET /api/admin/v1/fx/providers,"fx_quote(provider_id, rate, rate_scale, ...)",US-FX-001,TC-FX-001-4,Positive functional,Provider and retrieval time recorded on the quote,NOT_EXECUTED,,
BFR-FX-002,P2,Multiple routes may be evaluated.,Routing service can compare eligible routes.,FX and routing,EPIC-FX,FX & Routing (`fx-routing-svc`),05-fds/domain-20-fx-routing.md#bfr-fx-002,GET /api/admin/v1/routes/decisions/{id},"route_decision, route_candidate(eligible, exclusion_reason, score)",US-FX-002,TC-FX-002-1,Positive functional,All candidates recorded with eligibility,NOT_EXECUTED,,
BFR-FX-002,P2,Multiple routes may be evaluated.,Routing service can compare eligible routes.,FX and routing,EPIC-FX,FX & Routing (`fx-routing-svc`),05-fds/domain-20-fx-routing.md#bfr-fx-002,GET /api/admin/v1/routes/decisions/{id},"route_decision, route_candidate(eligible, exclusion_reason, score)",US-FX-002,TC-FX-002-2,Positive functional,Same inputs produce the same selection,NOT_EXECUTED,,
BFR-FX-002,P2,Multiple routes may be evaluated.,Routing service can compare eligible routes.,FX and routing,EPIC-FX,FX & Routing (`fx-routing-svc`),05-fds/domain-20-fx-routing.md#bfr-fx-002,GET /api/admin/v1/routes/decisions/{id},"route_decision, route_candidate(eligible, exclusion_reason, score)",US-FX-002,TC-FX-002-3,Positive functional,Single-route corridor still produces a decision record,NOT_EXECUTED,,
BFR-FX-002,P2,Multiple routes may be evaluated.,Routing service can compare eligible routes.,FX and routing,EPIC-FX,FX & Routing (`fx-routing-svc`),05-fds/domain-20-fx-routing.md#bfr-fx-002,GET /api/admin/v1/routes/decisions/{id},"route_decision, route_candidate(eligible, exclusion_reason, score)",US-FX-002,TC-FX-002-4,Error handling,Candidate timeout excludes it without failing the quote,NOT_EXECUTED,,
BFR-FX-003,P1,Route eligibility shall consider corridor permissions.,Disallowed corridor/provider combination is excluded.,FX and routing,EPIC-FX,FX & Routing (`fx-routing-svc`),05-fds/domain-20-fx-routing.md#bfr-fx-003,(no new endpoint) internal eligibility evaluation.,corridor permitted-provider list in configuration; route_candidate.exclusion_reason,US-FX-003,TC-FX-003-1,Negative functional,Unpermitted provider excluded,NOT_EXECUTED,,
BFR-FX-003,P1,Route eligibility shall consider corridor permissions.,Disallowed corridor/provider combination is excluded.,FX and routing,EPIC-FX,FX & Routing (`fx-routing-svc`),05-fds/domain-20-fx-routing.md#bfr-fx-003,(no new endpoint) internal eligibility evaluation.,corridor permitted-provider list in configuration; route_candidate.exclusion_reason,US-FX-003,TC-FX-003-2,Positive functional,Exclusion reason recorded,NOT_EXECUTED,,
BFR-FX-003,P1,Route eligibility shall consider corridor permissions.,Disallowed corridor/provider combination is excluded.,FX and routing,EPIC-FX,FX & Routing (`fx-routing-svc`),05-fds/domain-20-fx-routing.md#bfr-fx-003,(no new endpoint) internal eligibility evaluation.,corridor permitted-provider list in configuration; route_candidate.exclusion_reason,US-FX-003,TC-FX-003-3,Permissions,Permission change requires approval,NOT_EXECUTED,,
BFR-FX-003,P1,Route eligibility shall consider corridor permissions.,Disallowed corridor/provider combination is excluded.,FX and routing,EPIC-FX,FX & Routing (`fx-routing-svc`),05-fds/domain-20-fx-routing.md#bfr-fx-003,(no new endpoint) internal eligibility evaluation.,corridor permitted-provider list in configuration; route_candidate.exclusion_reason,US-FX-003,TC-FX-003-4,Integration,Partner capability flags also enforced,NOT_EXECUTED,,
BFR-FX-004,P1,Route eligibility shall consider transaction limits.,Route exceeding provider/customer limit is excluded.,FX and routing,EPIC-FX,FX & Routing (`fx-routing-svc`),05-fds/domain-20-fx-routing.md#bfr-fx-004,(no new endpoint) internal; the customer-facing error names the binding limit.,"limit_rule (GOV-006), route_candidate.exclusion_reason",US-FX-004,TC-FX-004-1,Negative functional,Over-limit route excluded,NOT_EXECUTED,,
BFR-FX-004,P1,Route eligibility shall consider transaction limits.,Route exceeding provider/customer limit is excluded.,FX and routing,EPIC-FX,FX & Routing (`fx-routing-svc`),05-fds/domain-20-fx-routing.md#bfr-fx-004,(no new endpoint) internal; the customer-facing error names the binding limit.,"limit_rule (GOV-006), route_candidate.exclusion_reason",US-FX-004,TC-FX-004-2,Positive functional,Binding limit reported with headroom,NOT_EXECUTED,,
BFR-FX-004,P1,Route eligibility shall consider transaction limits.,Route exceeding provider/customer limit is excluded.,FX and routing,EPIC-FX,FX & Routing (`fx-routing-svc`),05-fds/domain-20-fx-routing.md#bfr-fx-004,(no new endpoint) internal; the customer-facing error names the binding limit.,"limit_rule (GOV-006), route_candidate.exclusion_reason",US-FX-004,TC-FX-004-3,Concurrency,Pending transfers count against limits,NOT_EXECUTED,,
BFR-FX-004,P1,Route eligibility shall consider transaction limits.,Route exceeding provider/customer limit is excluded.,FX and routing,EPIC-FX,FX & Routing (`fx-routing-svc`),05-fds/domain-20-fx-routing.md#bfr-fx-004,(no new endpoint) internal; the customer-facing error names the binding limit.,"limit_rule (GOV-006), route_candidate.exclusion_reason",US-FX-004,TC-FX-004-4,Decimal and rounding,Limit comparison exact in minor units,NOT_EXECUTED,,
BFR-FX-005,P1,Route decision shall be recorded.,"Chosen provider, rationale inputs and timestamps available.",FX and routing,EPIC-FX,FX & Routing (`fx-routing-svc`),05-fds/domain-20-fx-routing.md#bfr-fx-005,GET /api/admin/v1/transfers/{id}/route-decision,"route_decision(selected_partner_id, policy_version, inputs, evaluated_at) append-only",US-FX-005,TC-FX-005-1,Positive functional,"Decision recorded with provider, inputs and timestamp",NOT_EXECUTED,,
BFR-FX-005,P1,Route decision shall be recorded.,"Chosen provider, rationale inputs and timestamps available.",FX and routing,EPIC-FX,FX & Routing (`fx-routing-svc`),05-fds/domain-20-fx-routing.md#bfr-fx-005,GET /api/admin/v1/transfers/{id}/route-decision,"route_decision(selected_partner_id, policy_version, inputs, evaluated_at) append-only",US-FX-005,TC-FX-005-2,Security,Record immutable,NOT_EXECUTED,,
BFR-FX-005,P1,Route decision shall be recorded.,"Chosen provider, rationale inputs and timestamps available.",FX and routing,EPIC-FX,FX & Routing (`fx-routing-svc`),05-fds/domain-20-fx-routing.md#bfr-fx-005,GET /api/admin/v1/transfers/{id}/route-decision,"route_decision(selected_partner_id, policy_version, inputs, evaluated_at) append-only",US-FX-005,TC-FX-005-3,Positive functional,Replay from inputs reproduces the decision,NOT_EXECUTED,,
BFR-FX-005,P1,Route decision shall be recorded.,"Chosen provider, rationale inputs and timestamps available.",FX and routing,EPIC-FX,FX & Routing (`fx-routing-svc`),05-fds/domain-20-fx-routing.md#bfr-fx-005,GET /api/admin/v1/transfers/{id}/route-decision,"route_decision(selected_partner_id, policy_version, inputs, evaluated_at) append-only",US-FX-005,TC-FX-005-4,Positive functional,Re-route creates a linked new decision,NOT_EXECUTED,,
BFR-FX-006,P1,Provider outage shall affect route eligibility.,Unhealthy route is excluded or transaction held.,FX and routing,EPIC-FX,FX & Routing (`fx-routing-svc`),05-fds/domain-20-fx-routing.md#bfr-fx-006,GET /api/admin/v1/providers/health,"provider_health(state, error_rate, last_success_at, opened_at)",US-FX-006,TC-FX-006-1,Positive functional,Unhealthy provider excluded automatically,NOT_EXECUTED,,
BFR-FX-006,P1,Provider outage shall affect route eligibility.,Unhealthy route is excluded or transaction held.,FX and routing,EPIC-FX,FX & Routing (`fx-routing-svc`),05-fds/domain-20-fx-routing.md#bfr-fx-006,GET /api/admin/v1/providers/health,"provider_health(state, error_rate, last_success_at, opened_at)",US-FX-006,TC-FX-006-2,Positive functional,Half-open recovery limits volume,NOT_EXECUTED,,
BFR-FX-006,P1,Provider outage shall affect route eligibility.,Unhealthy route is excluded or transaction held.,FX and routing,EPIC-FX,FX & Routing (`fx-routing-svc`),05-fds/domain-20-fx-routing.md#bfr-fx-006,GET /api/admin/v1/providers/health,"provider_health(state, error_rate, last_success_at, opened_at)",US-FX-006,TC-FX-006-3,Negative functional,"No healthy route holds transfers, does not submit them",NOT_EXECUTED,,
BFR-FX-006,P1,Provider outage shall affect route eligibility.,Unhealthy route is excluded or transaction held.,FX and routing,EPIC-FX,FX & Routing (`fx-routing-svc`),05-fds/domain-20-fx-routing.md#bfr-fx-006,GET /api/admin/v1/providers/health,"provider_health(state, error_rate, last_success_at, opened_at)",US-FX-006,TC-FX-006-4,Integration,Health derived from real call outcomes,NOT_EXECUTED,,
BFR-FX-007,P1,Customer rate shall not change after valid quote acceptance without explicit re-quote.,Execution rejects expired/invalidated quote.,FX and routing,EPIC-FX,FX & Routing (`fx-routing-svc`),05-fds/domain-20-fx-routing.md#bfr-fx-007,(no new endpoint) execution returns QUOTE_EXPIRED for an expired or invalidated quote.,fx_quote immutable once issued; transfer.fx_quote_id,US-FX-007,TC-FX-007-1,Positive functional,Accepted rate applied at execution,NOT_EXECUTED,,
BFR-FX-007,P1,Customer rate shall not change after valid quote acceptance without explicit re-quote.,Execution rejects expired/invalidated quote.,FX and routing,EPIC-FX,FX & Routing (`fx-routing-svc`),05-fds/domain-20-fx-routing.md#bfr-fx-007,(no new endpoint) execution returns QUOTE_EXPIRED for an expired or invalidated quote.,fx_quote immutable once issued; transfer.fx_quote_id,US-FX-007,TC-FX-007-2,Negative functional,Expired or invalidated quote rejected,NOT_EXECUTED,,
BFR-FX-007,P1,Customer rate shall not change after valid quote acceptance without explicit re-quote.,Execution rejects expired/invalidated quote.,FX and routing,EPIC-FX,FX & Routing (`fx-routing-svc`),05-fds/domain-20-fx-routing.md#bfr-fx-007,(no new endpoint) execution returns QUOTE_EXPIRED for an expired or invalidated quote.,fx_quote immutable once issued; transfer.fx_quote_id,US-FX-007,TC-FX-007-3,Security,Quote cannot be reused across transfers or customers,NOT_EXECUTED,,
BFR-FX-007,P1,Customer rate shall not change after valid quote acceptance without explicit re-quote.,Execution rejects expired/invalidated quote.,FX and routing,EPIC-FX,FX & Routing (`fx-routing-svc`),05-fds/domain-20-fx-routing.md#bfr-fx-007,(no new endpoint) execution returns QUOTE_EXPIRED for an expired or invalidated quote.,fx_quote immutable once issued; transfer.fx_quote_id,US-FX-007,TC-FX-007-4,Negative functional,No silent reprice; re-quote is explicit,NOT_EXECUTED,,
BFR-FX-008,P1,FX rounding shall be deterministic.,Same inputs and quote produce same amount calculation.,FX and routing,EPIC-FX,FX & Routing (`fx-routing-svc`),05-fds/domain-20-fx-routing.md#bfr-fx-008,(no new endpoint) quote responses include rate_scale and rounding_mode.,"fx_quote.rounding_mode, rate_scale, both amounts stored",US-FX-008,TC-FX-008-1,Decimal and rounding,Replay reproduces stored amounts exactly,NOT_EXECUTED,,
BFR-FX-008,P1,FX rounding shall be deterministic.,Same inputs and quote produce same amount calculation.,FX and routing,EPIC-FX,FX & Routing (`fx-routing-svc`),05-fds/domain-20-fx-routing.md#bfr-fx-008,(no new endpoint) quote responses include rate_scale and rounding_mode.,"fx_quote.rounding_mode, rate_scale, both amounts stored",US-FX-008,TC-FX-008-2,Decimal and rounding,Rounding mode and order persisted and applied,NOT_EXECUTED,,
BFR-FX-008,P1,FX rounding shall be deterministic.,Same inputs and quote produce same amount calculation.,FX and routing,EPIC-FX,FX & Routing (`fx-routing-svc`),05-fds/domain-20-fx-routing.md#bfr-fx-008,(no new endpoint) quote responses include rate_scale and rounding_mode.,"fx_quote.rounding_mode, rate_scale, both amounts stored",US-FX-008,TC-FX-008-3,Decimal and rounding,Fee/conversion order fixed and recorded,NOT_EXECUTED,,
BFR-FX-008,P1,FX rounding shall be deterministic.,Same inputs and quote produce same amount calculation.,FX and routing,EPIC-FX,FX & Routing (`fx-routing-svc`),05-fds/domain-20-fx-routing.md#bfr-fx-008,(no new endpoint) quote responses include rate_scale and rounding_mode.,"fx_quote.rounding_mode, rate_scale, both amounts stored",US-FX-008,TC-FX-008-4,Error handling,Mismatch halts execution with no tolerance band,NOT_EXECUTED,,
BFR-FX-009,P1,Routing shall support manual disablement.,Operations can disable provider/corridor.,FX and routing,EPIC-FX,FX & Routing (`fx-routing-svc`),05-fds/domain-20-fx-routing.md#bfr-fx-009,POST /api/admin/v1/routes/disable; POST /api/admin/v1/routes/enable,routing disablement flags in configuration.,US-FX-009,TC-FX-009-1,Positive functional,Disablement excludes the provider immediately,NOT_EXECUTED,,
BFR-FX-009,P1,Routing shall support manual disablement.,Operations can disable provider/corridor.,FX and routing,EPIC-FX,FX & Routing (`fx-routing-svc`),05-fds/domain-20-fx-routing.md#bfr-fx-009,POST /api/admin/v1/routes/disable; POST /api/admin/v1/routes/enable,routing disablement flags in configuration.,US-FX-009,TC-FX-009-2,Negative functional,Disablement without a reason refused,NOT_EXECUTED,,
BFR-FX-009,P1,Routing shall support manual disablement.,Operations can disable provider/corridor.,FX and routing,EPIC-FX,FX & Routing (`fx-routing-svc`),05-fds/domain-20-fx-routing.md#bfr-fx-009,POST /api/admin/v1/routes/disable; POST /api/admin/v1/routes/enable,routing disablement flags in configuration.,US-FX-009,TC-FX-009-3,Permissions,Re-enable requires a second approver,NOT_EXECUTED,,
BFR-FX-009,P1,Routing shall support manual disablement.,Operations can disable provider/corridor.,FX and routing,EPIC-FX,FX & Routing (`fx-routing-svc`),05-fds/domain-20-fx-routing.md#bfr-fx-009,POST /api/admin/v1/routes/disable; POST /api/admin/v1/routes/enable,routing disablement flags in configuration.,US-FX-009,TC-FX-009-4,Positive functional,In-flight transfers unaffected,NOT_EXECUTED,,
BFR-FX-009,P1,Routing shall support manual disablement.,Operations can disable provider/corridor.,FX and routing,EPIC-FX,FX & Routing (`fx-routing-svc`),05-fds/domain-20-fx-routing.md#bfr-fx-009,POST /api/admin/v1/routes/disable; POST /api/admin/v1/routes/enable,routing disablement flags in configuration.,US-FX-009,TC-FX-009-5,Audit verification,Action audited and alerted,NOT_EXECUTED,,
BFR-FX-010,P1,Routing shall not optimise solely for BuntuFin margin.,Routing policy supports customer/regulatory criteria and is documented.,FX and routing,EPIC-FX,FX & Routing (`fx-routing-svc`),05-fds/domain-20-fx-routing.md#bfr-fx-010,GET /api/admin/v1/routing-policy; GET /api/v1/routing-explanation,routing policy in config_version; route_decision.policy_version,US-FX-010,TC-FX-010-1,Security,Policy schema rejects a margin term,NOT_EXECUTED,,
BFR-FX-010,P1,Routing shall not optimise solely for BuntuFin margin.,Routing policy supports customer/regulatory criteria and is documented.,FX and routing,EPIC-FX,FX & Routing (`fx-routing-svc`),05-fds/domain-20-fx-routing.md#bfr-fx-010,GET /api/admin/v1/routing-policy; GET /api/v1/routing-explanation,routing policy in config_version; route_decision.policy_version,US-FX-010,TC-FX-010-2,Positive functional,Documented criteria drive selection,NOT_EXECUTED,,
BFR-FX-010,P1,Routing shall not optimise solely for BuntuFin margin.,Routing policy supports customer/regulatory criteria and is documented.,FX and routing,EPIC-FX,FX & Routing (`fx-routing-svc`),05-fds/domain-20-fx-routing.md#bfr-fx-010,GET /api/admin/v1/routing-policy; GET /api/v1/routing-explanation,routing policy in config_version; route_decision.policy_version,US-FX-010,TC-FX-010-3,Positive functional,Policy version recorded on every decision,NOT_EXECUTED,,
BFR-FX-010,P1,Routing shall not optimise solely for BuntuFin margin.,Routing policy supports customer/regulatory criteria and is documented.,FX and routing,EPIC-FX,FX & Routing (`fx-routing-svc`),05-fds/domain-20-fx-routing.md#bfr-fx-010,GET /api/admin/v1/routing-policy; GET /api/v1/routing-explanation,routing policy in config_version; route_decision.policy_version,US-FX-010,TC-FX-010-4,Positive functional,Customer-facing explanation available,NOT_EXECUTED,,
BFR-FX-010,P1,Routing shall not optimise solely for BuntuFin margin.,Routing policy supports customer/regulatory criteria and is documented.,FX and routing,EPIC-FX,FX & Routing (`fx-routing-svc`),05-fds/domain-20-fx-routing.md#bfr-fx-010,GET /api/admin/v1/routing-policy; GET /api/v1/routing-explanation,routing policy in config_version; route_decision.policy_version,US-FX-010,TC-FX-010-5,Positive functional,Tie-break documented and recorded,NOT_EXECUTED,,
BFR-GOAL-001,P2,Sender shall create purpose-linked remittance.,Transfer can reference configured purpose.,PurposePay and goals,EPIC-GOAL,Cross-Border (`switch-svc`),05-fds/domain-21-purposepay.md#bfr-goal-001,(no new endpoint) transfer creation accepts purpose_code; responses include it.,"transfer.purpose_code, purpose_detail",US-GOAL-001,TC-GOAL-001-1,Positive functional,Purpose stored and included where required,NOT_EXECUTED,,
BFR-GOAL-001,P2,Sender shall create purpose-linked remittance.,Transfer can reference configured purpose.,PurposePay and goals,EPIC-GOAL,Cross-Border (`switch-svc`),05-fds/domain-21-purposepay.md#bfr-goal-001,(no new endpoint) transfer creation accepts purpose_code; responses include it.,"transfer.purpose_code, purpose_detail",US-GOAL-001,TC-GOAL-001-2,Negative functional,Missing mandatory purpose refused,NOT_EXECUTED,,
BFR-GOAL-001,P2,Sender shall create purpose-linked remittance.,Transfer can reference configured purpose.,PurposePay and goals,EPIC-GOAL,Cross-Border (`switch-svc`),05-fds/domain-21-purposepay.md#bfr-goal-001,(no new endpoint) transfer creation accepts purpose_code; responses include it.,"transfer.purpose_code, purpose_detail",US-GOAL-001,TC-GOAL-001-3,Negative functional,Unpermitted purpose refused,NOT_EXECUTED,,
BFR-GOAL-001,P2,Sender shall create purpose-linked remittance.,Transfer can reference configured purpose.,PurposePay and goals,EPIC-GOAL,Cross-Border (`switch-svc`),05-fds/domain-21-purposepay.md#bfr-goal-001,(no new endpoint) transfer creation accepts purpose_code; responses include it.,"transfer.purpose_code, purpose_detail",US-GOAL-001,TC-GOAL-001-4,Security,Free-text detail sanitised,NOT_EXECUTED,,
BFR-GOAL-002,P1,Sender shall split remittance across permitted destinations.,Allocation total equals confirmed remittance amount.,PurposePay and goals,EPIC-GOAL,Cross-Border (`switch-svc`),05-fds/domain-21-purposepay.md#bfr-goal-002,POST /api/v1/transfers/{id}/allocations,"allocation(sequence, destination_type, destination_ref, amount_minor, control_model, leg_state)",US-GOAL-002,TC-GOAL-002-1,Positive functional,Allocations summing exactly accepted,NOT_EXECUTED,,
BFR-GOAL-002,P1,Sender shall split remittance across permitted destinations.,Allocation total equals confirmed remittance amount.,PurposePay and goals,EPIC-GOAL,Cross-Border (`switch-svc`),05-fds/domain-21-purposepay.md#bfr-goal-002,POST /api/v1/transfers/{id}/allocations,"allocation(sequence, destination_type, destination_ref, amount_minor, control_model, leg_state)",US-GOAL-002,TC-GOAL-002-2,Negative functional,Allocations not summing exactly refused,NOT_EXECUTED,,
BFR-GOAL-002,P1,Sender shall split remittance across permitted destinations.,Allocation total equals confirmed remittance amount.,PurposePay and goals,EPIC-GOAL,Cross-Border (`switch-svc`),05-fds/domain-21-purposepay.md#bfr-goal-002,POST /api/v1/transfers/{id}/allocations,"allocation(sequence, destination_type, destination_ref, amount_minor, control_model, leg_state)",US-GOAL-002,TC-GOAL-002-3,Decimal and rounding,Percentage split resolves exactly with a documented remainder rule,NOT_EXECUTED,,
BFR-GOAL-002,P1,Sender shall split remittance across permitted destinations.,Allocation total equals confirmed remittance amount.,PurposePay and goals,EPIC-GOAL,Cross-Border (`switch-svc`),05-fds/domain-21-purposepay.md#bfr-goal-002,POST /api/v1/transfers/{id}/allocations,"allocation(sequence, destination_type, destination_ref, amount_minor, control_model, leg_state)",US-GOAL-002,TC-GOAL-002-4,Security,Database constraint enforces the sum,NOT_EXECUTED,,
BFR-GOAL-002,P1,Sender shall split remittance across permitted destinations.,Allocation total equals confirmed remittance amount.,PurposePay and goals,EPIC-GOAL,Cross-Border (`switch-svc`),05-fds/domain-21-purposepay.md#bfr-goal-002,POST /api/v1/transfers/{id}/allocations,"allocation(sequence, destination_type, destination_ref, amount_minor, control_model, leg_state)",US-GOAL-002,TC-GOAL-002-5,Negative functional,Disallowed destination refused,NOT_EXECUTED,,
BFR-GOAL-003,P2,Platform shall support family financial goals.,Goal can accept permitted contributions from multiple contributors.,PurposePay and goals,EPIC-GOAL,Cross-Border (`switch-svc`),05-fds/domain-21-purposepay.md#bfr-goal-003,POST /api/v1/goals; POST /api/v1/goals/{id}/contributors,"goal, goal_contribution(contributor_id, amount_minor, status)",US-GOAL-003,TC-GOAL-003-1,Positive functional,Multiple contributors fund one goal,NOT_EXECUTED,,
BFR-GOAL-003,P2,Platform shall support family financial goals.,Goal can accept permitted contributions from multiple contributors.,PurposePay and goals,EPIC-GOAL,Cross-Border (`switch-svc`),05-fds/domain-21-purposepay.md#bfr-goal-003,POST /api/v1/goals; POST /api/v1/goals/{id}/contributors,"goal, goal_contribution(contributor_id, amount_minor, status)",US-GOAL-003,TC-GOAL-003-2,Negative functional,Non-invited contributor refused,NOT_EXECUTED,,
BFR-GOAL-003,P2,Platform shall support family financial goals.,Goal can accept permitted contributions from multiple contributors.,PurposePay and goals,EPIC-GOAL,Cross-Border (`switch-svc`),05-fds/domain-21-purposepay.md#bfr-goal-003,POST /api/v1/goals; POST /api/v1/goals/{id}/contributors,"goal, goal_contribution(contributor_id, amount_minor, status)",US-GOAL-003,TC-GOAL-003-3,Permissions,Contributors cannot see each other's personal details,NOT_EXECUTED,,
BFR-GOAL-003,P2,Platform shall support family financial goals.,Goal can accept permitted contributions from multiple contributors.,PurposePay and goals,EPIC-GOAL,Cross-Border (`switch-svc`),05-fds/domain-21-purposepay.md#bfr-goal-003,POST /api/v1/goals; POST /api/v1/goals/{id}/contributors,"goal, goal_contribution(contributor_id, amount_minor, status)",US-GOAL-003,TC-GOAL-003-4,Negative functional,Unconfirmed contribution does not count,NOT_EXECUTED,,
BFR-GOAL-004,P2,Goal shall display target and progress.,Confirmed contributions update percentage accurately.,PurposePay and goals,EPIC-GOAL,Cross-Border (`switch-svc`),05-fds/domain-21-purposepay.md#bfr-goal-004,GET /api/v1/goals/{id},derived from goal_contribution,US-GOAL-004,TC-GOAL-004-1,Positive functional,Progress reflects confirmed contributions,NOT_EXECUTED,,
BFR-GOAL-004,P2,Goal shall display target and progress.,Confirmed contributions update percentage accurately.,PurposePay and goals,EPIC-GOAL,Cross-Border (`switch-svc`),05-fds/domain-21-purposepay.md#bfr-goal-004,GET /api/v1/goals/{id},derived from goal_contribution,US-GOAL-004,TC-GOAL-004-2,Negative functional,Pending does not inflate progress,NOT_EXECUTED,,
BFR-GOAL-004,P2,Goal shall display target and progress.,Confirmed contributions update percentage accurately.,PurposePay and goals,EPIC-GOAL,Cross-Border (`switch-svc`),05-fds/domain-21-purposepay.md#bfr-goal-004,GET /api/v1/goals/{id},derived from goal_contribution,US-GOAL-004,TC-GOAL-004-3,Reversal,Reversal reduces progress by correction,NOT_EXECUTED,,
BFR-GOAL-004,P2,Goal shall display target and progress.,Confirmed contributions update percentage accurately.,PurposePay and goals,EPIC-GOAL,Cross-Border (`switch-svc`),05-fds/domain-21-purposepay.md#bfr-goal-004,GET /api/v1/goals/{id},derived from goal_contribution,US-GOAL-004,TC-GOAL-004-4,Decimal and rounding,Percentage computed from minor units,NOT_EXECUTED,,
BFR-GOAL-005,P2,Platform shall support approved direct institution payment.,Valid service-provider reference is included in transaction.,PurposePay and goals,EPIC-GOAL,Cross-Border (`switch-svc`),05-fds/domain-21-purposepay.md#bfr-goal-005,POST /api/v1/billers/{id}/validate,"allocation.destination_ref, biller validation result retained.",US-GOAL-005,TC-GOAL-005-1,Positive functional,Validated reference included in the payment,NOT_EXECUTED,,
BFR-GOAL-005,P2,Platform shall support approved direct institution payment.,Valid service-provider reference is included in transaction.,PurposePay and goals,EPIC-GOAL,Cross-Border (`switch-svc`),05-fds/domain-21-purposepay.md#bfr-goal-005,POST /api/v1/billers/{id}/validate,"allocation.destination_ref, biller validation result retained.",US-GOAL-005,TC-GOAL-005-2,Negative functional,Failed validation blocks the allocation,NOT_EXECUTED,,
BFR-GOAL-005,P2,Platform shall support approved direct institution payment.,Valid service-provider reference is included in transaction.,PurposePay and goals,EPIC-GOAL,Cross-Border (`switch-svc`),05-fds/domain-21-purposepay.md#bfr-goal-005,POST /api/v1/billers/{id}/validate,"allocation.destination_ref, biller validation result retained.",US-GOAL-005,TC-GOAL-005-3,Security,Account name shown masked,NOT_EXECUTED,,
BFR-GOAL-005,P2,Platform shall support approved direct institution payment.,Valid service-provider reference is included in transaction.,PurposePay and goals,EPIC-GOAL,Cross-Border (`switch-svc`),05-fds/domain-21-purposepay.md#bfr-goal-005,POST /api/v1/billers/{id}/validate,"allocation.destination_ref, biller validation result retained.",US-GOAL-005,TC-GOAL-005-4,Error handling,"Biller unavailable prevents confirmation, no blind send",NOT_EXECUTED,,
BFR-GOAL-006,P1,Direct-payment recipient shall be verified/configured partner.,Unvalidated institution cannot masquerade as approved biller.,PurposePay and goals,EPIC-GOAL,Cross-Border (`switch-svc`),05-fds/domain-21-purposepay.md#bfr-goal-006,GET /api/v1/billers?corridor=,biller linked to an approved partner,US-GOAL-006,TC-GOAL-006-1,Negative functional,No free-text institution entry exists,NOT_EXECUTED,,
BFR-GOAL-006,P1,Direct-payment recipient shall be verified/configured partner.,Unvalidated institution cannot masquerade as approved biller.,PurposePay and goals,EPIC-GOAL,Cross-Border (`switch-svc`),05-fds/domain-21-purposepay.md#bfr-goal-006,GET /api/v1/billers?corridor=,biller linked to an approved partner,US-GOAL-006,TC-GOAL-006-2,Negative functional,Non-approved biller refused server-side,NOT_EXECUTED,,
BFR-GOAL-006,P1,Direct-payment recipient shall be verified/configured partner.,Unvalidated institution cannot masquerade as approved biller.,PurposePay and goals,EPIC-GOAL,Cross-Border (`switch-svc`),05-fds/domain-21-purposepay.md#bfr-goal-006,GET /api/v1/billers?corridor=,biller linked to an approved partner,US-GOAL-006,TC-GOAL-006-3,Security,Biller bank-detail change requires the approval process and alerts security,NOT_EXECUTED,,
BFR-GOAL-006,P1,Direct-payment recipient shall be verified/configured partner.,Unvalidated institution cannot masquerade as approved biller.,PurposePay and goals,EPIC-GOAL,Cross-Border (`switch-svc`),05-fds/domain-21-purposepay.md#bfr-goal-006,GET /api/v1/billers?corridor=,biller linked to an approved partner,US-GOAL-006,TC-GOAL-006-4,Integration,Suspension between allocation and execution halts the payment,NOT_EXECUTED,,
BFR-GOAL-007,P1,Sender shall receive allocation breakdown before confirmation.,Each destination and amount displayed.,PurposePay and goals,EPIC-GOAL,Cross-Border (`switch-svc`),05-fds/domain-21-purposepay.md#bfr-goal-007,POST /api/v1/transfers/{id}/preview,allocation snapshot persisted with the transfer.,US-GOAL-007,TC-GOAL-007-1,Positive functional,Full breakdown displayed before confirmation,NOT_EXECUTED,,
BFR-GOAL-007,P1,Sender shall receive allocation breakdown before confirmation.,Each destination and amount displayed.,PurposePay and goals,EPIC-GOAL,Cross-Border (`switch-svc`),05-fds/domain-21-purposepay.md#bfr-goal-007,POST /api/v1/transfers/{id}/preview,allocation snapshot persisted with the transfer.,US-GOAL-007,TC-GOAL-007-2,Positive functional,Control model shown per allocation,NOT_EXECUTED,,
BFR-GOAL-007,P1,Sender shall receive allocation breakdown before confirmation.,Each destination and amount displayed.,PurposePay and goals,EPIC-GOAL,Cross-Border (`switch-svc`),05-fds/domain-21-purposepay.md#bfr-goal-007,POST /api/v1/transfers/{id}/preview,allocation snapshot persisted with the transfer.,US-GOAL-007,TC-GOAL-007-3,Negative functional,Changed allocation set forces re-preview,NOT_EXECUTED,,
BFR-GOAL-007,P1,Sender shall receive allocation breakdown before confirmation.,Each destination and amount displayed.,PurposePay and goals,EPIC-GOAL,Cross-Border (`switch-svc`),05-fds/domain-21-purposepay.md#bfr-goal-007,POST /api/v1/transfers/{id}/preview,allocation snapshot persisted with the transfer.,US-GOAL-007,TC-GOAL-007-4,Audit verification,Confirmed breakdown persisted and on the receipt,NOT_EXECUTED,,
BFR-GOAL-008,P1,Failed sub-allocation shall be traceable.,Partial completion state identifies successful and failed legs.,PurposePay and goals,EPIC-GOAL,Cross-Border (`switch-svc`),05-fds/domain-21-purposepay.md#bfr-goal-008,GET /api/v1/transfers/{id},"allocation.leg_state, per-leg status history.",US-GOAL-008,TC-GOAL-008-1,Positive functional,Per-leg states visible,NOT_EXECUTED,,
BFR-GOAL-008,P1,Failed sub-allocation shall be traceable.,Partial completion state identifies successful and failed legs.,PurposePay and goals,EPIC-GOAL,Cross-Border (`switch-svc`),05-fds/domain-21-purposepay.md#bfr-goal-008,GET /api/v1/transfers/{id},"allocation.leg_state, per-leg status history.",US-GOAL-008,TC-GOAL-008-2,Positive functional,Parent reports PARTIALLY_DELIVERED,NOT_EXECUTED,,
BFR-GOAL-008,P1,Failed sub-allocation shall be traceable.,Partial completion state identifies successful and failed legs.,PurposePay and goals,EPIC-GOAL,Cross-Border (`switch-svc`),05-fds/domain-21-purposepay.md#bfr-goal-008,GET /api/v1/transfers/{id},"allocation.leg_state, per-leg status history.",US-GOAL-008,TC-GOAL-008-3,Positive functional,Failed leg recovered independently,NOT_EXECUTED,,
BFR-GOAL-008,P1,Failed sub-allocation shall be traceable.,Partial completion state identifies successful and failed legs.,PurposePay and goals,EPIC-GOAL,Cross-Border (`switch-svc`),05-fds/domain-21-purposepay.md#bfr-goal-008,GET /api/v1/transfers/{id},"allocation.leg_state, per-leg status history.",US-GOAL-008,TC-GOAL-008-4,Negative functional,Successful legs never reversed for another leg's failure,NOT_EXECUTED,,
BFR-GOAL-008,P1,Failed sub-allocation shall be traceable.,Partial completion state identifies successful and failed legs.,PurposePay and goals,EPIC-GOAL,Cross-Border (`switch-svc`),05-fds/domain-21-purposepay.md#bfr-goal-008,GET /api/v1/transfers/{id},"allocation.leg_state, per-leg status history.",US-GOAL-008,TC-GOAL-008-5,Integration,Sender notified with per-leg detail,NOT_EXECUTED,,
BFR-GOAL-009,P1,Product shall distinguish recipient-owned funds from sender-directed payments.,UX correctly identifies legal/control model.,PurposePay and goals,EPIC-GOAL,Cross-Border (`switch-svc`),05-fds/domain-21-purposepay.md#bfr-goal-009,(no new endpoint) allocations carry control_model; UI copy is driven by it.,"allocation.control_model, distinct ledger treatments per model.",US-GOAL-009,TC-GOAL-009-1,Positive functional,Control model displayed per allocation in plain language,NOT_EXECUTED,,
BFR-GOAL-009,P1,Product shall distinguish recipient-owned funds from sender-directed payments.,UX correctly identifies legal/control model.,PurposePay and goals,EPIC-GOAL,Cross-Border (`switch-svc`),05-fds/domain-21-purposepay.md#bfr-goal-009,(no new endpoint) allocations carry control_model; UI copy is driven by it.,"allocation.control_model, distinct ledger treatments per model.",US-GOAL-009,TC-GOAL-009-2,Positive functional,Different ledger treatment per model,NOT_EXECUTED,,
BFR-GOAL-009,P1,Product shall distinguish recipient-owned funds from sender-directed payments.,UX correctly identifies legal/control model.,PurposePay and goals,EPIC-GOAL,Cross-Border (`switch-svc`),05-fds/domain-21-purposepay.md#bfr-goal-009,(no new endpoint) allocations carry control_model; UI copy is driven by it.,"allocation.control_model, distinct ledger treatments per model.",US-GOAL-009,TC-GOAL-009-3,Negative functional,Model cannot be changed after execution,NOT_EXECUTED,,
BFR-GOAL-009,P1,Product shall distinguish recipient-owned funds from sender-directed payments.,UX correctly identifies legal/control model.,PurposePay and goals,EPIC-GOAL,Cross-Border (`switch-svc`),05-fds/domain-21-purposepay.md#bfr-goal-009,(no new endpoint) allocations carry control_model; UI copy is driven by it.,"allocation.control_model, distinct ledger treatments per model.",US-GOAL-009,TC-GOAL-009-4,Negative functional,Recall of recipient-owned funds refused with an honest explanation,NOT_EXECUTED,,
BFR-GOAL-009,P1,Product shall distinguish recipient-owned funds from sender-directed payments.,UX correctly identifies legal/control model.,PurposePay and goals,EPIC-GOAL,Cross-Border (`switch-svc`),05-fds/domain-21-purposepay.md#bfr-goal-009,(no new endpoint) allocations carry control_model; UI copy is driven by it.,"allocation.control_model, distinct ledger treatments per model.",US-GOAL-009,TC-GOAL-009-5,Positive functional,Recipient told which funds are theirs,NOT_EXECUTED,,
BFR-GOAL-010,P2,Goal contributors shall receive appropriate receipts.,Receipt records contribution and destination.,PurposePay and goals,EPIC-GOAL,Cross-Border (`switch-svc`),05-fds/domain-21-purposepay.md#bfr-goal-010,GET /api/v1/goals/{id}/contributions/{cid}/receipt; GET /api/v1/transfers/{id}/receipt,receipt per contribution/allocation.,US-GOAL-010,TC-GOAL-010-1,Positive functional,Receipt records contribution and destination,NOT_EXECUTED,,
BFR-GOAL-010,P2,Goal contributors shall receive appropriate receipts.,Receipt records contribution and destination.,PurposePay and goals,EPIC-GOAL,Cross-Border (`switch-svc`),05-fds/domain-21-purposepay.md#bfr-goal-010,GET /api/v1/goals/{id}/contributions/{cid}/receipt; GET /api/v1/transfers/{id}/receipt,receipt per contribution/allocation.,US-GOAL-010,TC-GOAL-010-2,Positive functional,Split receipt itemises every leg,NOT_EXECUTED,,
BFR-GOAL-010,P2,Goal contributors shall receive appropriate receipts.,Receipt records contribution and destination.,PurposePay and goals,EPIC-GOAL,Cross-Border (`switch-svc`),05-fds/domain-21-purposepay.md#bfr-goal-010,GET /api/v1/goals/{id}/contributions/{cid}/receipt; GET /api/v1/transfers/{id}/receipt,receipt per contribution/allocation.,US-GOAL-010,TC-GOAL-010-3,Negative functional,Partially delivered transfer not shown as complete,NOT_EXECUTED,,
BFR-GOAL-010,P2,Goal contributors shall receive appropriate receipts.,Receipt records contribution and destination.,PurposePay and goals,EPIC-GOAL,Cross-Border (`switch-svc`),05-fds/domain-21-purposepay.md#bfr-goal-010,GET /api/v1/goals/{id}/contributions/{cid}/receipt; GET /api/v1/transfers/{id}/receipt,receipt per contribution/allocation.,US-GOAL-010,TC-GOAL-010-4,Positive functional,Receipt available in the contributor's language,NOT_EXECUTED,,
BFR-AML-001,P1,Platform shall screen applicable customers against configured sanctions data.,Screening result recorded with source/version.,AML and financial crime,EPIC-AML,Compliance (`compliance-svc`),05-fds/domain-22-aml.md#bfr-aml-001,POST /internal/compliance/screen; GET /api/admin/v1/screening-results?customer_id=,"screening_result(screening_type, list_source, list_version, outcome, match_details_ref, screened_at)",US-AML-001,TC-AML-001-1,Positive functional,Screening result records source and version,NOT_EXECUTED,,
BFR-AML-001,P1,Platform shall screen applicable customers against configured sanctions data.,Screening result recorded with source/version.,AML and financial crime,EPIC-AML,Compliance (`compliance-svc`),05-fds/domain-22-aml.md#bfr-aml-001,POST /internal/compliance/screen; GET /api/admin/v1/screening-results?customer_id=,"screening_result(screening_type, list_source, list_version, outcome, match_details_ref, screened_at)",US-AML-001,TC-AML-001-2,Negative functional,"Screening error holds, never passes",NOT_EXECUTED,,
BFR-AML-001,P1,Platform shall screen applicable customers against configured sanctions data.,Screening result recorded with source/version.,AML and financial crime,EPIC-AML,Compliance (`compliance-svc`),05-fds/domain-22-aml.md#bfr-aml-001,POST /internal/compliance/screen; GET /api/admin/v1/screening-results?customer_id=,"screening_result(screening_type, list_source, list_version, outcome, match_details_ref, screened_at)",US-AML-001,TC-AML-001-3,Permissions,Match details restricted to AML roles,NOT_EXECUTED,,
BFR-AML-001,P1,Platform shall screen applicable customers against configured sanctions data.,Screening result recorded with source/version.,AML and financial crime,EPIC-AML,Compliance (`compliance-svc`),05-fds/domain-22-aml.md#bfr-aml-001,POST /internal/compliance/screen; GET /api/admin/v1/screening-results?customer_id=,"screening_result(screening_type, list_source, list_version, outcome, match_details_ref, screened_at)",US-AML-001,TC-AML-001-4,Security,Customer messaging discloses nothing about a match,NOT_EXECUTED,,
BFR-AML-001,P1,Platform shall screen applicable customers against configured sanctions data.,Screening result recorded with source/version.,AML and financial crime,EPIC-AML,Compliance (`compliance-svc`),05-fds/domain-22-aml.md#bfr-aml-001,POST /internal/compliance/screen; GET /api/admin/v1/screening-results?customer_id=,"screening_result(screening_type, list_source, list_version, outcome, match_details_ref, screened_at)",US-AML-001,TC-AML-001-5,Integration,List refresh triggers rescreening,NOT_EXECUTED,,
BFR-AML-002,P1,Platform shall support PEP screening.,Potential match enters configured review workflow.,AML and financial crime,EPIC-AML,Compliance (`compliance-svc`),05-fds/domain-22-aml.md#bfr-aml-002,GET /api/admin/v1/cases?type=AML&subtype=PEP,"screening_result(screening_type = PEP), case",US-AML-002,TC-AML-002-1,Positive functional,PEP match creates a review case,NOT_EXECUTED,,
BFR-AML-002,P1,Platform shall support PEP screening.,Potential match enters configured review workflow.,AML and financial crime,EPIC-AML,Compliance (`compliance-svc`),05-fds/domain-22-aml.md#bfr-aml-002,GET /api/admin/v1/cases?type=AML&subtype=PEP,"screening_result(screening_type = PEP), case",US-AML-002,TC-AML-002-2,Negative functional,No automatic refusal on a PEP match,NOT_EXECUTED,,
BFR-AML-002,P1,Platform shall support PEP screening.,Potential match enters configured review workflow.,AML and financial crime,EPIC-AML,Compliance (`compliance-svc`),05-fds/domain-22-aml.md#bfr-aml-002,GET /api/admin/v1/cases?type=AML&subtype=PEP,"screening_result(screening_type = PEP), case",US-AML-002,TC-AML-002-3,Positive functional,PEP status retained and drives monitoring,NOT_EXECUTED,,
BFR-AML-002,P1,Platform shall support PEP screening.,Potential match enters configured review workflow.,AML and financial crime,EPIC-AML,Compliance (`compliance-svc`),05-fds/domain-22-aml.md#bfr-aml-002,GET /api/admin/v1/cases?type=AML&subtype=PEP,"screening_result(screening_type = PEP), case",US-AML-002,TC-AML-002-4,Permissions,PEP data access restricted and audited,NOT_EXECUTED,,
BFR-AML-003,P1,Transaction monitoring rules shall be configurable.,Thresholds/rules can change without source-code release.,AML and financial crime,EPIC-AML,Compliance (`compliance-svc`),05-fds/domain-22-aml.md#bfr-aml-003,POST /api/admin/v1/monitoring-rules; POST .../simulate; POST .../activate,"monitoring_rule(definition, version, status, effective_from)",US-AML-003,TC-AML-003-1,Positive functional,Threshold change applies without deployment,NOT_EXECUTED,,
BFR-AML-003,P1,Transaction monitoring rules shall be configurable.,Thresholds/rules can change without source-code release.,AML and financial crime,EPIC-AML,Compliance (`compliance-svc`),05-fds/domain-22-aml.md#bfr-aml-003,POST /api/admin/v1/monitoring-rules; POST .../simulate; POST .../activate,"monitoring_rule(definition, version, status, effective_from)",US-AML-003,TC-AML-003-2,Positive functional,Alerts record the rule version,NOT_EXECUTED,,
BFR-AML-003,P1,Transaction monitoring rules shall be configurable.,Thresholds/rules can change without source-code release.,AML and financial crime,EPIC-AML,Compliance (`compliance-svc`),05-fds/domain-22-aml.md#bfr-aml-003,POST /api/admin/v1/monitoring-rules; POST .../simulate; POST .../activate,"monitoring_rule(definition, version, status, effective_from)",US-AML-003,TC-AML-003-3,Positive functional,Simulation generates no live alerts,NOT_EXECUTED,,
BFR-AML-003,P1,Transaction monitoring rules shall be configurable.,Thresholds/rules can change without source-code release.,AML and financial crime,EPIC-AML,Compliance (`compliance-svc`),05-fds/domain-22-aml.md#bfr-aml-003,POST /api/admin/v1/monitoring-rules; POST .../simulate; POST .../activate,"monitoring_rule(definition, version, status, effective_from)",US-AML-003,TC-AML-003-4,Permissions,Activation requires approval,NOT_EXECUTED,,
BFR-AML-003,P1,Transaction monitoring rules shall be configurable.,Thresholds/rules can change without source-code release.,AML and financial crime,EPIC-AML,Compliance (`compliance-svc`),05-fds/domain-22-aml.md#bfr-aml-003,POST /api/admin/v1/monitoring-rules; POST .../simulate; POST .../activate,"monitoring_rule(definition, version, status, effective_from)",US-AML-003,TC-AML-003-5,Negative functional,Placeholder thresholds block the release gate,NOT_EXECUTED,,
BFR-AML-004,P1,System shall detect unusual transaction velocity.,Configured condition generates alert.,AML and financial crime,EPIC-AML,Compliance (`compliance-svc`),05-fds/domain-22-aml.md#bfr-aml-004,GET /api/admin/v1/alerts?rule=VELOCITY,"alert(rule_id, rule_version, customer_id, window, triggering_transaction_ids[])",US-AML-004,TC-AML-004-1,Positive functional,Velocity breach raises an alert with evidence,NOT_EXECUTED,,
BFR-AML-004,P1,System shall detect unusual transaction velocity.,Configured condition generates alert.,AML and financial crime,EPIC-AML,Compliance (`compliance-svc`),05-fds/domain-22-aml.md#bfr-aml-004,GET /api/admin/v1/alerts?rule=VELOCITY,"alert(rule_id, rule_version, customer_id, window, triggering_transaction_ids[])",US-AML-004,TC-AML-004-2,Positive functional,Alerts de-duplicated for one pattern,NOT_EXECUTED,,
BFR-AML-004,P1,System shall detect unusual transaction velocity.,Configured condition generates alert.,AML and financial crime,EPIC-AML,Compliance (`compliance-svc`),05-fds/domain-22-aml.md#bfr-aml-004,GET /api/admin/v1/alerts?rule=VELOCITY,"alert(rule_id, rule_version, customer_id, window, triggering_transaction_ids[])",US-AML-004,TC-AML-004-3,Positive functional,Velocity measured across all activity types,NOT_EXECUTED,,
BFR-AML-004,P1,System shall detect unusual transaction velocity.,Configured condition generates alert.,AML and financial crime,EPIC-AML,Compliance (`compliance-svc`),05-fds/domain-22-aml.md#bfr-aml-004,GET /api/admin/v1/alerts?rule=VELOCITY,"alert(rule_id, rule_version, customer_id, window, triggering_transaction_ids[])",US-AML-004,TC-AML-004-4,Error handling,Backlog delays but never drops alerts,NOT_EXECUTED,,
BFR-AML-005,P1,System shall detect unusual cross-border patterns.,Configured corridor/risk scenarios generate alert.,AML and financial crime,EPIC-AML,Compliance (`compliance-svc`),05-fds/domain-22-aml.md#bfr-aml-005,"(no new endpoint) internal, event-driven on transfer.* events.",corridor risk in configuration; alert,US-AML-005,TC-AML-005-1,Positive functional,Corridor scenario raises an alert,NOT_EXECUTED,,
BFR-AML-005,P1,System shall detect unusual cross-border patterns.,Configured corridor/risk scenarios generate alert.,AML and financial crime,EPIC-AML,Compliance (`compliance-svc`),05-fds/domain-22-aml.md#bfr-aml-005,"(no new endpoint) internal, event-driven on transfer.* events.",corridor risk in configuration; alert,US-AML-005,TC-AML-005-2,Positive functional,Holding rule holds before release,NOT_EXECUTED,,
BFR-AML-005,P1,System shall detect unusual cross-border patterns.,Configured corridor/risk scenarios generate alert.,AML and financial crime,EPIC-AML,Compliance (`compliance-svc`),05-fds/domain-22-aml.md#bfr-aml-005,"(no new endpoint) internal, event-driven on transfer.* events.",corridor risk in configuration; alert,US-AML-005,TC-AML-005-3,Positive functional,Patterns detected across corridors,NOT_EXECUTED,,
BFR-AML-005,P1,System shall detect unusual cross-border patterns.,Configured corridor/risk scenarios generate alert.,AML and financial crime,EPIC-AML,Compliance (`compliance-svc`),05-fds/domain-22-aml.md#bfr-aml-005,"(no new endpoint) internal, event-driven on transfer.* events.",corridor risk in configuration; alert,US-AML-005,TC-AML-005-4,Security,Customer messaging reveals no detection detail,NOT_EXECUTED,,
BFR-AML-006,P1,AML alert shall create or link to compliance case.,"Case contains customer, transaction and alert evidence.",AML and financial crime,EPIC-AML,Compliance (`compliance-svc`),05-fds/domain-22-aml.md#bfr-aml-006,GET /api/admin/v1/cases/{id}; POST /api/admin/v1/cases/{id}/alerts,"case, alert.case_id",US-AML-006,TC-AML-006-1,Positive functional,Alert creates or attaches to a case with evidence,NOT_EXECUTED,,
BFR-AML-006,P1,AML alert shall create or link to compliance case.,"Case contains customer, transaction and alert evidence.",AML and financial crime,EPIC-AML,Compliance (`compliance-svc`),05-fds/domain-22-aml.md#bfr-aml-006,GET /api/admin/v1/cases/{id}; POST /api/admin/v1/cases/{id}/alerts,"case, alert.case_id",US-AML-006,TC-AML-006-2,Positive functional,Duplicate alerts attach rather than multiply cases,NOT_EXECUTED,,
BFR-AML-006,P1,AML alert shall create or link to compliance case.,"Case contains customer, transaction and alert evidence.",AML and financial crime,EPIC-AML,Compliance (`compliance-svc`),05-fds/domain-22-aml.md#bfr-aml-006,GET /api/admin/v1/cases/{id}; POST /api/admin/v1/cases/{id}/alerts,"case, alert.case_id",US-AML-006,TC-AML-006-3,Positive functional,"Evidence linked by reference, not copied",NOT_EXECUTED,,
BFR-AML-006,P1,AML alert shall create or link to compliance case.,"Case contains customer, transaction and alert evidence.",AML and financial crime,EPIC-AML,Compliance (`compliance-svc`),05-fds/domain-22-aml.md#bfr-aml-006,GET /api/admin/v1/cases/{id}; POST /api/admin/v1/cases/{id}/alerts,"case, alert.case_id",US-AML-006,TC-AML-006-4,Permissions,Case restricted to AML roles,NOT_EXECUTED,,
BFR-AML-007,P1,Compliance analyst shall document investigation.,"Notes, actions and outcome persist.",AML and financial crime,EPIC-AML,Compliance (`compliance-svc`),05-fds/domain-22-aml.md#bfr-aml-007,POST /api/admin/v1/cases/{id}/notes; GET .../notes,"case_note(author_id, body, created_at, note_type) append-only",US-AML-007,TC-AML-007-1,Positive functional,Notes and actions persist with attribution,NOT_EXECUTED,,
BFR-AML-007,P1,Compliance analyst shall document investigation.,"Notes, actions and outcome persist.",AML and financial crime,EPIC-AML,Compliance (`compliance-svc`),05-fds/domain-22-aml.md#bfr-aml-007,POST /api/admin/v1/cases/{id}/notes; GET .../notes,"case_note(author_id, body, created_at, note_type) append-only",US-AML-007,TC-AML-007-2,Security,Notes cannot be edited or deleted,NOT_EXECUTED,,
BFR-AML-007,P1,Compliance analyst shall document investigation.,"Notes, actions and outcome persist.",AML and financial crime,EPIC-AML,Compliance (`compliance-svc`),05-fds/domain-22-aml.md#bfr-aml-007,POST /api/admin/v1/cases/{id}/notes; GET .../notes,"case_note(author_id, body, created_at, note_type) append-only",US-AML-007,TC-AML-007-3,Permissions,Notes restricted to AML roles,NOT_EXECUTED,,
BFR-AML-007,P1,Compliance analyst shall document investigation.,"Notes, actions and outcome persist.",AML and financial crime,EPIC-AML,Compliance (`compliance-svc`),05-fds/domain-22-aml.md#bfr-aml-007,POST /api/admin/v1/cases/{id}/notes; GET .../notes,"case_note(author_id, body, created_at, note_type) append-only",US-AML-007,TC-AML-007-4,Security,Notes excluded from customer data exports,NOT_EXECUTED,,
BFR-AML-008,P1,AML cases shall support escalation.,Analyst can route case to authorised senior reviewer.,AML and financial crime,EPIC-AML,Compliance (`compliance-svc`),05-fds/domain-22-aml.md#bfr-aml-008,POST /api/admin/v1/cases/{id}/escalate,"case_escalation(from_user, to_role, reason, escalated_at, resolved_at)",US-AML-008,TC-AML-008-1,Positive functional,Escalation routes to the target role,NOT_EXECUTED,,
BFR-AML-008,P1,AML cases shall support escalation.,Analyst can route case to authorised senior reviewer.,AML and financial crime,EPIC-AML,Compliance (`compliance-svc`),05-fds/domain-22-aml.md#bfr-aml-008,POST /api/admin/v1/cases/{id}/escalate,"case_escalation(from_user, to_role, reason, escalated_at, resolved_at)",US-AML-008,TC-AML-008-2,Negative functional,Escalation without a reason refused,NOT_EXECUTED,,
BFR-AML-008,P1,AML cases shall support escalation.,Analyst can route case to authorised senior reviewer.,AML and financial crime,EPIC-AML,Compliance (`compliance-svc`),05-fds/domain-22-aml.md#bfr-aml-008,POST /api/admin/v1/cases/{id}/escalate,"case_escalation(from_user, to_role, reason, escalated_at, resolved_at)",US-AML-008,TC-AML-008-3,Positive functional,Configured case types escalate automatically,NOT_EXECUTED,,
BFR-AML-008,P1,AML cases shall support escalation.,Analyst can route case to authorised senior reviewer.,AML and financial crime,EPIC-AML,Compliance (`compliance-svc`),05-fds/domain-22-aml.md#bfr-aml-008,POST /api/admin/v1/cases/{id}/escalate,"case_escalation(from_user, to_role, reason, escalated_at, resolved_at)",US-AML-008,TC-AML-008-4,Error handling,Empty target role alerts operations,NOT_EXECUTED,,
BFR-AML-009,P1,Case closure shall require outcome/reason.,Case cannot close with blank disposition.,AML and financial crime,EPIC-AML,Compliance (`compliance-svc`),05-fds/domain-22-aml.md#bfr-aml-009,POST /api/admin/v1/cases/{id}/close,case.disposition_id; **CHECK: status = CLOSED requires disposition_id NOT NULL**,US-AML-009,TC-AML-009-1,Negative functional,Closure without disposition refused,NOT_EXECUTED,,
BFR-AML-009,P1,Case closure shall require outcome/reason.,Case cannot close with blank disposition.,AML and financial crime,EPIC-AML,Compliance (`compliance-svc`),05-fds/domain-22-aml.md#bfr-aml-009,POST /api/admin/v1/cases/{id}/close,case.disposition_id; **CHECK: status = CLOSED requires disposition_id NOT NULL**,US-AML-009,TC-AML-009-2,Security,Database constraint refuses it too,NOT_EXECUTED,,
BFR-AML-009,P1,Case closure shall require outcome/reason.,Case cannot close with blank disposition.,AML and financial crime,EPIC-AML,Compliance (`compliance-svc`),05-fds/domain-22-aml.md#bfr-aml-009,POST /api/admin/v1/cases/{id}/close,case.disposition_id; **CHECK: status = CLOSED requires disposition_id NOT NULL**,US-AML-009,TC-AML-009-3,Permissions,Severity-based closure authority enforced,NOT_EXECUTED,,
BFR-AML-009,P1,Case closure shall require outcome/reason.,Case cannot close with blank disposition.,AML and financial crime,EPIC-AML,Compliance (`compliance-svc`),05-fds/domain-22-aml.md#bfr-aml-009,POST /api/admin/v1/cases/{id}/close,case.disposition_id; **CHECK: status = CLOSED requires disposition_id NOT NULL**,US-AML-009,TC-AML-009-4,Positive functional,Reopening recorded,NOT_EXECUTED,,
BFR-AML-009,P1,Case closure shall require outcome/reason.,Case cannot close with blank disposition.,AML and financial crime,EPIC-AML,Compliance (`compliance-svc`),05-fds/domain-22-aml.md#bfr-aml-009,POST /api/admin/v1/cases/{id}/close,case.disposition_id; **CHECK: status = CLOSED requires disposition_id NOT NULL**,US-AML-009,TC-AML-009-5,Audit verification,Closure fully audited,NOT_EXECUTED,,
BFR-AML-010,P1,AML actions shall be restricted and auditable.,Only authorised roles can access/modify case; actions logged.,AML and financial crime,EPIC-AML,Compliance (`compliance-svc`),05-fds/domain-22-aml.md#bfr-aml-010,(no new endpoint) all /api/admin/v1/cases/** and screening endpoints are AML-scoped.,audit_event for every AML read and write.,US-AML-010,TC-AML-010-1,Permissions,Only AML roles reach AML endpoints,NOT_EXECUTED,,
BFR-AML-010,P1,AML actions shall be restricted and auditable.,Only authorised roles can access/modify case; actions logged.,AML and financial crime,EPIC-AML,Compliance (`compliance-svc`),05-fds/domain-22-aml.md#bfr-aml-010,(no new endpoint) all /api/admin/v1/cases/** and screening endpoints are AML-scoped.,audit_event for every AML read and write.,US-AML-010,TC-AML-010-2,Security,Non-AML access returns 404 and raises a security event,NOT_EXECUTED,,
BFR-AML-010,P1,AML actions shall be restricted and auditable.,Only authorised roles can access/modify case; actions logged.,AML and financial crime,EPIC-AML,Compliance (`compliance-svc`),05-fds/domain-22-aml.md#bfr-aml-010,(no new endpoint) all /api/admin/v1/cases/** and screening endpoints are AML-scoped.,audit_event for every AML read and write.,US-AML-010,TC-AML-010-3,Audit verification,Reads audited as well as writes,NOT_EXECUTED,,
BFR-AML-010,P1,AML actions shall be restricted and auditable.,Only authorised roles can access/modify case; actions logged.,AML and financial crime,EPIC-AML,Compliance (`compliance-svc`),05-fds/domain-22-aml.md#bfr-aml-010,(no new endpoint) all /api/admin/v1/cases/** and screening endpoints are AML-scoped.,audit_event for every AML read and write.,US-AML-010,TC-AML-010-4,Security,Bulk export requires elevated authority and alerts,NOT_EXECUTED,,
BFR-AML-010,P1,AML actions shall be restricted and auditable.,Only authorised roles can access/modify case; actions logged.,AML and financial crime,EPIC-AML,Compliance (`compliance-svc`),05-fds/domain-22-aml.md#bfr-aml-010,(no new endpoint) all /api/admin/v1/cases/** and screening endpoints are AML-scoped.,audit_event for every AML read and write.,US-AML-010,TC-AML-010-5,Security,Stale MFA blocks AML access,NOT_EXECUTED,,
BFR-FRD-001,P1,Platform shall detect new-device risk.,New device generates configured risk signal.,Fraud management,EPIC-FRD,Compliance (`compliance-svc`),05-fds/domain-23-fraud.md#bfr-frd-001,GET /api/v1/security/devices,"device, risk_event(type = NEW_DEVICE)",US-FRD-001,TC-FRD-001-1,Positive functional,New device raises a risk event and notification,NOT_EXECUTED,,
BFR-FRD-001,P1,Platform shall detect new-device risk.,New device generates configured risk signal.,Fraud management,EPIC-FRD,Compliance (`compliance-svc`),05-fds/domain-23-fraud.md#bfr-frd-001,GET /api/v1/security/devices,"device, risk_event(type = NEW_DEVICE)",US-FRD-001,TC-FRD-001-2,Negative functional,Notification not suppressible,NOT_EXECUTED,,
BFR-FRD-001,P1,Platform shall detect new-device risk.,New device generates configured risk signal.,Fraud management,EPIC-FRD,Compliance (`compliance-svc`),05-fds/domain-23-fraud.md#bfr-frd-001,GET /api/v1/security/devices,"device, risk_event(type = NEW_DEVICE)",US-FRD-001,TC-FRD-001-3,Negative functional,New device alone does not block access,NOT_EXECUTED,,
BFR-FRD-001,P1,Platform shall detect new-device risk.,New device generates configured risk signal.,Fraud management,EPIC-FRD,Compliance (`compliance-svc`),05-fds/domain-23-fraud.md#bfr-frd-001,GET /api/v1/security/devices,"device, risk_event(type = NEW_DEVICE)",US-FRD-001,TC-FRD-001-4,Positive functional,Customer can remove a device and revoke its tokens,NOT_EXECUTED,,
BFR-FRD-002,P1,Platform shall detect abnormal login attempts.,Threshold breach can trigger step-up/block.,Fraud management,EPIC-FRD,Compliance (`compliance-svc`),05-fds/domain-23-fraud.md#bfr-frd-002,(no new endpoint) enforced in auth-svc; responses use RATE_LIMITED / STEP_UP_REQUIRED.,"authentication attempt counters, risk_event",US-FRD-002,TC-FRD-002-1,Positive functional,Threshold breach triggers the configured response,NOT_EXECUTED,,
BFR-FRD-002,P1,Platform shall detect abnormal login attempts.,Threshold breach can trigger step-up/block.,Fraud management,EPIC-FRD,Compliance (`compliance-svc`),05-fds/domain-23-fraud.md#bfr-frd-002,(no new endpoint) enforced in auth-svc; responses use RATE_LIMITED / STEP_UP_REQUIRED.,"authentication attempt counters, risk_event",US-FRD-002,TC-FRD-002-2,Security,Response does not disclose account existence,NOT_EXECUTED,,
BFR-FRD-002,P1,Platform shall detect abnormal login attempts.,Threshold breach can trigger step-up/block.,Fraud management,EPIC-FRD,Compliance (`compliance-svc`),05-fds/domain-23-fraud.md#bfr-frd-002,(no new endpoint) enforced in auth-svc; responses use RATE_LIMITED / STEP_UP_REQUIRED.,"authentication attempt counters, risk_event",US-FRD-002,TC-FRD-002-3,Positive functional,Recovery route always available,NOT_EXECUTED,,
BFR-FRD-002,P1,Platform shall detect abnormal login attempts.,Threshold breach can trigger step-up/block.,Fraud management,EPIC-FRD,Compliance (`compliance-svc`),05-fds/domain-23-fraud.md#bfr-frd-002,(no new endpoint) enforced in auth-svc; responses use RATE_LIMITED / STEP_UP_REQUIRED.,"authentication attempt counters, risk_event",US-FRD-002,TC-FRD-002-4,Security,Distributed pattern raises a security alert,NOT_EXECUTED,,
BFR-FRD-003,P1,Platform shall monitor beneficiary-risk signals.,Newly added high-value beneficiary can increase risk score.,Fraud management,EPIC-FRD,Compliance (`compliance-svc`),05-fds/domain-23-fraud.md#bfr-frd-003,(no new endpoint) internal scoring on payment creation.,"beneficiary(created_at, first_payment_at), risk_event",US-FRD-003,TC-FRD-003-1,Positive functional,New high-value beneficiary raises the risk score,NOT_EXECUTED,,
BFR-FRD-003,P1,Platform shall monitor beneficiary-risk signals.,Newly added high-value beneficiary can increase risk score.,Fraud management,EPIC-FRD,Compliance (`compliance-svc`),05-fds/domain-23-fraud.md#bfr-frd-003,(no new endpoint) internal scoring on payment creation.,"beneficiary(created_at, first_payment_at), risk_event",US-FRD-003,TC-FRD-003-2,Positive functional,Beneficiary detail change resets risk age,NOT_EXECUTED,,
BFR-FRD-003,P1,Platform shall monitor beneficiary-risk signals.,Newly added high-value beneficiary can increase risk score.,Fraud management,EPIC-FRD,Compliance (`compliance-svc`),05-fds/domain-23-fraud.md#bfr-frd-003,(no new endpoint) internal scoring on payment creation.,"beneficiary(created_at, first_payment_at), risk_event",US-FRD-003,TC-FRD-003-3,Positive functional,Step-up triggered at the configured threshold,NOT_EXECUTED,,
BFR-FRD-003,P1,Platform shall monitor beneficiary-risk signals.,Newly added high-value beneficiary can increase risk score.,Fraud management,EPIC-FRD,Compliance (`compliance-svc`),05-fds/domain-23-fraud.md#bfr-frd-003,(no new endpoint) internal scoring on payment creation.,"beneficiary(created_at, first_payment_at), risk_event",US-FRD-003,TC-FRD-003-4,Positive functional,"Caution wording is proportionate, not accusatory",NOT_EXECUTED,,
BFR-FRD-004,P1,Platform shall detect account-takeover indicators.,Configured signals create risk event.,Fraud management,EPIC-FRD,Compliance (`compliance-svc`),05-fds/domain-23-fraud.md#bfr-frd-004,(no new endpoint) internal.,risk_event(type = ATO_INDICATOR),US-FRD-004,TC-FRD-004-1,Positive functional,ATO pattern creates a risk event,NOT_EXECUTED,,
BFR-FRD-004,P1,Platform shall detect account-takeover indicators.,Configured signals create risk event.,Fraud management,EPIC-FRD,Compliance (`compliance-svc`),05-fds/domain-23-fraud.md#bfr-frd-004,(no new endpoint) internal.,risk_event(type = ATO_INDICATOR),US-FRD-004,TC-FRD-004-2,Positive functional,Notification also sent to the previous contact point,NOT_EXECUTED,,
BFR-FRD-004,P1,Platform shall detect account-takeover indicators.,Configured signals create risk event.,Fraud management,EPIC-FRD,Compliance (`compliance-svc`),05-fds/domain-23-fraud.md#bfr-frd-004,(no new endpoint) internal.,risk_event(type = ATO_INDICATOR),US-FRD-004,TC-FRD-004-3,Positive functional,Post-recovery window restricts high-risk actions,NOT_EXECUTED,,
BFR-FRD-004,P1,Platform shall detect account-takeover indicators.,Configured signals create risk event.,Fraud management,EPIC-FRD,Compliance (`compliance-svc`),05-fds/domain-23-fraud.md#bfr-frd-004,(no new endpoint) internal.,risk_event(type = ATO_INDICATOR),US-FRD-004,TC-FRD-004-4,Positive functional,Genuine customer has a verification route,NOT_EXECUTED,,
BFR-FRD-005,P1,Fraud engine shall assign risk level.,LOW/MEDIUM/HIGH/CRITICAL or equivalent stored.,Fraud management,EPIC-FRD,Compliance (`compliance-svc`),05-fds/domain-23-fraud.md#bfr-frd-005,GET /api/admin/v1/transactions/{id}/risk,"risk_assessment(score, band, ruleset_version, signals[])",US-FRD-005,TC-FRD-005-1,Positive functional,Band and score persisted with signals and version,NOT_EXECUTED,,
BFR-FRD-005,P1,Fraud engine shall assign risk level.,LOW/MEDIUM/HIGH/CRITICAL or equivalent stored.,Fraud management,EPIC-FRD,Compliance (`compliance-svc`),05-fds/domain-23-fraud.md#bfr-frd-005,GET /api/admin/v1/transactions/{id}/risk,"risk_assessment(score, band, ruleset_version, signals[])",US-FRD-005,TC-FRD-005-2,Positive functional,Assessment reproducible from stored data,NOT_EXECUTED,,
BFR-FRD-005,P1,Fraud engine shall assign risk level.,LOW/MEDIUM/HIGH/CRITICAL or equivalent stored.,Fraud management,EPIC-FRD,Compliance (`compliance-svc`),05-fds/domain-23-fraud.md#bfr-frd-005,GET /api/admin/v1/transactions/{id}/risk,"risk_assessment(score, band, ruleset_version, signals[])",US-FRD-005,TC-FRD-005-3,Permissions,Risk data restricted to fraud roles,NOT_EXECUTED,,
BFR-FRD-005,P1,Fraud engine shall assign risk level.,LOW/MEDIUM/HIGH/CRITICAL or equivalent stored.,Fraud management,EPIC-FRD,Compliance (`compliance-svc`),05-fds/domain-23-fraud.md#bfr-frd-005,GET /api/admin/v1/transactions/{id}/risk,"risk_assessment(score, band, ruleset_version, signals[])",US-FRD-005,TC-FRD-005-4,Error handling,"Engine outage applies the fail-safe, never a silent pass",NOT_EXECUTED,,
BFR-FRD-006,P1,Risk rules may trigger step-up authentication.,Transaction cannot proceed until required challenge passes.,Fraud management,EPIC-FRD,Compliance (`compliance-svc`),05-fds/domain-23-fraud.md#bfr-frd-006,POST /api/v1/auth/step-up/verify,"step_up_challenge(risk_event_id, type, status, attempts)",US-FRD-006,TC-FRD-006-1,Positive functional,Passed challenge allows the transaction,NOT_EXECUTED,,
BFR-FRD-006,P1,Risk rules may trigger step-up authentication.,Transaction cannot proceed until required challenge passes.,Fraud management,EPIC-FRD,Compliance (`compliance-svc`),05-fds/domain-23-fraud.md#bfr-frd-006,POST /api/v1/auth/step-up/verify,"step_up_challenge(risk_event_id, type, status, attempts)",US-FRD-006,TC-FRD-006-2,Negative functional,Unpassed challenge blocks it at the state machine,NOT_EXECUTED,,
BFR-FRD-006,P1,Risk rules may trigger step-up authentication.,Transaction cannot proceed until required challenge passes.,Fraud management,EPIC-FRD,Compliance (`compliance-svc`),05-fds/domain-23-fraud.md#bfr-frd-006,POST /api/v1/auth/step-up/verify,"step_up_challenge(risk_event_id, type, status, attempts)",US-FRD-006,TC-FRD-006-3,Security,Challenge cannot be reused for another transaction,NOT_EXECUTED,,
BFR-FRD-006,P1,Risk rules may trigger step-up authentication.,Transaction cannot proceed until required challenge passes.,Fraud management,EPIC-FRD,Compliance (`compliance-svc`),05-fds/domain-23-fraud.md#bfr-frd-006,POST /api/v1/auth/step-up/verify,"step_up_challenge(risk_event_id, type, status, attempts)",US-FRD-006,TC-FRD-006-4,Security,Rule detail not disclosed to the customer,NOT_EXECUTED,,
BFR-FRD-006,P1,Risk rules may trigger step-up authentication.,Transaction cannot proceed until required challenge passes.,Fraud management,EPIC-FRD,Compliance (`compliance-svc`),05-fds/domain-23-fraud.md#bfr-frd-006,POST /api/v1/auth/step-up/verify,"step_up_challenge(risk_event_id, type, status, attempts)",US-FRD-006,TC-FRD-006-5,Negative functional,CRITICAL band is not challengeable,NOT_EXECUTED,,
BFR-FRD-007,P1,High-risk transaction may enter manual review.,Transaction state clearly indicates hold/review.,Fraud management,EPIC-FRD,Compliance (`compliance-svc`),05-fds/domain-23-fraud.md#bfr-frd-007,GET /api/admin/v1/transactions?state=HELD; POST .../release,"transaction hold state, case, ledger.hold retained meanwhile (LED-004)",US-FRD-007,TC-FRD-007-1,Positive functional,Held state shown honestly to the customer,NOT_EXECUTED,,
BFR-FRD-007,P1,High-risk transaction may enter manual review.,Transaction state clearly indicates hold/review.,Fraud management,EPIC-FRD,Compliance (`compliance-svc`),05-fds/domain-23-fraud.md#bfr-frd-007,GET /api/admin/v1/transactions?state=HELD; POST .../release,"transaction hold state, case, ledger.hold retained meanwhile (LED-004)",US-FRD-007,TC-FRD-007-2,Positive functional,"Funds held, not posted, during review",NOT_EXECUTED,,
BFR-FRD-007,P1,High-risk transaction may enter manual review.,Transaction state clearly indicates hold/review.,Fraud management,EPIC-FRD,Compliance (`compliance-svc`),05-fds/domain-23-fraud.md#bfr-frd-007,GET /api/admin/v1/transactions?state=HELD; POST .../release,"transaction hold state, case, ledger.hold retained meanwhile (LED-004)",US-FRD-007,TC-FRD-007-3,Permissions,Only an authorised analyst releases or blocks,NOT_EXECUTED,,
BFR-FRD-007,P1,High-risk transaction may enter manual review.,Transaction state clearly indicates hold/review.,Fraud management,EPIC-FRD,Compliance (`compliance-svc`),05-fds/domain-23-fraud.md#bfr-frd-007,GET /api/admin/v1/transactions?state=HELD; POST .../release,"transaction hold state, case, ledger.hold retained meanwhile (LED-004)",US-FRD-007,TC-FRD-007-4,Negative functional,Decision without a reason refused,NOT_EXECUTED,,
BFR-FRD-007,P1,High-risk transaction may enter manual review.,Transaction state clearly indicates hold/review.,Fraud management,EPIC-FRD,Compliance (`compliance-svc`),05-fds/domain-23-fraud.md#bfr-frd-007,GET /api/admin/v1/transactions?state=HELD; POST .../release,"transaction hold state, case, ledger.hold retained meanwhile (LED-004)",US-FRD-007,TC-FRD-007-5,Integration,Ageing hold escalates and the customer is updated,NOT_EXECUTED,,
BFR-FRD-008,P1,Fraud analyst shall create disposition.,Alert closes only with authorised outcome.,Fraud management,EPIC-FRD,Compliance (`compliance-svc`),05-fds/domain-23-fraud.md#bfr-frd-008,POST /api/admin/v1/alerts/{id}/disposition,"disposition(type, narrative, decided_by, decided_at)",US-FRD-008,TC-FRD-008-1,Negative functional,Closure without disposition refused,NOT_EXECUTED,,
BFR-FRD-008,P1,Fraud analyst shall create disposition.,Alert closes only with authorised outcome.,Fraud management,EPIC-FRD,Compliance (`compliance-svc`),05-fds/domain-23-fraud.md#bfr-frd-008,POST /api/admin/v1/alerts/{id}/disposition,"disposition(type, narrative, decided_by, decided_at)",US-FRD-008,TC-FRD-008-2,Security,Database constraint enforces it,NOT_EXECUTED,,
BFR-FRD-008,P1,Fraud analyst shall create disposition.,Alert closes only with authorised outcome.,Fraud management,EPIC-FRD,Compliance (`compliance-svc`),05-fds/domain-23-fraud.md#bfr-frd-008,POST /api/admin/v1/alerts/{id}/disposition,"disposition(type, narrative, decided_by, decided_at)",US-FRD-008,TC-FRD-008-3,Permissions,Senior-only dispositions restricted,NOT_EXECUTED,,
BFR-FRD-008,P1,Fraud analyst shall create disposition.,Alert closes only with authorised outcome.,Fraud management,EPIC-FRD,Compliance (`compliance-svc`),05-fds/domain-23-fraud.md#bfr-frd-008,POST /api/admin/v1/alerts/{id}/disposition,"disposition(type, narrative, decided_by, decided_at)",US-FRD-008,TC-FRD-008-4,Audit verification,Disposition audited with narrative,NOT_EXECUTED,,
BFR-FRD-009,P2,False-positive outcomes shall be retained for rule improvement.,Historical disposition is queryable.,Fraud management,EPIC-FRD,Compliance (`compliance-svc`),05-fds/domain-23-fraud.md#bfr-frd-009,GET /api/admin/v1/fraud/rule-performance?from=&to=,disposition retained per the retention schedule.,US-FRD-009,TC-FRD-009-1,Positive functional,False positives retained and queryable,NOT_EXECUTED,,
BFR-FRD-009,P2,False-positive outcomes shall be retained for rule improvement.,Historical disposition is queryable.,Fraud management,EPIC-FRD,Compliance (`compliance-svc`),05-fds/domain-23-fraud.md#bfr-frd-009,GET /api/admin/v1/fraud/rule-performance?from=&to=,disposition retained per the retention schedule.,US-FRD-009,TC-FRD-009-2,Positive functional,Performance reported per rule version,NOT_EXECUTED,,
BFR-FRD-009,P2,False-positive outcomes shall be retained for rule improvement.,Historical disposition is queryable.,Fraud management,EPIC-FRD,Compliance (`compliance-svc`),05-fds/domain-23-fraud.md#bfr-frd-009,GET /api/admin/v1/fraud/rule-performance?from=&to=,disposition retained per the retention schedule.,US-FRD-009,TC-FRD-009-3,Positive functional,Customer friction reported alongside detection,NOT_EXECUTED,,
BFR-FRD-009,P2,False-positive outcomes shall be retained for rule improvement.,Historical disposition is queryable.,Fraud management,EPIC-FRD,Compliance (`compliance-svc`),05-fds/domain-23-fraud.md#bfr-frd-009,GET /api/admin/v1/fraud/rule-performance?from=&to=,disposition retained per the retention schedule.,US-FRD-009,TC-FRD-009-4,Negative functional,No automatic live retraining,NOT_EXECUTED,,
BFR-FRD-010,P1,Fraud decisions shall not silently delete financial events.,Held/blocked/reversed transactions remain auditable.,Fraud management,EPIC-FRD,Compliance (`compliance-svc`),05-fds/domain-23-fraud.md#bfr-frd-010,(no new endpoint) no delete endpoint exists for transactions or risk events.,transaction and journal records immutable (LED-002); risk_event append-only.,US-FRD-010,TC-FRD-010-1,Security,No delete path exists for financial records,NOT_EXECUTED,,
BFR-FRD-010,P1,Fraud decisions shall not silently delete financial events.,Held/blocked/reversed transactions remain auditable.,Fraud management,EPIC-FRD,Compliance (`compliance-svc`),05-fds/domain-23-fraud.md#bfr-frd-010,(no new endpoint) no delete endpoint exists for transactions or risk events.,transaction and journal records immutable (LED-002); risk_event append-only.,US-FRD-010,TC-FRD-010-2,Positive functional,Blocked transaction remains visible with an honest status,NOT_EXECUTED,,
BFR-FRD-010,P1,Fraud decisions shall not silently delete financial events.,Held/blocked/reversed transactions remain auditable.,Fraud management,EPIC-FRD,Compliance (`compliance-svc`),05-fds/domain-23-fraud.md#bfr-frd-010,(no new endpoint) no delete endpoint exists for transactions or risk events.,transaction and journal records immutable (LED-002); risk_event append-only.,US-FRD-010,TC-FRD-010-3,Reversal,Reversal is a linked correction,NOT_EXECUTED,,
BFR-FRD-010,P1,Fraud decisions shall not silently delete financial events.,Held/blocked/reversed transactions remain auditable.,Fraud management,EPIC-FRD,Compliance (`compliance-svc`),05-fds/domain-23-fraud.md#bfr-frd-010,(no new endpoint) no delete endpoint exists for transactions or risk events.,transaction and journal records immutable (LED-002); risk_event append-only.,US-FRD-010,TC-FRD-010-4,Positive functional,Risk events retained after release,NOT_EXECUTED,,
BFR-FRD-010,P1,Fraud decisions shall not silently delete financial events.,Held/blocked/reversed transactions remain auditable.,Fraud management,EPIC-FRD,Compliance (`compliance-svc`),05-fds/domain-23-fraud.md#bfr-frd-010,(no new endpoint) no delete endpoint exists for transactions or risk events.,transaction and journal records immutable (LED-002); risk_event append-only.,US-FRD-010,TC-FRD-010-5,Audit verification,Delete attempt audited,NOT_EXECUTED,,
BFR-CMP-001,P1,Customer shall submit complaint.,Complaint receives unique reference.,Complaints and disputes,EPIC-CMP,Support (`support-svc`),05-fds/domain-24-complaints.md#bfr-cmp-001,POST /api/v1/complaints; GET /api/v1/complaints,"complaint(reference UNIQUE, category_id, channel, description, status, sla_due_at)",US-CMP-001,TC-CMP-001-1,Positive functional,Complaint created with a unique reference shown immediately,NOT_EXECUTED,,
BFR-CMP-001,P1,Customer shall submit complaint.,Complaint receives unique reference.,Complaints and disputes,EPIC-CMP,Support (`support-svc`),05-fds/domain-24-complaints.md#bfr-cmp-001,POST /api/v1/complaints; GET /api/v1/complaints,"complaint(reference UNIQUE, category_id, channel, description, status, sla_due_at)",US-CMP-001,TC-CMP-001-2,Positive functional,Restricted customer can still complain,NOT_EXECUTED,,
BFR-CMP-001,P1,Customer shall submit complaint.,Complaint receives unique reference.,Complaints and disputes,EPIC-CMP,Support (`support-svc`),05-fds/domain-24-complaints.md#bfr-cmp-001,POST /api/v1/complaints; GET /api/v1/complaints,"complaint(reference UNIQUE, category_id, channel, description, status, sla_due_at)",US-CMP-001,TC-CMP-001-3,Positive functional,Duplicate links to the existing complaint,NOT_EXECUTED,,
BFR-CMP-001,P1,Customer shall submit complaint.,Complaint receives unique reference.,Complaints and disputes,EPIC-CMP,Support (`support-svc`),05-fds/domain-24-complaints.md#bfr-cmp-001,POST /api/v1/complaints; GET /api/v1/complaints,"complaint(reference UNIQUE, category_id, channel, description, status, sla_due_at)",US-CMP-001,TC-CMP-001-4,Security,Free text and attachments sanitised and scanned,NOT_EXECUTED,,
BFR-CMP-001,P1,Customer shall submit complaint.,Complaint receives unique reference.,Complaints and disputes,EPIC-CMP,Support (`support-svc`),05-fds/domain-24-complaints.md#bfr-cmp-001,POST /api/v1/complaints; GET /api/v1/complaints,"complaint(reference UNIQUE, category_id, channel, description, status, sla_due_at)",US-CMP-001,TC-CMP-001-5,Positive functional,Raiseable through every supported channel,NOT_EXECUTED,,
BFR-CMP-002,P2,Complaint categories shall be configurable.,New category can be added administratively.,Complaints and disputes,EPIC-CMP,Support (`support-svc`),05-fds/domain-24-complaints.md#bfr-cmp-002,GET /api/v1/complaint-categories; POST /api/admin/v1/complaint-categories,"complaint_category(code, name_key, routing_role, sla_hours, is_active)",US-CMP-002,TC-CMP-002-1,Positive functional,New category usable without deployment,NOT_EXECUTED,,
BFR-CMP-002,P2,Complaint categories shall be configurable.,New category can be added administratively.,Complaints and disputes,EPIC-CMP,Support (`support-svc`),05-fds/domain-24-complaints.md#bfr-cmp-002,GET /api/v1/complaint-categories; POST /api/admin/v1/complaint-categories,"complaint_category(code, name_key, routing_role, sla_hours, is_active)",US-CMP-002,TC-CMP-002-2,Positive functional,Routing and SLA applied from the category,NOT_EXECUTED,,
BFR-CMP-002,P2,Complaint categories shall be configurable.,New category can be added administratively.,Complaints and disputes,EPIC-CMP,Support (`support-svc`),05-fds/domain-24-complaints.md#bfr-cmp-002,GET /api/v1/complaint-categories; POST /api/admin/v1/complaint-categories,"complaint_category(code, name_key, routing_role, sla_hours, is_active)",US-CMP-002,TC-CMP-002-3,Negative functional,In-use category cannot be deleted,NOT_EXECUTED,,
BFR-CMP-002,P2,Complaint categories shall be configurable.,New category can be added administratively.,Complaints and disputes,EPIC-CMP,Support (`support-svc`),05-fds/domain-24-complaints.md#bfr-cmp-002,GET /api/v1/complaint-categories; POST /api/admin/v1/complaint-categories,"complaint_category(code, name_key, routing_role, sla_hours, is_active)",US-CMP-002,TC-CMP-002-4,Positive functional,Names render in all supported languages,NOT_EXECUTED,,
BFR-CMP-003,P1,Complaint may link to transaction.,Relevant payment/transfer reference can be attached.,Complaints and disputes,EPIC-CMP,Support (`support-svc`),05-fds/domain-24-complaints.md#bfr-cmp-003,POST /api/v1/complaints; GET /api/admin/v1/complaints/{id},complaint.transaction_ref,US-CMP-003,TC-CMP-003-1,Positive functional,Transaction reference attached automatically,NOT_EXECUTED,,
BFR-CMP-003,P1,Complaint may link to transaction.,Relevant payment/transfer reference can be attached.,Complaints and disputes,EPIC-CMP,Support (`support-svc`),05-fds/domain-24-complaints.md#bfr-cmp-003,POST /api/v1/complaints; GET /api/admin/v1/complaints/{id},complaint.transaction_ref,US-CMP-003,TC-CMP-003-2,Permissions,Cannot link another customer's transaction,NOT_EXECUTED,,
BFR-CMP-003,P1,Complaint may link to transaction.,Relevant payment/transfer reference can be attached.,Complaints and disputes,EPIC-CMP,Support (`support-svc`),05-fds/domain-24-complaints.md#bfr-cmp-003,POST /api/v1/complaints; GET /api/admin/v1/complaints/{id},complaint.transaction_ref,US-CMP-003,TC-CMP-003-3,Positive functional,Agent sees the full transaction lifecycle,NOT_EXECUTED,,
BFR-CMP-003,P1,Complaint may link to transaction.,Relevant payment/transfer reference can be attached.,Complaints and disputes,EPIC-CMP,Support (`support-svc`),05-fds/domain-24-complaints.md#bfr-cmp-003,POST /api/v1/complaints; GET /api/admin/v1/complaints/{id},complaint.transaction_ref,US-CMP-003,TC-CMP-003-4,Negative functional,Linking does not alter the transaction,NOT_EXECUTED,,
BFR-CMP-004,P2,Complaint may link to partner.,Institution/provider reference retained.,Complaints and disputes,EPIC-CMP,Support (`support-svc`),05-fds/domain-24-complaints.md#bfr-cmp-004,POST /api/v1/complaints; GET /api/admin/v1/complaints?partner_id=,"complaint.partner_id, referral tracking fields",US-CMP-004,TC-CMP-004-1,Positive functional,Partner reference retained and displayed,NOT_EXECUTED,,
BFR-CMP-004,P2,Complaint may link to partner.,Institution/provider reference retained.,Complaints and disputes,EPIC-CMP,Support (`support-svc`),05-fds/domain-24-complaints.md#bfr-cmp-004,POST /api/v1/complaints; GET /api/admin/v1/complaints?partner_id=,"complaint.partner_id, referral tracking fields",US-CMP-004,TC-CMP-004-2,Negative functional,Referral does not close the BuntuFin record,NOT_EXECUTED,,
BFR-CMP-004,P2,Complaint may link to partner.,Institution/provider reference retained.,Complaints and disputes,EPIC-CMP,Support (`support-svc`),05-fds/domain-24-complaints.md#bfr-cmp-004,POST /api/v1/complaints; GET /api/admin/v1/complaints?partner_id=,"complaint.partner_id, referral tracking fields",US-CMP-004,TC-CMP-004-3,Security,Only necessary information shared with the partner,NOT_EXECUTED,,
BFR-CMP-004,P2,Complaint may link to partner.,Institution/provider reference retained.,Complaints and disputes,EPIC-CMP,Support (`support-svc`),05-fds/domain-24-complaints.md#bfr-cmp-004,POST /api/v1/complaints; GET /api/admin/v1/complaints?partner_id=,"complaint.partner_id, referral tracking fields",US-CMP-004,TC-CMP-004-4,Positive functional,Partner volumes reportable,NOT_EXECUTED,,
BFR-CMP-005,P1,Complaint shall have SLA tracking.,Due date calculated from configured rules.,Complaints and disputes,EPIC-CMP,Support (`support-svc`),05-fds/domain-24-complaints.md#bfr-cmp-005,"(no new endpoint) complaint responses include sla_due_at, sla_status.","sla_clock(started_at, due_at, paused_intervals[], breached_at)",US-CMP-005,TC-CMP-005-1,Positive functional,Due date computed from configuration,NOT_EXECUTED,,
BFR-CMP-005,P1,Complaint shall have SLA tracking.,Due date calculated from configured rules.,Complaints and disputes,EPIC-CMP,Support (`support-svc`),05-fds/domain-24-complaints.md#bfr-cmp-005,"(no new endpoint) complaint responses include sla_due_at, sla_status.","sla_clock(started_at, due_at, paused_intervals[], breached_at)",US-CMP-005,TC-CMP-005-2,Positive functional,Pause only for defined recorded reasons,NOT_EXECUTED,,
BFR-CMP-005,P1,Complaint shall have SLA tracking.,Due date calculated from configured rules.,Complaints and disputes,EPIC-CMP,Support (`support-svc`),05-fds/domain-24-complaints.md#bfr-cmp-005,"(no new endpoint) complaint responses include sla_due_at, sla_status.","sla_clock(started_at, due_at, paused_intervals[], breached_at)",US-CMP-005,TC-CMP-005-3,Negative functional,Breach cannot be cleared by pausing retrospectively,NOT_EXECUTED,,
BFR-CMP-005,P1,Complaint shall have SLA tracking.,Due date calculated from configured rules.,Complaints and disputes,EPIC-CMP,Support (`support-svc`),05-fds/domain-24-complaints.md#bfr-cmp-005,"(no new endpoint) complaint responses include sla_due_at, sla_status.","sla_clock(started_at, due_at, paused_intervals[], breached_at)",US-CMP-005,TC-CMP-005-4,Positive functional,Breach recorded permanently and reported,NOT_EXECUTED,,
BFR-CMP-005,P1,Complaint shall have SLA tracking.,Due date calculated from configured rules.,Complaints and disputes,EPIC-CMP,Support (`support-svc`),05-fds/domain-24-complaints.md#bfr-cmp-005,"(no new endpoint) complaint responses include sla_due_at, sla_status.","sla_clock(started_at, due_at, paused_intervals[], breached_at)",US-CMP-005,TC-CMP-005-5,Negative functional,Placeholder SLA values block the release gate,NOT_EXECUTED,,
BFR-CMP-006,P2,Customer shall see complaint status.,OPEN/INVESTIGATING/etc. shown in plain language.,Complaints and disputes,EPIC-CMP,Support (`support-svc`),05-fds/domain-24-complaints.md#bfr-cmp-006,GET /api/v1/complaints/{id},"complaint.status, status history",US-CMP-006,TC-CMP-006-1,Positive functional,"Status shown in plain language, all supported languages",NOT_EXECUTED,,
BFR-CMP-006,P2,Customer shall see complaint status.,OPEN/INVESTIGATING/etc. shown in plain language.,Complaints and disputes,EPIC-CMP,Support (`support-svc`),05-fds/domain-24-complaints.md#bfr-cmp-006,GET /api/v1/complaints/{id},"complaint.status, status history",US-CMP-006,TC-CMP-006-2,Security,Internal-only detail not disclosed,NOT_EXECUTED,,
BFR-CMP-006,P2,Customer shall see complaint status.,OPEN/INVESTIGATING/etc. shown in plain language.,Complaints and disputes,EPIC-CMP,Support (`support-svc`),05-fds/domain-24-complaints.md#bfr-cmp-006,GET /api/v1/complaints/{id},"complaint.status, status history",US-CMP-006,TC-CMP-006-3,Positive functional,"Icon and text used, not colour alone",NOT_EXECUTED,,
BFR-CMP-006,P2,Customer shall see complaint status.,OPEN/INVESTIGATING/etc. shown in plain language.,Complaints and disputes,EPIC-CMP,Support (`support-svc`),05-fds/domain-24-complaints.md#bfr-cmp-006,GET /api/v1/complaints/{id},"complaint.status, status history",US-CMP-006,TC-CMP-006-4,Positive functional,Full history visible to the customer,NOT_EXECUTED,,
BFR-CMP-007,P1,Staff shall record investigation activity.,Notes and actions are timestamped.,Complaints and disputes,EPIC-CMP,Support (`support-svc`),05-fds/domain-24-complaints.md#bfr-cmp-007,POST /api/admin/v1/complaints/{id}/notes,"complaint_note(author_id, body, visibility, created_at) append-only",US-CMP-007,TC-CMP-007-1,Positive functional,Notes persist with author and timestamp,NOT_EXECUTED,,
BFR-CMP-007,P1,Staff shall record investigation activity.,Notes and actions are timestamped.,Complaints and disputes,EPIC-CMP,Support (`support-svc`),05-fds/domain-24-complaints.md#bfr-cmp-007,POST /api/admin/v1/complaints/{id}/notes,"complaint_note(author_id, body, visibility, created_at) append-only",US-CMP-007,TC-CMP-007-2,Security,Notes cannot be edited or deleted,NOT_EXECUTED,,
BFR-CMP-007,P1,Staff shall record investigation activity.,Notes and actions are timestamped.,Complaints and disputes,EPIC-CMP,Support (`support-svc`),05-fds/domain-24-complaints.md#bfr-cmp-007,POST /api/admin/v1/complaints/{id}/notes,"complaint_note(author_id, body, visibility, created_at) append-only",US-CMP-007,TC-CMP-007-3,Security,Internal notes never shown to the customer,NOT_EXECUTED,,
BFR-CMP-007,P1,Staff shall record investigation activity.,Notes and actions are timestamped.,Complaints and disputes,EPIC-CMP,Support (`support-svc`),05-fds/domain-24-complaints.md#bfr-cmp-007,POST /api/admin/v1/complaints/{id}/notes,"complaint_note(author_id, body, visibility, created_at) append-only",US-CMP-007,TC-CMP-007-4,Permissions,Only assigned or authorised staff can add notes,NOT_EXECUTED,,
BFR-CMP-008,P1,Complaint resolution shall record outcome.,Case cannot close without resolution category.,Complaints and disputes,EPIC-CMP,Support (`support-svc`),05-fds/domain-24-complaints.md#bfr-cmp-008,POST /api/admin/v1/complaints/{id}/resolve,complaint.resolution_category_id; **CHECK: closure requires it**,US-CMP-008,TC-CMP-008-1,Negative functional,Closure without resolution category refused,NOT_EXECUTED,,
BFR-CMP-008,P1,Complaint resolution shall record outcome.,Case cannot close without resolution category.,Complaints and disputes,EPIC-CMP,Support (`support-svc`),05-fds/domain-24-complaints.md#bfr-cmp-008,POST /api/admin/v1/complaints/{id}/resolve,complaint.resolution_category_id; **CHECK: closure requires it**,US-CMP-008,TC-CMP-008-2,Security,Database constraint enforces it,NOT_EXECUTED,,
BFR-CMP-008,P1,Complaint resolution shall record outcome.,Case cannot close without resolution category.,Complaints and disputes,EPIC-CMP,Support (`support-svc`),05-fds/domain-24-complaints.md#bfr-cmp-008,POST /api/admin/v1/complaints/{id}/resolve,complaint.resolution_category_id; **CHECK: closure requires it**,US-CMP-008,TC-CMP-008-3,Positive functional,Financial remedy posts through the ledger with a link,NOT_EXECUTED,,
BFR-CMP-008,P1,Complaint resolution shall record outcome.,Case cannot close without resolution category.,Complaints and disputes,EPIC-CMP,Support (`support-svc`),05-fds/domain-24-complaints.md#bfr-cmp-008,POST /api/admin/v1/complaints/{id}/resolve,complaint.resolution_category_id; **CHECK: closure requires it**,US-CMP-008,TC-CMP-008-4,Positive functional,Customer notified with escalation route,NOT_EXECUTED,,
BFR-CMP-008,P1,Complaint resolution shall record outcome.,Case cannot close without resolution category.,Complaints and disputes,EPIC-CMP,Support (`support-svc`),05-fds/domain-24-complaints.md#bfr-cmp-008,POST /api/admin/v1/complaints/{id}/resolve,complaint.resolution_category_id; **CHECK: closure requires it**,US-CMP-008,TC-CMP-008-5,Positive functional,Reopening supported and recorded,NOT_EXECUTED,,
BFR-CMP-009,P1,Escalation shall be supported.,Overdue or serious complaint can move to higher level.,Complaints and disputes,EPIC-CMP,Support (`support-svc`),05-fds/domain-24-complaints.md#bfr-cmp-009,POST /api/admin/v1/complaints/{id}/escalate; POST /api/v1/complaints/{id}/escalate,"complaint_escalation(from, to_role, reason, escalated_at)",US-CMP-009,TC-CMP-009-1,Positive functional,Customer-initiated escalation works,NOT_EXECUTED,,
BFR-CMP-009,P1,Escalation shall be supported.,Overdue or serious complaint can move to higher level.,Complaints and disputes,EPIC-CMP,Support (`support-svc`),05-fds/domain-24-complaints.md#bfr-cmp-009,POST /api/admin/v1/complaints/{id}/escalate; POST /api/v1/complaints/{id}/escalate,"complaint_escalation(from, to_role, reason, escalated_at)",US-CMP-009,TC-CMP-009-2,Positive functional,SLA breach escalates automatically,NOT_EXECUTED,,
BFR-CMP-009,P1,Escalation shall be supported.,Overdue or serious complaint can move to higher level.,Complaints and disputes,EPIC-CMP,Support (`support-svc`),05-fds/domain-24-complaints.md#bfr-cmp-009,POST /api/admin/v1/complaints/{id}/escalate; POST /api/v1/complaints/{id}/escalate,"complaint_escalation(from, to_role, reason, escalated_at)",US-CMP-009,TC-CMP-009-3,Positive functional,Escalation targets a role,NOT_EXECUTED,,
BFR-CMP-009,P1,Escalation shall be supported.,Overdue or serious complaint can move to higher level.,Complaints and disputes,EPIC-CMP,Support (`support-svc`),05-fds/domain-24-complaints.md#bfr-cmp-009,POST /api/admin/v1/complaints/{id}/escalate; POST /api/v1/complaints/{id}/escalate,"complaint_escalation(from, to_role, reason, escalated_at)",US-CMP-009,TC-CMP-009-4,Positive functional,External redress route provided at the top level,NOT_EXECUTED,,
BFR-CMP-009,P1,Escalation shall be supported.,Overdue or serious complaint can move to higher level.,Complaints and disputes,EPIC-CMP,Support (`support-svc`),05-fds/domain-24-complaints.md#bfr-cmp-009,POST /api/admin/v1/complaints/{id}/escalate; POST /api/v1/complaints/{id}/escalate,"complaint_escalation(from, to_role, reason, escalated_at)",US-CMP-009,TC-CMP-009-5,Audit verification,Escalation history retained,NOT_EXECUTED,,
BFR-CMP-010,P1,Complaint reporting shall support regulatory metrics.,"Volumes, categories and resolution times exportable.",Complaints and disputes,EPIC-CMP,Support (`support-svc`),05-fds/domain-24-complaints.md#bfr-cmp-010,POST /api/admin/v1/reports/complaints; GET .../reports/{id},reporting read models over complaint data.,US-CMP-010,TC-CMP-010-1,Positive functional,"Report produces volumes, categories, resolution times",NOT_EXECUTED,,
BFR-CMP-010,P1,Complaint reporting shall support regulatory metrics.,"Volumes, categories and resolution times exportable.",Complaints and disputes,EPIC-CMP,Support (`support-svc`),05-fds/domain-24-complaints.md#bfr-cmp-010,POST /api/admin/v1/reports/complaints; GET .../reports/{id},reporting read models over complaint data.,US-CMP-010,TC-CMP-010-2,Positive functional,Reproducible for the same period and version,NOT_EXECUTED,,
BFR-CMP-010,P1,Complaint reporting shall support regulatory metrics.,"Volumes, categories and resolution times exportable.",Complaints and disputes,EPIC-CMP,Support (`support-svc`),05-fds/domain-24-complaints.md#bfr-cmp-010,POST /api/admin/v1/reports/complaints; GET .../reports/{id},reporting read models over complaint data.,US-CMP-010,TC-CMP-010-3,Negative functional,SLA breaches not suppressed,NOT_EXECUTED,,
BFR-CMP-010,P1,Complaint reporting shall support regulatory metrics.,"Volumes, categories and resolution times exportable.",Complaints and disputes,EPIC-CMP,Support (`support-svc`),05-fds/domain-24-complaints.md#bfr-cmp-010,POST /api/admin/v1/reports/complaints; GET .../reports/{id},reporting read models over complaint data.,US-CMP-010,TC-CMP-010-4,Positive functional,Nil report produced for an empty period,NOT_EXECUTED,,
BFR-CMP-010,P1,Complaint reporting shall support regulatory metrics.,"Volumes, categories and resolution times exportable.",Complaints and disputes,EPIC-CMP,Support (`support-svc`),05-fds/domain-24-complaints.md#bfr-cmp-010,POST /api/admin/v1/reports/complaints; GET .../reports/{id},reporting read models over complaint data.,US-CMP-010,TC-CMP-010-5,Audit verification,Generation and export audited,NOT_EXECUTED,,
BFR-PRT-001,P1,Platform shall maintain partner organisation profiles.,"Name, type, status and regulatory references can be stored.",Partner management,EPIC-PRT,Partners (`partner-svc`),05-fds/domain-25-partner-management.md#bfr-prt-001,POST /api/admin/v1/partners; GET /api/admin/v1/partners/{id},"partner(legal_name, trading_name, partner_type, regulatory_reference, jurisdiction, status)",US-PRT-001,TC-PRT-001-1,Positive functional,"Partner created with name, type, status and references",NOT_EXECUTED,,
BFR-PRT-001,P1,Platform shall maintain partner organisation profiles.,"Name, type, status and regulatory references can be stored.",Partner management,EPIC-PRT,Partners (`partner-svc`),05-fds/domain-25-partner-management.md#bfr-prt-001,POST /api/admin/v1/partners; GET /api/admin/v1/partners/{id},"partner(legal_name, trading_name, partner_type, regulatory_reference, jurisdiction, status)",US-PRT-001,TC-PRT-001-2,Negative functional,Activation without a required regulatory reference refused,NOT_EXECUTED,,
BFR-PRT-001,P1,Platform shall maintain partner organisation profiles.,"Name, type, status and regulatory references can be stored.",Partner management,EPIC-PRT,Partners (`partner-svc`),05-fds/domain-25-partner-management.md#bfr-prt-001,POST /api/admin/v1/partners; GET /api/admin/v1/partners/{id},"partner(legal_name, trading_name, partner_type, regulatory_reference, jurisdiction, status)",US-PRT-001,TC-PRT-001-3,Permissions,Legal identity changes require approval,NOT_EXECUTED,,
BFR-PRT-001,P1,Platform shall maintain partner organisation profiles.,"Name, type, status and regulatory references can be stored.",Partner management,EPIC-PRT,Partners (`partner-svc`),05-fds/domain-25-partner-management.md#bfr-prt-001,POST /api/admin/v1/partners; GET /api/admin/v1/partners/{id},"partner(legal_name, trading_name, partner_type, regulatory_reference, jurisdiction, status)",US-PRT-001,TC-PRT-001-4,Security,Due diligence evidence encrypted and access audited,NOT_EXECUTED,,
BFR-PRT-002,P1,Partner capability shall be configurable.,"Partner can be enabled for lending, payments, savings, etc. independently.",Partner management,EPIC-PRT,Partners (`partner-svc`),05-fds/domain-25-partner-management.md#bfr-prt-002,PUT /api/admin/v1/partners/{id}/capabilities,"partner_capability(capability, enabled, scope, effective_from)",US-PRT-002,TC-PRT-002-1,Positive functional,Capabilities enabled independently,NOT_EXECUTED,,
BFR-PRT-002,P1,Partner capability shall be configurable.,"Partner can be enabled for lending, payments, savings, etc. independently.",Partner management,EPIC-PRT,Partners (`partner-svc`),05-fds/domain-25-partner-management.md#bfr-prt-002,PUT /api/admin/v1/partners/{id}/capabilities,"partner_capability(capability, enabled, scope, effective_from)",US-PRT-002,TC-PRT-002-2,Negative functional,Operation against an unenabled capability refused,NOT_EXECUTED,,
BFR-PRT-002,P1,Partner capability shall be configurable.,"Partner can be enabled for lending, payments, savings, etc. independently.",Partner management,EPIC-PRT,Partners (`partner-svc`),05-fds/domain-25-partner-management.md#bfr-prt-002,PUT /api/admin/v1/partners/{id}/capabilities,"partner_capability(capability, enabled, scope, effective_from)",US-PRT-002,TC-PRT-002-3,Positive functional,Capability scope narrowable by corridor,NOT_EXECUTED,,
BFR-PRT-002,P1,Partner capability shall be configurable.,"Partner can be enabled for lending, payments, savings, etc. independently.",Partner management,EPIC-PRT,Partners (`partner-svc`),05-fds/domain-25-partner-management.md#bfr-prt-002,PUT /api/admin/v1/partners/{id}/capabilities,"partner_capability(capability, enabled, scope, effective_from)",US-PRT-002,TC-PRT-002-4,Permissions,Capability change requires approval,NOT_EXECUTED,,
BFR-PRT-003,P1,Partner status shall control availability.,Suspended partner cannot receive new transactions.,Partner management,EPIC-PRT,Partners (`partner-svc`),05-fds/domain-25-partner-management.md#bfr-prt-003,POST /api/admin/v1/partners/{id}/status,"partner.status, partner_status_history",US-PRT-003,TC-PRT-003-1,Positive functional,Suspension blocks new transactions immediately,NOT_EXECUTED,,
BFR-PRT-003,P1,Partner status shall control availability.,Suspended partner cannot receive new transactions.,Partner management,EPIC-PRT,Partners (`partner-svc`),05-fds/domain-25-partner-management.md#bfr-prt-003,POST /api/admin/v1/partners/{id}/status,"partner.status, partner_status_history",US-PRT-003,TC-PRT-003-2,Positive functional,In-flight items complete or recover,NOT_EXECUTED,,
BFR-PRT-003,P1,Partner status shall control availability.,Suspended partner cannot receive new transactions.,Partner management,EPIC-PRT,Partners (`partner-svc`),05-fds/domain-25-partner-management.md#bfr-prt-003,POST /api/admin/v1/partners/{id}/status,"partner.status, partner_status_history",US-PRT-003,TC-PRT-003-3,Negative functional,Suspension deletes nothing,NOT_EXECUTED,,
BFR-PRT-003,P1,Partner status shall control availability.,Suspended partner cannot receive new transactions.,Partner management,EPIC-PRT,Partners (`partner-svc`),05-fds/domain-25-partner-management.md#bfr-prt-003,POST /api/admin/v1/partners/{id}/status,"partner.status, partner_status_history",US-PRT-003,TC-PRT-003-4,Security,Suspended partner's API access refused,NOT_EXECUTED,,
BFR-PRT-003,P1,Partner status shall control availability.,Suspended partner cannot receive new transactions.,Partner management,EPIC-PRT,Partners (`partner-svc`),05-fds/domain-25-partner-management.md#bfr-prt-003,POST /api/admin/v1/partners/{id}/status,"partner.status, partner_status_history",US-PRT-003,TC-PRT-003-5,Negative functional,Status change without reason refused,NOT_EXECUTED,,
BFR-PRT-004,P1,Partner users shall use organisation-scoped access.,User cannot access another partner's data.,Partner management,EPIC-PRT,Partners (`partner-svc`),05-fds/domain-25-partner-management.md#bfr-prt-004,(no new endpoint) all /api/partner/v1/** routes are scope-filtered.,scope enforced at the query layer for every partner-accessible entity.,US-PRT-004,TC-PRT-004-1,Security,Cross-partner access returns 404,NOT_EXECUTED,,
BFR-PRT-004,P1,Partner users shall use organisation-scoped access.,User cannot access another partner's data.,Partner management,EPIC-PRT,Partners (`partner-svc`),05-fds/domain-25-partner-management.md#bfr-prt-004,(no new endpoint) all /api/partner/v1/** routes are scope-filtered.,scope enforced at the query layer for every partner-accessible entity.,US-PRT-004,TC-PRT-004-2,Security,Scope enforced at the data-access layer on every endpoint,NOT_EXECUTED,,
BFR-PRT-004,P1,Partner users shall use organisation-scoped access.,User cannot access another partner's data.,Partner management,EPIC-PRT,Partners (`partner-svc`),05-fds/domain-25-partner-management.md#bfr-prt-004,(no new endpoint) all /api/partner/v1/** routes are scope-filtered.,scope enforced at the query layer for every partner-accessible entity.,US-PRT-004,TC-PRT-004-3,Security,Identifiers not enumerable,NOT_EXECUTED,,
BFR-PRT-004,P1,Partner users shall use organisation-scoped access.,User cannot access another partner's data.,Partner management,EPIC-PRT,Partners (`partner-svc`),05-fds/domain-25-partner-management.md#bfr-prt-004,(no new endpoint) all /api/partner/v1/** routes are scope-filtered.,scope enforced at the query layer for every partner-accessible entity.,US-PRT-004,TC-PRT-004-4,Audit verification,All partner access logged,NOT_EXECUTED,,
BFR-PRT-005,P1,API credentials shall be partner-specific.,Credentials can be rotated/revoked separately.,Partner management,EPIC-PRT,Partners (`partner-svc`),05-fds/domain-25-partner-management.md#bfr-prt-005,POST /api/admin/v1/partners/{id}/credentials; POST .../rotate; DELETE .../{cid},"api_credential(credential_type, identifier, secret_handle, status, ip_allowlist, last_used_at)",US-PRT-005,TC-PRT-005-1,Positive functional,"Credential issued, rotated and revoked independently",NOT_EXECUTED,,
BFR-PRT-005,P1,API credentials shall be partner-specific.,Credentials can be rotated/revoked separately.,Partner management,EPIC-PRT,Partners (`partner-svc`),05-fds/domain-25-partner-management.md#bfr-prt-005,POST /api/admin/v1/partners/{id}/credentials; POST .../rotate; DELETE .../{cid},"api_credential(credential_type, identifier, secret_handle, status, ip_allowlist, last_used_at)",US-PRT-005,TC-PRT-005-2,Security,"Secret shown once, never retrievable afterwards",NOT_EXECUTED,,
BFR-PRT-005,P1,API credentials shall be partner-specific.,Credentials can be rotated/revoked separately.,Partner management,EPIC-PRT,Partners (`partner-svc`),05-fds/domain-25-partner-management.md#bfr-prt-005,POST /api/admin/v1/partners/{id}/credentials; POST .../rotate; DELETE .../{cid},"api_credential(credential_type, identifier, secret_handle, status, ip_allowlist, last_used_at)",US-PRT-005,TC-PRT-005-3,Positive functional,Rotation overlap avoids downtime,NOT_EXECUTED,,
BFR-PRT-005,P1,API credentials shall be partner-specific.,Credentials can be rotated/revoked separately.,Partner management,EPIC-PRT,Partners (`partner-svc`),05-fds/domain-25-partner-management.md#bfr-prt-005,POST /api/admin/v1/partners/{id}/credentials; POST .../rotate; DELETE .../{cid},"api_credential(credential_type, identifier, secret_handle, status, ip_allowlist, last_used_at)",US-PRT-005,TC-PRT-005-4,Security,Revoked credential rejected immediately,NOT_EXECUTED,,
BFR-PRT-005,P1,API credentials shall be partner-specific.,Credentials can be rotated/revoked separately.,Partner management,EPIC-PRT,Partners (`partner-svc`),05-fds/domain-25-partner-management.md#bfr-prt-005,POST /api/admin/v1/partners/{id}/credentials; POST .../rotate; DELETE .../{cid},"api_credential(credential_type, identifier, secret_handle, status, ip_allowlist, last_used_at)",US-PRT-005,TC-PRT-005-5,Security,Unusual credential use alerts,NOT_EXECUTED,,
BFR-PRT-006,P1,Partner connection health shall be monitored.,Current integration status visible to operations.,Partner management,EPIC-PRT,Partners (`partner-svc`),05-fds/domain-25-partner-management.md#bfr-prt-006,GET /api/admin/v1/partners/health,provider_health per partner and capability.,US-PRT-006,TC-PRT-006-1,Positive functional,Health derived from real traffic,NOT_EXECUTED,,
BFR-PRT-006,P1,Partner connection health shall be monitored.,Current integration status visible to operations.,Partner management,EPIC-PRT,Partners (`partner-svc`),05-fds/domain-25-partner-management.md#bfr-prt-006,GET /api/admin/v1/partners/health,provider_health per partner and capability.,US-PRT-006,TC-PRT-006-2,Positive functional,Health tracked per capability,NOT_EXECUTED,,
BFR-PRT-006,P1,Partner connection health shall be monitored.,Current integration status visible to operations.,Partner management,EPIC-PRT,Partners (`partner-svc`),05-fds/domain-25-partner-management.md#bfr-prt-006,GET /api/admin/v1/partners/health,provider_health per partner and capability.,US-PRT-006,TC-PRT-006-3,Integration,Degradation affects routing automatically,NOT_EXECUTED,,
BFR-PRT-006,P1,Partner connection health shall be monitored.,Current integration status visible to operations.,Partner management,EPIC-PRT,Partners (`partner-svc`),05-fds/domain-25-partner-management.md#bfr-prt-006,GET /api/admin/v1/partners/health,provider_health per partner and capability.,US-PRT-006,TC-PRT-006-4,Negative functional,"No traffic yields UNKNOWN, not HEALTHY",NOT_EXECUTED,,
BFR-PRT-007,P2,Partner webhook endpoints shall be configurable.,Verified endpoint can receive approved events.,Partner management,EPIC-PRT,Partners (`partner-svc`),05-fds/domain-25-partner-management.md#bfr-prt-007,POST /api/partner/v1/webhooks; POST .../verify; GET .../deliveries,"webhook_endpoint(url, event_types[], secret_handle, verification_status, status)",US-PRT-007,TC-PRT-007-1,Positive functional,Verified endpoint receives subscribed events,NOT_EXECUTED,,
BFR-PRT-007,P2,Partner webhook endpoints shall be configurable.,Verified endpoint can receive approved events.,Partner management,EPIC-PRT,Partners (`partner-svc`),05-fds/domain-25-partner-management.md#bfr-prt-007,POST /api/partner/v1/webhooks; POST .../verify; GET .../deliveries,"webhook_endpoint(url, event_types[], secret_handle, verification_status, status)",US-PRT-007,TC-PRT-007-2,Negative functional,Unverified endpoint receives nothing,NOT_EXECUTED,,
BFR-PRT-007,P2,Partner webhook endpoints shall be configurable.,Verified endpoint can receive approved events.,Partner management,EPIC-PRT,Partners (`partner-svc`),05-fds/domain-25-partner-management.md#bfr-prt-007,POST /api/partner/v1/webhooks; POST .../verify; GET .../deliveries,"webhook_endpoint(url, event_types[], secret_handle, verification_status, status)",US-PRT-007,TC-PRT-007-3,Security,Payloads signed and verifiable,NOT_EXECUTED,,
BFR-PRT-007,P2,Partner webhook endpoints shall be configurable.,Verified endpoint can receive approved events.,Partner management,EPIC-PRT,Partners (`partner-svc`),05-fds/domain-25-partner-management.md#bfr-prt-007,POST /api/partner/v1/webhooks; POST .../verify; GET .../deliveries,"webhook_endpoint(url, event_types[], secret_handle, verification_status, status)",US-PRT-007,TC-PRT-007-4,Security,Internal address ranges rejected as endpoints,NOT_EXECUTED,,
BFR-PRT-007,P2,Partner webhook endpoints shall be configurable.,Verified endpoint can receive approved events.,Partner management,EPIC-PRT,Partners (`partner-svc`),05-fds/domain-25-partner-management.md#bfr-prt-007,POST /api/partner/v1/webhooks; POST .../verify; GET .../deliveries,"webhook_endpoint(url, event_types[], secret_handle, verification_status, status)",US-PRT-007,TC-PRT-007-5,Security,Payload contains no full customer data,NOT_EXECUTED,,
BFR-PRT-007,P2,Partner webhook endpoints shall be configurable.,Verified endpoint can receive approved events.,Partner management,EPIC-PRT,Partners (`partner-svc`),05-fds/domain-25-partner-management.md#bfr-prt-007,POST /api/partner/v1/webhooks; POST .../verify; GET .../deliveries,"webhook_endpoint(url, event_types[], secret_handle, verification_status, status)",US-PRT-007,TC-PRT-007-6,Positive functional,Repeated failures suspend the endpoint and alert,NOT_EXECUTED,,
BFR-PRT-008,P1,Partner fee configurations shall be versioned.,Historical fee basis remains reproducible.,Partner management,EPIC-PRT,Partners (`partner-svc`),05-fds/domain-25-partner-management.md#bfr-prt-008,POST /api/admin/v1/partners/{id}/fees; GET .../fees?as_of=,"partner_fee_version(definition, version, effective_from, effective_to, author_id, approver_id)",US-PRT-008,TC-PRT-008-1,Positive functional,Fee version recorded on transactions,NOT_EXECUTED,,
BFR-PRT-008,P1,Partner fee configurations shall be versioned.,Historical fee basis remains reproducible.,Partner management,EPIC-PRT,Partners (`partner-svc`),05-fds/domain-25-partner-management.md#bfr-prt-008,POST /api/admin/v1/partners/{id}/fees; GET .../fees?as_of=,"partner_fee_version(definition, version, effective_from, effective_to, author_id, approver_id)",US-PRT-008,TC-PRT-008-2,Positive functional,Historical reconciliation uses the version in force then,NOT_EXECUTED,,
BFR-PRT-008,P1,Partner fee configurations shall be versioned.,Historical fee basis remains reproducible.,Partner management,EPIC-PRT,Partners (`partner-svc`),05-fds/domain-25-partner-management.md#bfr-prt-008,POST /api/admin/v1/partners/{id}/fees; GET .../fees?as_of=,"partner_fee_version(definition, version, effective_from, effective_to, author_id, approver_id)",US-PRT-008,TC-PRT-008-3,Negative functional,Overlapping windows rejected,NOT_EXECUTED,,
BFR-PRT-008,P1,Partner fee configurations shall be versioned.,Historical fee basis remains reproducible.,Partner management,EPIC-PRT,Partners (`partner-svc`),05-fds/domain-25-partner-management.md#bfr-prt-008,POST /api/admin/v1/partners/{id}/fees; GET .../fees?as_of=,"partner_fee_version(definition, version, effective_from, effective_to, author_id, approver_id)",US-PRT-008,TC-PRT-008-4,Permissions,Fee change requires approval,NOT_EXECUTED,,
BFR-PRT-009,P1,Partner onboarding shall require approval before activation.,Draft partner cannot process production transactions.,Partner management,EPIC-PRT,Partners (`partner-svc`),05-fds/domain-25-partner-management.md#bfr-prt-009,POST /api/admin/v1/partners/{id}/approve,"partner.status, approval record.",US-PRT-009,TC-PRT-009-1,Negative functional,Draft partner cannot process production transactions,NOT_EXECUTED,,
BFR-PRT-009,P1,Partner onboarding shall require approval before activation.,Draft partner cannot process production transactions.,Partner management,EPIC-PRT,Partners (`partner-svc`),05-fds/domain-25-partner-management.md#bfr-prt-009,POST /api/admin/v1/partners/{id}/approve,"partner.status, approval record.",US-PRT-009,TC-PRT-009-2,Negative functional,Self-approval refused,NOT_EXECUTED,,
BFR-PRT-009,P1,Partner onboarding shall require approval before activation.,Draft partner cannot process production transactions.,Partner management,EPIC-PRT,Partners (`partner-svc`),05-fds/domain-25-partner-management.md#bfr-prt-009,POST /api/admin/v1/partners/{id}/approve,"partner.status, approval record.",US-PRT-009,TC-PRT-009-3,Negative functional,Approval blocked while the checklist is incomplete,NOT_EXECUTED,,
BFR-PRT-009,P1,Partner onboarding shall require approval before activation.,Draft partner cannot process production transactions.,Partner management,EPIC-PRT,Partners (`partner-svc`),05-fds/domain-25-partner-management.md#bfr-prt-009,POST /api/admin/v1/partners/{id}/approve,"partner.status, approval record.",US-PRT-009,TC-PRT-009-4,Audit verification,Approval recorded with evidence,NOT_EXECUTED,,
BFR-PRT-010,P1,Partner offboarding shall preserve historical records.,Deactivation does not remove past transaction evidence.,Partner management,EPIC-PRT,Partners (`partner-svc`),05-fds/domain-25-partner-management.md#bfr-prt-010,POST /api/admin/v1/partners/{id}/offboard,partner.status = OFFBOARDED; no deletion anywhere.,US-PRT-010,TC-PRT-010-1,Positive functional,Offboarding stops new activity,NOT_EXECUTED,,
BFR-PRT-010,P1,Partner offboarding shall preserve historical records.,Deactivation does not remove past transaction evidence.,Partner management,EPIC-PRT,Partners (`partner-svc`),05-fds/domain-25-partner-management.md#bfr-prt-010,POST /api/admin/v1/partners/{id}/offboard,partner.status = OFFBOARDED; no deletion anywhere.,US-PRT-010,TC-PRT-010-2,Negative functional,No partner-related record deleted,NOT_EXECUTED,,
BFR-PRT-010,P1,Partner offboarding shall preserve historical records.,Deactivation does not remove past transaction evidence.,Partner management,EPIC-PRT,Partners (`partner-svc`),05-fds/domain-25-partner-management.md#bfr-prt-010,POST /api/admin/v1/partners/{id}/offboard,partner.status = OFFBOARDED; no deletion anywhere.,US-PRT-010,TC-PRT-010-3,Positive functional,Historical transactions still resolve the partner,NOT_EXECUTED,,
BFR-PRT-010,P1,Partner offboarding shall preserve historical records.,Deactivation does not remove past transaction evidence.,Partner management,EPIC-PRT,Partners (`partner-svc`),05-fds/domain-25-partner-management.md#bfr-prt-010,POST /api/admin/v1/partners/{id}/offboard,partner.status = OFFBOARDED; no deletion anywhere.,US-PRT-010,TC-PRT-010-4,Negative functional,Offboarding refused while open items remain,NOT_EXECUTED,,
BFR-PRT-010,P1,Partner offboarding shall preserve historical records.,Deactivation does not remove past transaction evidence.,Partner management,EPIC-PRT,Partners (`partner-svc`),05-fds/domain-25-partner-management.md#bfr-prt-010,POST /api/admin/v1/partners/{id}/offboard,partner.status = OFFBOARDED; no deletion anywhere.,US-PRT-010,TC-PRT-010-5,Positive functional,Customers with live products informed per the wind-down plan,NOT_EXECUTED,,
BFR-ADM-001,P1,Admin portal shall require strong authentication.,MFA enforced for privileged users.,Administration portal,EPIC-ADM,Admin BFF over all contexts,05-fds/domain-26-administration-portal.md#bfr-adm-001,(no new endpoint) /api/admin/v1/** requires an authenticated staff session with an MFA claim.,staff credentials and MFA enrolment in auth-svc.,US-ADM-001,TC-ADM-001-1,Positive functional,MFA required and enforced for admin access,NOT_EXECUTED,,
BFR-ADM-001,P1,Admin portal shall require strong authentication.,MFA enforced for privileged users.,Administration portal,EPIC-ADM,Admin BFF over all contexts,05-fds/domain-26-administration-portal.md#bfr-adm-001,(no new endpoint) /api/admin/v1/** requires an authenticated staff session with an MFA claim.,staff credentials and MFA enrolment in auth-svc.,US-ADM-001,TC-ADM-001-2,Negative functional,MFA cannot be disabled by the user,NOT_EXECUTED,,
BFR-ADM-001,P1,Admin portal shall require strong authentication.,MFA enforced for privileged users.,Administration portal,EPIC-ADM,Admin BFF over all contexts,05-fds/domain-26-administration-portal.md#bfr-adm-001,(no new endpoint) /api/admin/v1/** requires an authenticated staff session with an MFA claim.,staff credentials and MFA enrolment in auth-svc.,US-ADM-001,TC-ADM-001-3,Security,Stale MFA blocks sensitive areas,NOT_EXECUTED,,
BFR-ADM-001,P1,Admin portal shall require strong authentication.,MFA enforced for privileged users.,Administration portal,EPIC-ADM,Admin BFF over all contexts,05-fds/domain-26-administration-portal.md#bfr-adm-001,(no new endpoint) /api/admin/v1/** requires an authenticated staff session with an MFA claim.,staff credentials and MFA enrolment in auth-svc.,US-ADM-001,TC-ADM-001-4,Security,Repeated failures lock out and alert,NOT_EXECUTED,,
BFR-ADM-001,P1,Admin portal shall require strong authentication.,MFA enforced for privileged users.,Administration portal,EPIC-ADM,Admin BFF over all contexts,05-fds/domain-26-administration-portal.md#bfr-adm-001,(no new endpoint) /api/admin/v1/** requires an authenticated staff session with an MFA claim.,staff credentials and MFA enrolment in auth-svc.,US-ADM-001,TC-ADM-001-5,Audit verification,All admin authentication audited,NOT_EXECUTED,,
BFR-ADM-002,P2,Admin dashboard shall display operational KPIs.,"Current transaction, failure and case indicators available.",Administration portal,EPIC-ADM,Admin BFF over all contexts,05-fds/domain-26-administration-portal.md#bfr-adm-002,GET /api/admin/v1/dashboard,reporting read models.,US-ADM-002,TC-ADM-002-1,Positive functional,Indicators available with as-at times,NOT_EXECUTED,,
BFR-ADM-002,P2,Admin dashboard shall display operational KPIs.,"Current transaction, failure and case indicators available.",Administration portal,EPIC-ADM,Admin BFF over all contexts,05-fds/domain-26-administration-portal.md#bfr-adm-002,GET /api/admin/v1/dashboard,reporting read models.,US-ADM-002,TC-ADM-002-2,Permissions,Drill-through respects role permissions,NOT_EXECUTED,,
BFR-ADM-002,P2,Admin dashboard shall display operational KPIs.,"Current transaction, failure and case indicators available.",Administration portal,EPIC-ADM,Admin BFF over all contexts,05-fds/domain-26-administration-portal.md#bfr-adm-002,GET /api/admin/v1/dashboard,reporting read models.,US-ADM-002,TC-ADM-002-3,Negative functional,No direct operational-table queries,NOT_EXECUTED,,
BFR-ADM-002,P2,Admin dashboard shall display operational KPIs.,"Current transaction, failure and case indicators available.",Administration portal,EPIC-ADM,Admin BFF over all contexts,05-fds/domain-26-administration-portal.md#bfr-adm-002,GET /api/admin/v1/dashboard,reporting read models.,US-ADM-002,TC-ADM-002-4,Positive functional,"Projection lag visible, not hidden",NOT_EXECUTED,,
BFR-ADM-003,P1,Authorised staff shall search customers.,Search is role-limited and audited.,Administration portal,EPIC-ADM,Admin BFF over all contexts,05-fds/domain-26-administration-portal.md#bfr-adm-003,GET /api/admin/v1/customers?q=,search over customer; every access written to audit_event.,US-ADM-003,TC-ADM-003-1,Positive functional,Authorised search returns masked results,NOT_EXECUTED,,
BFR-ADM-003,P1,Authorised staff shall search customers.,Search is role-limited and audited.,Administration portal,EPIC-ADM,Admin BFF over all contexts,05-fds/domain-26-administration-portal.md#bfr-adm-003,GET /api/admin/v1/customers?q=,search over customer; every access written to audit_event.,US-ADM-003,TC-ADM-003-2,Audit verification,"Searches audited, including empty ones",NOT_EXECUTED,,
BFR-ADM-003,P1,Authorised staff shall search customers.,Search is role-limited and audited.,Administration portal,EPIC-ADM,Admin BFF over all contexts,05-fds/domain-26-administration-portal.md#bfr-adm-003,GET /api/admin/v1/customers?q=,search over customer; every access written to audit_event.,US-ADM-003,TC-ADM-003-3,Negative functional,Broad enumeration unavailable,NOT_EXECUTED,,
BFR-ADM-003,P1,Authorised staff shall search customers.,Search is role-limited and audited.,Administration portal,EPIC-ADM,Admin BFF over all contexts,05-fds/domain-26-administration-portal.md#bfr-adm-003,GET /api/admin/v1/customers?q=,search over customer; every access written to audit_event.,US-ADM-003,TC-ADM-003-4,Security,Excessive search volume alerts,NOT_EXECUTED,,
BFR-ADM-003,P1,Authorised staff shall search customers.,Search is role-limited and audited.,Administration portal,EPIC-ADM,Admin BFF over all contexts,05-fds/domain-26-administration-portal.md#bfr-adm-003,GET /api/admin/v1/customers?q=,search over customer; every access written to audit_event.,US-ADM-003,TC-ADM-003-5,Permissions,Unauthorised role cannot search,NOT_EXECUTED,,
BFR-ADM-004,P1,Sensitive data shall be masked based on role.,Lower privilege role cannot view full protected values.,Administration portal,EPIC-ADM,Admin BFF over all contexts,05-fds/domain-26-administration-portal.md#bfr-adm-004,POST /api/admin/v1/customers/{id}/reveal,masking policy in configuration; audit_event for reveals.,US-ADM-004,TC-ADM-004-1,Permissions,Lower-privilege role sees masked values only,NOT_EXECUTED,,
BFR-ADM-004,P1,Sensitive data shall be masked based on role.,Lower privilege role cannot view full protected values.,Administration portal,EPIC-ADM,Admin BFF over all contexts,05-fds/domain-26-administration-portal.md#bfr-adm-004,POST /api/admin/v1/customers/{id}/reveal,masking policy in configuration; audit_event for reveals.,US-ADM-004,TC-ADM-004-2,Security,Unmasked value never leaves the service for that role,NOT_EXECUTED,,
BFR-ADM-004,P1,Sensitive data shall be masked based on role.,Lower privilege role cannot view full protected values.,Administration portal,EPIC-ADM,Admin BFF over all contexts,05-fds/domain-26-administration-portal.md#bfr-adm-004,POST /api/admin/v1/customers/{id}/reveal,masking policy in configuration; audit_event for reveals.,US-ADM-004,TC-ADM-004-3,Security,"Masked in logs, events, exports and errors",NOT_EXECUTED,,
BFR-ADM-004,P1,Sensitive data shall be masked based on role.,Lower privilege role cannot view full protected values.,Administration portal,EPIC-ADM,Admin BFF over all contexts,05-fds/domain-26-administration-portal.md#bfr-adm-004,POST /api/admin/v1/customers/{id}/reveal,masking policy in configuration; audit_event for reveals.,US-ADM-004,TC-ADM-004-4,Audit verification,Reveal audited with reason,NOT_EXECUTED,,
BFR-ADM-004,P1,Sensitive data shall be masked based on role.,Lower privilege role cannot view full protected values.,Administration portal,EPIC-ADM,Admin BFF over all contexts,05-fds/domain-26-administration-portal.md#bfr-adm-004,POST /api/admin/v1/customers/{id}/reveal,masking policy in configuration; audit_event for reveals.,US-ADM-004,TC-ADM-004-5,Negative functional,Reveal without a reason refused,NOT_EXECUTED,,
BFR-ADM-005,P1,Admin shall view transaction lifecycle.,Status history and references displayed.,Administration portal,EPIC-ADM,Admin BFF over all contexts,05-fds/domain-26-administration-portal.md#bfr-adm-005,GET /api/admin/v1/transactions/{id},"joins across payment/transfer, status history, journal, case, complaint.",US-ADM-005,TC-ADM-005-1,Positive functional,Full lifecycle with references displayed,NOT_EXECUTED,,
BFR-ADM-005,P1,Admin shall view transaction lifecycle.,Status history and references displayed.,Administration portal,EPIC-ADM,Admin BFF over all contexts,05-fds/domain-26-administration-portal.md#bfr-adm-005,GET /api/admin/v1/transactions/{id},"joins across payment/transfer, status history, journal, case, complaint.",US-ADM-005,TC-ADM-005-2,Security,View is read-only,NOT_EXECUTED,,
BFR-ADM-005,P1,Admin shall view transaction lifecycle.,Status history and references displayed.,Administration portal,EPIC-ADM,Admin BFF over all contexts,05-fds/domain-26-administration-portal.md#bfr-adm-005,GET /api/admin/v1/transactions/{id},"joins across payment/transfer, status history, journal, case, complaint.",US-ADM-005,TC-ADM-005-3,Permissions,Risk detail hidden from non-fraud roles,NOT_EXECUTED,,
BFR-ADM-005,P1,Admin shall view transaction lifecycle.,Status history and references displayed.,Administration portal,EPIC-ADM,Admin BFF over all contexts,05-fds/domain-26-administration-portal.md#bfr-adm-005,GET /api/admin/v1/transactions/{id},"joins across payment/transfer, status history, journal, case, complaint.",US-ADM-005,TC-ADM-005-4,Positive functional,State matches what the customer sees,NOT_EXECUTED,,
BFR-ADM-005,P1,Admin shall view transaction lifecycle.,Status history and references displayed.,Administration portal,EPIC-ADM,Admin BFF over all contexts,05-fds/domain-26-administration-portal.md#bfr-adm-005,GET /api/admin/v1/transactions/{id},"joins across payment/transfer, status history, journal, case, complaint.",US-ADM-005,TC-ADM-005-5,Audit verification,Views audited,NOT_EXECUTED,,
BFR-ADM-006,P1,Admin shall not directly alter posted ledger records.,No normal UI operation edits posted ledger entry.,Administration portal,EPIC-ADM,Admin BFF over all contexts,05-fds/domain-26-administration-portal.md#bfr-adm-006,POST /api/admin/v1/ledger/reversal-requests,ledger grants exclude UPDATE/DELETE for the application role (LED-002).,US-ADM-006,TC-ADM-006-1,Security,No admin route mutates a posted journal (route inventory test),NOT_EXECUTED,,
BFR-ADM-006,P1,Admin shall not directly alter posted ledger records.,No normal UI operation edits posted ledger entry.,Administration portal,EPIC-ADM,Admin BFF over all contexts,05-fds/domain-26-administration-portal.md#bfr-adm-006,POST /api/admin/v1/ledger/reversal-requests,ledger grants exclude UPDATE/DELETE for the application role (LED-002).,US-ADM-006,TC-ADM-006-2,Security,Database denies the attempt,NOT_EXECUTED,,
BFR-ADM-006,P1,Admin shall not directly alter posted ledger records.,No normal UI operation edits posted ledger entry.,Administration portal,EPIC-ADM,Admin BFF over all contexts,05-fds/domain-26-administration-portal.md#bfr-adm-006,POST /api/admin/v1/ledger/reversal-requests,ledger grants exclude UPDATE/DELETE for the application role (LED-002).,US-ADM-006,TC-ADM-006-3,Positive functional,Correction only via approved reversal,NOT_EXECUTED,,
BFR-ADM-006,P1,Admin shall not directly alter posted ledger records.,No normal UI operation edits posted ledger entry.,Administration portal,EPIC-ADM,Admin BFF over all contexts,05-fds/domain-26-administration-portal.md#bfr-adm-006,POST /api/admin/v1/ledger/reversal-requests,ledger grants exclude UPDATE/DELETE for the application role (LED-002).,US-ADM-006,TC-ADM-006-4,Audit verification,Attempt raises a security event,NOT_EXECUTED,,
BFR-ADM-007,P1,Controlled customer restriction shall be supported.,Authorised role can restrict account with reason.,Administration portal,EPIC-ADM,Admin BFF over all contexts,05-fds/domain-26-administration-portal.md#bfr-adm-007,POST /api/admin/v1/customers/{id}/restrict,"customer.status, customer_status_history",US-ADM-007,TC-ADM-007-1,Positive functional,Restriction applied with type and reason,NOT_EXECUTED,,
BFR-ADM-007,P1,Controlled customer restriction shall be supported.,Authorised role can restrict account with reason.,Administration portal,EPIC-ADM,Admin BFF over all contexts,05-fds/domain-26-administration-portal.md#bfr-adm-007,POST /api/admin/v1/customers/{id}/restrict,"customer.status, customer_status_history",US-ADM-007,TC-ADM-007-2,Negative functional,Restriction without reason refused,NOT_EXECUTED,,
BFR-ADM-007,P1,Controlled customer restriction shall be supported.,Authorised role can restrict account with reason.,Administration portal,EPIC-ADM,Admin BFF over all contexts,05-fds/domain-26-administration-portal.md#bfr-adm-007,POST /api/admin/v1/customers/{id}/restrict,"customer.status, customer_status_history",US-ADM-007,TC-ADM-007-3,Positive functional,Customer can still complain and see their records,NOT_EXECUTED,,
BFR-ADM-007,P1,Controlled customer restriction shall be supported.,Authorised role can restrict account with reason.,Administration portal,EPIC-ADM,Admin BFF over all contexts,05-fds/domain-26-administration-portal.md#bfr-adm-007,POST /api/admin/v1/customers/{id}/restrict,"customer.status, customer_status_history",US-ADM-007,TC-ADM-007-4,Positive functional,Overdue review escalates,NOT_EXECUTED,,
BFR-ADM-007,P1,Controlled customer restriction shall be supported.,Authorised role can restrict account with reason.,Administration portal,EPIC-ADM,Admin BFF over all contexts,05-fds/domain-26-administration-portal.md#bfr-adm-007,POST /api/admin/v1/customers/{id}/restrict,"customer.status, customer_status_history",US-ADM-007,TC-ADM-007-5,Permissions,Removal requires equal or higher authority,NOT_EXECUTED,,
BFR-ADM-008,P1,Manual overrides shall require reason.,Override cannot complete without documented justification.,Administration portal,EPIC-ADM,Admin BFF over all contexts,05-fds/domain-26-administration-portal.md#bfr-adm-008,(no new endpoint) every override endpoint requires a non-empty reason; the field is validated server-side.,audit_event.reason non-null for override actions.,US-ADM-008,TC-ADM-008-1,Negative functional,Override without a reason refused server-side,NOT_EXECUTED,,
BFR-ADM-008,P1,Manual overrides shall require reason.,Override cannot complete without documented justification.,Administration portal,EPIC-ADM,Admin BFF over all contexts,05-fds/domain-26-administration-portal.md#bfr-adm-008,(no new endpoint) every override endpoint requires a non-empty reason; the field is validated server-side.,audit_event.reason non-null for override actions.,US-ADM-008,TC-ADM-008-2,Negative functional,Placeholder reason text rejected,NOT_EXECUTED,,
BFR-ADM-008,P1,Manual overrides shall require reason.,Override cannot complete without documented justification.,Administration portal,EPIC-ADM,Admin BFF over all contexts,05-fds/domain-26-administration-portal.md#bfr-adm-008,(no new endpoint) every override endpoint requires a non-empty reason; the field is validated server-side.,audit_event.reason non-null for override actions.,US-ADM-008,TC-ADM-008-3,Audit verification,Override audited with before/after,NOT_EXECUTED,,
BFR-ADM-008,P1,Manual overrides shall require reason.,Override cannot complete without documented justification.,Administration portal,EPIC-ADM,Admin BFF over all contexts,05-fds/domain-26-administration-portal.md#bfr-adm-008,(no new endpoint) every override endpoint requires a non-empty reason; the field is validated server-side.,audit_event.reason non-null for override actions.,US-ADM-008,TC-ADM-008-4,Security,Override spike alerts,NOT_EXECUTED,,
BFR-ADM-009,P1,High-risk overrides shall support dual approval.,Configured action requires independent second approver.,Administration portal,EPIC-ADM,Admin BFF over all contexts,05-fds/domain-26-administration-portal.md#bfr-adm-009,POST /api/admin/v1/approvals/{id}/approve,"approval_request(action, payload, requester_id, approver_id, status); **CHECK approver_id <> requester_id**",US-ADM-009,TC-ADM-009-1,Positive functional,Second approver executes the action,NOT_EXECUTED,,
BFR-ADM-009,P1,High-risk overrides shall support dual approval.,Configured action requires independent second approver.,Administration portal,EPIC-ADM,Admin BFF over all contexts,05-fds/domain-26-administration-portal.md#bfr-adm-009,POST /api/admin/v1/approvals/{id}/approve,"approval_request(action, payload, requester_id, approver_id, status); **CHECK approver_id <> requester_id**",US-ADM-009,TC-ADM-009-2,Negative functional,Self-approval refused at application and database,NOT_EXECUTED,,
BFR-ADM-009,P1,High-risk overrides shall support dual approval.,Configured action requires independent second approver.,Administration portal,EPIC-ADM,Admin BFF over all contexts,05-fds/domain-26-administration-portal.md#bfr-adm-009,POST /api/admin/v1/approvals/{id}/approve,"approval_request(action, payload, requester_id, approver_id, status); **CHECK approver_id <> requester_id**",US-ADM-009,TC-ADM-009-3,Negative functional,Payload change after approval blocks execution,NOT_EXECUTED,,
BFR-ADM-009,P1,High-risk overrides shall support dual approval.,Configured action requires independent second approver.,Administration portal,EPIC-ADM,Admin BFF over all contexts,05-fds/domain-26-administration-portal.md#bfr-adm-009,POST /api/admin/v1/approvals/{id}/approve,"approval_request(action, payload, requester_id, approver_id, status); **CHECK approver_id <> requester_id**",US-ADM-009,TC-ADM-009-4,Positive functional,Unapproved request expires,NOT_EXECUTED,,
BFR-ADM-009,P1,High-risk overrides shall support dual approval.,Configured action requires independent second approver.,Administration portal,EPIC-ADM,Admin BFF over all contexts,05-fds/domain-26-administration-portal.md#bfr-adm-009,POST /api/admin/v1/approvals/{id}/approve,"approval_request(action, payload, requester_id, approver_id, status); **CHECK approver_id <> requester_id**",US-ADM-009,TC-ADM-009-5,Audit verification,Full approval trail audited,NOT_EXECUTED,,
BFR-ADM-010,P1,All admin actions shall be audited.,"Actor, action, target, before/after and timestamp available where relevant.",Administration portal,EPIC-ADM,Admin BFF over all contexts,05-fds/domain-26-administration-portal.md#bfr-adm-010,GET /api/admin/v1/audit?actor=&target=&from=&to=; POST /api/admin/v1/audit/export,"audit_event, append-only and hash-chained.",US-ADM-010,TC-ADM-010-1,Audit verification,Every admin action produces a complete audit record,NOT_EXECUTED,,
BFR-ADM-010,P1,All admin actions shall be audited.,"Actor, action, target, before/after and timestamp available where relevant.",Administration portal,EPIC-ADM,Admin BFF over all contexts,05-fds/domain-26-administration-portal.md#bfr-adm-010,GET /api/admin/v1/audit?actor=&target=&from=&to=; POST /api/admin/v1/audit/export,"audit_event, append-only and hash-chained.",US-ADM-010,TC-ADM-010-2,Audit verification,Sensitive reads audited too,NOT_EXECUTED,,
BFR-ADM-010,P1,All admin actions shall be audited.,"Actor, action, target, before/after and timestamp available where relevant.",Administration portal,EPIC-ADM,Admin BFF over all contexts,05-fds/domain-26-administration-portal.md#bfr-adm-010,GET /api/admin/v1/audit?actor=&target=&from=&to=; POST /api/admin/v1/audit/export,"audit_event, append-only and hash-chained.",US-ADM-010,TC-ADM-010-3,Security,Audit records cannot be modified or deleted,NOT_EXECUTED,,
BFR-ADM-010,P1,All admin actions shall be audited.,"Actor, action, target, before/after and timestamp available where relevant.",Administration portal,EPIC-ADM,Admin BFF over all contexts,05-fds/domain-26-administration-portal.md#bfr-adm-010,GET /api/admin/v1/audit?actor=&target=&from=&to=; POST /api/admin/v1/audit/export,"audit_event, append-only and hash-chained.",US-ADM-010,TC-ADM-010-4,Security,Hash chain detects tampering,NOT_EXECUTED,,
BFR-ADM-010,P1,All admin actions shall be audited.,"Actor, action, target, before/after and timestamp available where relevant.",Administration portal,EPIC-ADM,Admin BFF over all contexts,05-fds/domain-26-administration-portal.md#bfr-adm-010,GET /api/admin/v1/audit?actor=&target=&from=&to=; POST /api/admin/v1/audit/export,"audit_event, append-only and hash-chained.",US-ADM-010,TC-ADM-010-5,Error handling,Audit write failure rolls back the action,NOT_EXECUTED,,
BFR-ADM-010,P1,All admin actions shall be audited.,"Actor, action, target, before/after and timestamp available where relevant.",Administration portal,EPIC-ADM,Admin BFF over all contexts,05-fds/domain-26-administration-portal.md#bfr-adm-010,GET /api/admin/v1/audit?actor=&target=&from=&to=; POST /api/admin/v1/audit/export,"audit_event, append-only and hash-chained.",US-ADM-010,TC-ADM-010-6,Security,Export audited and volume-alerted,NOT_EXECUTED,,
BFR-NOT-001,P1,Platform shall support SMS notifications.,Valid message can be delivered through configured provider.,Notifications,EPIC-NOT,Notification (`notification-svc`),05-fds/domain-27-notifications.md#bfr-not-001,GET /api/admin/v1/notifications?customer_id=,"notification(channel = SMS, template_id, rendered_body_ref, provider_message_id, status)",US-NOT-001,TC-NOT-001-1,Positive functional,SMS delivered through the configured provider,NOT_EXECUTED,,
BFR-NOT-001,P1,Platform shall support SMS notifications.,Valid message can be delivered through configured provider.,Notifications,EPIC-NOT,Notification (`notification-svc`),05-fds/domain-27-notifications.md#bfr-not-001,GET /api/admin/v1/notifications?customer_id=,"notification(channel = SMS, template_id, rendered_body_ref, provider_message_id, status)",US-NOT-001,TC-NOT-001-2,Security,No sensitive detail in the message body,NOT_EXECUTED,,
BFR-NOT-001,P1,Platform shall support SMS notifications.,Valid message can be delivered through configured provider.,Notifications,EPIC-NOT,Notification (`notification-svc`),05-fds/domain-27-notifications.md#bfr-not-001,GET /api/admin/v1/notifications?customer_id=,"notification(channel = SMS, template_id, rendered_body_ref, provider_message_id, status)",US-NOT-001,TC-NOT-001-3,Positive functional,Message rendered in the recipient's language,NOT_EXECUTED,,
BFR-NOT-001,P1,Platform shall support SMS notifications.,Valid message can be delivered through configured provider.,Notifications,EPIC-NOT,Notification (`notification-svc`),05-fds/domain-27-notifications.md#bfr-not-001,GET /api/admin/v1/notifications?customer_id=,"notification(channel = SMS, template_id, rendered_body_ref, provider_message_id, status)",US-NOT-001,TC-NOT-001-4,Error handling,Provider failure retried and alerted,NOT_EXECUTED,,
BFR-NOT-001,P1,Platform shall support SMS notifications.,Valid message can be delivered through configured provider.,Notifications,EPIC-NOT,Notification (`notification-svc`),05-fds/domain-27-notifications.md#bfr-not-001,GET /api/admin/v1/notifications?customer_id=,"notification(channel = SMS, template_id, rendered_body_ref, provider_message_id, status)",US-NOT-001,TC-NOT-001-5,Positive functional,Critical content never truncated,NOT_EXECUTED,,
BFR-NOT-002,P2,Platform shall support push notifications.,Registered mobile device can receive push message.,Notifications,EPIC-NOT,Notification (`notification-svc`),05-fds/domain-27-notifications.md#bfr-not-002,POST /api/v1/devices/{id}/push-token,"device.push_token_handle, notification(channel = PUSH)",US-NOT-002,TC-NOT-002-1,Positive functional,Push delivered to a registered device,NOT_EXECUTED,,
BFR-NOT-002,P2,Platform shall support push notifications.,Registered mobile device can receive push message.,Notifications,EPIC-NOT,Notification (`notification-svc`),05-fds/domain-27-notifications.md#bfr-not-002,POST /api/v1/devices/{id}/push-token,"device.push_token_handle, notification(channel = PUSH)",US-NOT-002,TC-NOT-002-2,Security,No sensitive detail in the push body,NOT_EXECUTED,,
BFR-NOT-002,P2,Platform shall support push notifications.,Registered mobile device can receive push message.,Notifications,EPIC-NOT,Notification (`notification-svc`),05-fds/domain-27-notifications.md#bfr-not-002,POST /api/v1/devices/{id}/push-token,"device.push_token_handle, notification(channel = PUSH)",US-NOT-002,TC-NOT-002-3,Positive functional,Critical notice falls back to SMS,NOT_EXECUTED,,
BFR-NOT-002,P2,Platform shall support push notifications.,Registered mobile device can receive push message.,Notifications,EPIC-NOT,Notification (`notification-svc`),05-fds/domain-27-notifications.md#bfr-not-002,POST /api/v1/devices/{id}/push-token,"device.push_token_handle, notification(channel = PUSH)",US-NOT-002,TC-NOT-002-4,Positive functional,Device removal revokes the push token,NOT_EXECUTED,,
BFR-NOT-003,P2,Platform shall support email notifications where email exists.,Email delivery is attempted and logged.,Notifications,EPIC-NOT,Notification (`notification-svc`),05-fds/domain-27-notifications.md#bfr-not-003,(no new endpoint) internal.,notification(channel = EMAIL),US-NOT-003,TC-NOT-003-1,Positive functional,Email sent where an address exists,NOT_EXECUTED,,
BFR-NOT-003,P2,Platform shall support email notifications where email exists.,Email delivery is attempted and logged.,Notifications,EPIC-NOT,Notification (`notification-svc`),05-fds/domain-27-notifications.md#bfr-not-003,(no new endpoint) internal.,notification(channel = EMAIL),US-NOT-003,TC-NOT-003-2,Positive functional,Absent email skipped cleanly,NOT_EXECUTED,,
BFR-NOT-003,P2,Platform shall support email notifications where email exists.,Email delivery is attempted and logged.,Notifications,EPIC-NOT,Notification (`notification-svc`),05-fds/domain-27-notifications.md#bfr-not-003,(no new endpoint) internal.,notification(channel = EMAIL),US-NOT-003,TC-NOT-003-3,Negative functional,Email never the sole channel for a critical notice,NOT_EXECUTED,,
BFR-NOT-003,P2,Platform shall support email notifications where email exists.,Email delivery is attempted and logged.,Notifications,EPIC-NOT,Notification (`notification-svc`),05-fds/domain-27-notifications.md#bfr-not-003,(no new endpoint) internal.,notification(channel = EMAIL),US-NOT-003,TC-NOT-003-4,Positive functional,Bounce recorded and address flagged,NOT_EXECUTED,,
BFR-NOT-004,P2,Notification templates shall be configurable.,Content changes do not require code deployment.,Notifications,EPIC-NOT,Notification (`notification-svc`),05-fds/domain-27-notifications.md#bfr-not-004,POST /api/admin/v1/templates; POST .../activate,"template(type, channel, language, body, version, status)",US-NOT-004,TC-NOT-004-1,Positive functional,Content change applies without deployment,NOT_EXECUTED,,
BFR-NOT-004,P2,Notification templates shall be configurable.,Content changes do not require code deployment.,Notifications,EPIC-NOT,Notification (`notification-svc`),05-fds/domain-27-notifications.md#bfr-not-004,POST /api/admin/v1/templates; POST .../activate,"template(type, channel, language, body, version, status)",US-NOT-004,TC-NOT-004-2,Negative functional,Activation blocked without all language variants or a recorded fallback,NOT_EXECUTED,,
BFR-NOT-004,P2,Notification templates shall be configurable.,Content changes do not require code deployment.,Notifications,EPIC-NOT,Notification (`notification-svc`),05-fds/domain-27-notifications.md#bfr-not-004,POST /api/admin/v1/templates; POST .../activate,"template(type, channel, language, body, version, status)",US-NOT-004,TC-NOT-004-3,Security,Arbitrary expressions rejected in templates,NOT_EXECUTED,,
BFR-NOT-004,P2,Notification templates shall be configurable.,Content changes do not require code deployment.,Notifications,EPIC-NOT,Notification (`notification-svc`),05-fds/domain-27-notifications.md#bfr-not-004,POST /api/admin/v1/templates; POST .../activate,"template(type, channel, language, body, version, status)",US-NOT-004,TC-NOT-004-4,Error handling,Missing placeholder never sends a blank,NOT_EXECUTED,,
BFR-NOT-004,P2,Notification templates shall be configurable.,Content changes do not require code deployment.,Notifications,EPIC-NOT,Notification (`notification-svc`),05-fds/domain-27-notifications.md#bfr-not-004,POST /api/admin/v1/templates; POST .../activate,"template(type, channel, language, body, version, status)",US-NOT-004,TC-NOT-004-5,Positive functional,Template version recorded per notification,NOT_EXECUTED,,
BFR-NOT-005,P1,Mandatory security notifications shall not be suppressible.,User preference cannot disable critical security notices.,Notifications,EPIC-NOT,Notification (`notification-svc`),05-fds/domain-27-notifications.md#bfr-not-005,(no new endpoint) preference updates silently ignore attempts to disable SECURITY types and return the effective state.,"template.notification_class, notification_preference",US-NOT-005,TC-NOT-005-1,Negative functional,Security notification sent despite a disabling preference,NOT_EXECUTED,,
BFR-NOT-005,P1,Mandatory security notifications shall not be suppressible.,User preference cannot disable critical security notices.,Notifications,EPIC-NOT,Notification (`notification-svc`),05-fds/domain-27-notifications.md#bfr-not-005,(no new endpoint) preference updates silently ignore attempts to disable SECURITY types and return the effective state.,"template.notification_class, notification_preference",US-NOT-005,TC-NOT-005-2,Security,Dispatcher does not consult preferences for SECURITY class,NOT_EXECUTED,,
BFR-NOT-005,P1,Mandatory security notifications shall not be suppressible.,User preference cannot disable critical security notices.,Notifications,EPIC-NOT,Notification (`notification-svc`),05-fds/domain-27-notifications.md#bfr-not-005,(no new endpoint) preference updates silently ignore attempts to disable SECURITY types and return the effective state.,"template.notification_class, notification_preference",US-NOT-005,TC-NOT-005-3,Positive functional,Contact change notifies the previous contact point too,NOT_EXECUTED,,
BFR-NOT-005,P1,Mandatory security notifications shall not be suppressible.,User preference cannot disable critical security notices.,Notifications,EPIC-NOT,Notification (`notification-svc`),05-fds/domain-27-notifications.md#bfr-not-005,(no new endpoint) preference updates silently ignore attempts to disable SECURITY types and return the effective state.,"template.notification_class, notification_preference",US-NOT-005,TC-NOT-005-4,Audit verification,Classification changes approved and audited,NOT_EXECUTED,,
BFR-NOT-006,P1,Marketing preferences shall be separate from service messages.,Opt-out does not prevent operational notices.,Notifications,EPIC-NOT,Notification (`notification-svc`),05-fds/domain-27-notifications.md#bfr-not-006,PUT /api/v1/notification-preferences,notification_preference per class; marketing consent in consent.,US-NOT-006,TC-NOT-006-1,Positive functional,Marketing opt-out stops marketing only,NOT_EXECUTED,,
BFR-NOT-006,P1,Marketing preferences shall be separate from service messages.,Opt-out does not prevent operational notices.,Notifications,EPIC-NOT,Notification (`notification-svc`),05-fds/domain-27-notifications.md#bfr-not-006,PUT /api/v1/notification-preferences,notification_preference per class; marketing consent in consent.,US-NOT-006,TC-NOT-006-2,Positive functional,Service notices continue after opt-out,NOT_EXECUTED,,
BFR-NOT-006,P1,Marketing preferences shall be separate from service messages.,Opt-out does not prevent operational notices.,Notifications,EPIC-NOT,Notification (`notification-svc`),05-fds/domain-27-notifications.md#bfr-not-006,PUT /api/v1/notification-preferences,notification_preference per class; marketing consent in consent.,US-NOT-006,TC-NOT-006-3,Negative functional,Marketing without consent blocked at dispatch,NOT_EXECUTED,,
BFR-NOT-006,P1,Marketing preferences shall be separate from service messages.,Opt-out does not prevent operational notices.,Notifications,EPIC-NOT,Notification (`notification-svc`),05-fds/domain-27-notifications.md#bfr-not-006,PUT /api/v1/notification-preferences,notification_preference per class; marketing consent in consent.,US-NOT-006,TC-NOT-006-4,Positive functional,Opt-out effective immediately,NOT_EXECUTED,,
BFR-NOT-007,P1,Payment completion shall trigger confirmation.,Customer receives configured confirmation after authoritative completion.,Notifications,EPIC-NOT,Notification (`notification-svc`),05-fds/domain-27-notifications.md#bfr-not-007,"(no new endpoint) internal, event-driven.",notification linked to the payment.,US-NOT-007,TC-NOT-007-1,Positive functional,Confirmation sent after authoritative completion,NOT_EXECUTED,,
BFR-NOT-007,P1,Payment completion shall trigger confirmation.,Customer receives configured confirmation after authoritative completion.,Notifications,EPIC-NOT,Notification (`notification-svc`),05-fds/domain-27-notifications.md#bfr-not-007,"(no new endpoint) internal, event-driven.",notification linked to the payment.,US-NOT-007,TC-NOT-007-2,Negative functional,No confirmation on submission or on failure,NOT_EXECUTED,,
BFR-NOT-007,P1,Payment completion shall trigger confirmation.,Customer receives configured confirmation after authoritative completion.,Notifications,EPIC-NOT,Notification (`notification-svc`),05-fds/domain-27-notifications.md#bfr-not-007,"(no new endpoint) internal, event-driven.",notification linked to the payment.,US-NOT-007,TC-NOT-007-3,Idempotency,Event replay does not send twice,NOT_EXECUTED,,
BFR-NOT-007,P1,Payment completion shall trigger confirmation.,Customer receives configured confirmation after authoritative completion.,Notifications,EPIC-NOT,Notification (`notification-svc`),05-fds/domain-27-notifications.md#bfr-not-007,"(no new endpoint) internal, event-driven.",notification linked to the payment.,US-NOT-007,TC-NOT-007-4,Positive functional,Confirmation carries the receipt reference,NOT_EXECUTED,,
BFR-NOT-008,P1,Failed transfers shall trigger notification.,Customer informed promptly after failure determination.,Notifications,EPIC-NOT,Notification (`notification-svc`),05-fds/domain-27-notifications.md#bfr-not-008,"(no new endpoint) internal, event-driven.",notification linked to the failed transaction.,US-NOT-008,TC-NOT-008-1,Positive functional,Notification sent on failure determination,NOT_EXECUTED,,
BFR-NOT-008,P1,Failed transfers shall trigger notification.,Customer informed promptly after failure determination.,Notifications,EPIC-NOT,Notification (`notification-svc`),05-fds/domain-27-notifications.md#bfr-not-008,"(no new endpoint) internal, event-driven.",notification linked to the failed transaction.,US-NOT-008,TC-NOT-008-2,Negative functional,Not sent on a retryable in-progress error,NOT_EXECUTED,,
BFR-NOT-008,P1,Failed transfers shall trigger notification.,Customer informed promptly after failure determination.,Notifications,EPIC-NOT,Notification (`notification-svc`),05-fds/domain-27-notifications.md#bfr-not-008,"(no new endpoint) internal, event-driven.",notification linked to the failed transaction.,US-NOT-008,TC-NOT-008-3,Positive functional,"Reason in plain language, not a provider code",NOT_EXECUTED,,
BFR-NOT-008,P1,Failed transfers shall trigger notification.,Customer informed promptly after failure determination.,Notifications,EPIC-NOT,Notification (`notification-svc`),05-fds/domain-27-notifications.md#bfr-not-008,"(no new endpoint) internal, event-driven.",notification linked to the failed transaction.,US-NOT-008,TC-NOT-008-4,Positive functional,Fund status stated,NOT_EXECUTED,,
BFR-NOT-008,P1,Failed transfers shall trigger notification.,Customer informed promptly after failure determination.,Notifications,EPIC-NOT,Notification (`notification-svc`),05-fds/domain-27-notifications.md#bfr-not-008,"(no new endpoint) internal, event-driven.",notification linked to the failed transaction.,US-NOT-008,TC-NOT-008-5,Positive functional,Recovery milestones also notified,NOT_EXECUTED,,
BFR-NOT-009,P3,Consent expiry may trigger reminder.,Configured notice can be sent before expiration.,Notifications,EPIC-NOT,Notification (`notification-svc`),05-fds/domain-27-notifications.md#bfr-not-009,POST /api/v1/consents,"consent.expires_at, notification records.",US-NOT-009,TC-NOT-009-1,Positive functional,Reminder sent within the configured window,NOT_EXECUTED,,
BFR-NOT-009,P3,Consent expiry may trigger reminder.,Configured notice can be sent before expiration.,Notifications,EPIC-NOT,Notification (`notification-svc`),05-fds/domain-27-notifications.md#bfr-not-009,POST /api/v1/consents,"consent.expires_at, notification records.",US-NOT-009,TC-NOT-009-2,Negative functional,Consent never auto-renewed,NOT_EXECUTED,,
BFR-NOT-009,P3,Consent expiry may trigger reminder.,Configured notice can be sent before expiration.,Notifications,EPIC-NOT,Notification (`notification-svc`),05-fds/domain-27-notifications.md#bfr-not-009,POST /api/v1/consents,"consent.expires_at, notification records.",US-NOT-009,TC-NOT-009-3,Negative functional,No reminder for a revoked consent,NOT_EXECUTED,,
BFR-NOT-009,P3,Consent expiry may trigger reminder.,Configured notice can be sent before expiration.,Notifications,EPIC-NOT,Notification (`notification-svc`),05-fds/domain-27-notifications.md#bfr-not-009,POST /api/v1/consents,"consent.expires_at, notification records.",US-NOT-009,TC-NOT-009-4,Positive functional,Reminder frequency capped,NOT_EXECUTED,,
BFR-NOT-010,P2,Notification delivery status shall be recorded.,Sent/delivered/failed information retained when provider supplies it.,Notifications,EPIC-NOT,Notification (`notification-svc`),05-fds/domain-27-notifications.md#bfr-not-010,GET /api/admin/v1/notifications/{id},"notification.status, delivery_receipt",US-NOT-010,TC-NOT-010-1,Positive functional,Delivery receipt updates the status,NOT_EXECUTED,,
BFR-NOT-010,P2,Notification delivery status shall be recorded.,Sent/delivered/failed information retained when provider supplies it.,Notifications,EPIC-NOT,Notification (`notification-svc`),05-fds/domain-27-notifications.md#bfr-not-010,GET /api/admin/v1/notifications/{id},"notification.status, delivery_receipt",US-NOT-010,TC-NOT-010-2,Negative functional,"No receipt means SENT_UNCONFIRMED, not DELIVERED",NOT_EXECUTED,,
BFR-NOT-010,P2,Notification delivery status shall be recorded.,Sent/delivered/failed information retained when provider supplies it.,Notifications,EPIC-NOT,Notification (`notification-svc`),05-fds/domain-27-notifications.md#bfr-not-010,GET /api/admin/v1/notifications/{id},"notification.status, delivery_receipt",US-NOT-010,TC-NOT-010-3,Positive functional,Failure rates feed provider health,NOT_EXECUTED,,
BFR-NOT-010,P2,Notification delivery status shall be recorded.,Sent/delivered/failed information retained when provider supplies it.,Notifications,EPIC-NOT,Notification (`notification-svc`),05-fds/domain-27-notifications.md#bfr-not-010,GET /api/admin/v1/notifications/{id},"notification.status, delivery_receipt",US-NOT-010,TC-NOT-010-4,Permissions,Notification log access is role-limited and audited,NOT_EXECUTED,,
BFR-RPT-001,P1,Platform shall report total sandbox participants.,Count can be generated by reporting period.,Reporting and sandbox KPI,EPIC-RPT,Reporting (`reporting-svc`),05-fds/domain-28-reporting.md#bfr-rpt-001,POST /api/admin/v1/reports/participants; GET .../reports/{id},participation read model.,US-RPT-001,TC-RPT-001-1,Positive functional,Count generated per period and cohort,NOT_EXECUTED,,
BFR-RPT-001,P1,Platform shall report total sandbox participants.,Count can be generated by reporting period.,Reporting and sandbox KPI,EPIC-RPT,Reporting (`reporting-svc`),05-fds/domain-28-reporting.md#bfr-rpt-001,POST /api/admin/v1/reports/participants; GET .../reports/{id},participation read model.,US-RPT-001,TC-RPT-001-2,Positive functional,Re-run reproduces the same figure,NOT_EXECUTED,,
BFR-RPT-001,P1,Platform shall report total sandbox participants.,Count can be generated by reporting period.,Reporting and sandbox KPI,EPIC-RPT,Reporting (`reporting-svc`),05-fds/domain-28-reporting.md#bfr-rpt-001,POST /api/admin/v1/reports/participants; GET .../reports/{id},participation read model.,US-RPT-001,TC-RPT-001-3,Positive functional,Definition version printed,NOT_EXECUTED,,
BFR-RPT-001,P1,Platform shall report total sandbox participants.,Count can be generated by reporting period.,Reporting and sandbox KPI,EPIC-RPT,Reporting (`reporting-svc`),05-fds/domain-28-reporting.md#bfr-rpt-001,POST /api/admin/v1/reports/participants; GET .../reports/{id},participation read model.,US-RPT-001,TC-RPT-001-4,Audit verification,Generation audited,NOT_EXECUTED,,
BFR-RPT-002,P1,Platform shall report active users.,Activity definition is configurable/documented.,Reporting and sandbox KPI,EPIC-RPT,Reporting (`reporting-svc`),05-fds/domain-28-reporting.md#bfr-rpt-002,POST /api/admin/v1/reports/active-users,activity read model.,US-RPT-002,TC-RPT-002-1,Positive functional,Active users computed per the configured definition,NOT_EXECUTED,,
BFR-RPT-002,P1,Platform shall report active users.,Activity definition is configurable/documented.,Reporting and sandbox KPI,EPIC-RPT,Reporting (`reporting-svc`),05-fds/domain-28-reporting.md#bfr-rpt-002,POST /api/admin/v1/reports/active-users,activity read model.,US-RPT-002,TC-RPT-002-2,Positive functional,Definition version printed,NOT_EXECUTED,,
BFR-RPT-002,P1,Platform shall report active users.,Activity definition is configurable/documented.,Reporting and sandbox KPI,EPIC-RPT,Reporting (`reporting-svc`),05-fds/domain-28-reporting.md#bfr-rpt-002,POST /api/admin/v1/reports/active-users,activity read model.,US-RPT-002,TC-RPT-002-3,Negative functional,Definition change does not silently alter past reports,NOT_EXECUTED,,
BFR-RPT-002,P1,Platform shall report active users.,Activity definition is configurable/documented.,Reporting and sandbox KPI,EPIC-RPT,Reporting (`reporting-svc`),05-fds/domain-28-reporting.md#bfr-rpt-002,POST /api/admin/v1/reports/active-users,activity read model.,US-RPT-002,TC-RPT-002-4,Positive functional,Parallel definitions reportable,NOT_EXECUTED,,
BFR-RPT-003,P1,Platform shall report merchant adoption.,Merchant onboarded/active counts available.,Reporting and sandbox KPI,EPIC-RPT,Reporting (`reporting-svc`),05-fds/domain-28-reporting.md#bfr-rpt-003,POST /api/admin/v1/reports/merchants,merchant read model.,US-RPT-003,TC-RPT-003-1,Positive functional,Onboarded and active counts produced,NOT_EXECUTED,,
BFR-RPT-003,P1,Platform shall report merchant adoption.,Merchant onboarded/active counts available.,Reporting and sandbox KPI,EPIC-RPT,Reporting (`reporting-svc`),05-fds/domain-28-reporting.md#bfr-rpt-003,POST /api/admin/v1/reports/merchants,merchant read model.,US-RPT-003,TC-RPT-003-2,Positive functional,Formal/informal split reported,NOT_EXECUTED,,
BFR-RPT-003,P1,Platform shall report merchant adoption.,Merchant onboarded/active counts available.,Reporting and sandbox KPI,EPIC-RPT,Reporting (`reporting-svc`),05-fds/domain-28-reporting.md#bfr-rpt-003,POST /api/admin/v1/reports/merchants,merchant read model.,US-RPT-003,TC-RPT-003-3,Positive functional,Digital vs self-reported-only merchants distinguishable,NOT_EXECUTED,,
BFR-RPT-003,P1,Platform shall report merchant adoption.,Merchant onboarded/active counts available.,Reporting and sandbox KPI,EPIC-RPT,Reporting (`reporting-svc`),05-fds/domain-28-reporting.md#bfr-rpt-003,POST /api/admin/v1/reports/merchants,merchant read model.,US-RPT-003,TC-RPT-003-4,Positive functional,Reproducible per period,NOT_EXECUTED,,
BFR-RPT-004,P1,Platform shall report Financial Passports created/shared.,Counts available by reporting period.,Reporting and sandbox KPI,EPIC-RPT,Reporting (`reporting-svc`),05-fds/domain-28-reporting.md#bfr-rpt-004,POST /api/admin/v1/reports/passports,Passport read model.,US-RPT-004,TC-RPT-004-1,Positive functional,"Created, shared, accessed and revoked counts produced",NOT_EXECUTED,,
BFR-RPT-004,P1,Platform shall report Financial Passports created/shared.,Counts available by reporting period.,Reporting and sandbox KPI,EPIC-RPT,Reporting (`reporting-svc`),05-fds/domain-28-reporting.md#bfr-rpt-004,POST /api/admin/v1/reports/passports,Passport read model.,US-RPT-004,TC-RPT-004-2,Security,No individual identifiable in a standard report,NOT_EXECUTED,,
BFR-RPT-004,P1,Platform shall report Financial Passports created/shared.,Counts available by reporting period.,Reporting and sandbox KPI,EPIC-RPT,Reporting (`reporting-svc`),05-fds/domain-28-reporting.md#bfr-rpt-004,POST /api/admin/v1/reports/passports,Passport read model.,US-RPT-004,TC-RPT-004-3,Positive functional,Shares broken down by recipient partner,NOT_EXECUTED,,
BFR-RPT-004,P1,Platform shall report Financial Passports created/shared.,Counts available by reporting period.,Reporting and sandbox KPI,EPIC-RPT,Reporting (`reporting-svc`),05-fds/domain-28-reporting.md#bfr-rpt-004,POST /api/admin/v1/reports/passports,Passport read model.,US-RPT-004,TC-RPT-004-4,Security,Small cells suppressed or banded,NOT_EXECUTED,,
BFR-RPT-005,P1,Platform shall report savings participation.,Goals/rules and qualifying amounts can be reported.,Reporting and sandbox KPI,EPIC-RPT,Reporting (`reporting-svc`),05-fds/domain-28-reporting.md#bfr-rpt-005,POST /api/admin/v1/reports/savings,savings read model.,US-RPT-005,TC-RPT-005-1,Positive functional,"Goals, rules and confirmed amounts reported",NOT_EXECUTED,,
BFR-RPT-005,P1,Platform shall report savings participation.,Goals/rules and qualifying amounts can be reported.,Reporting and sandbox KPI,EPIC-RPT,Reporting (`reporting-svc`),05-fds/domain-28-reporting.md#bfr-rpt-005,POST /api/admin/v1/reports/savings,savings read model.,US-RPT-005,TC-RPT-005-2,Negative functional,Pending or failed contributions excluded from amounts,NOT_EXECUTED,,
BFR-RPT-005,P1,Platform shall report savings participation.,Goals/rules and qualifying amounts can be reported.,Reporting and sandbox KPI,EPIC-RPT,Reporting (`reporting-svc`),05-fds/domain-28-reporting.md#bfr-rpt-005,POST /api/admin/v1/reports/savings,savings read model.,US-RPT-005,TC-RPT-005-3,Positive functional,Rule types reported separately,NOT_EXECUTED,,
BFR-RPT-005,P1,Platform shall report savings participation.,Goals/rules and qualifying amounts can be reported.,Reporting and sandbox KPI,EPIC-RPT,Reporting (`reporting-svc`),05-fds/domain-28-reporting.md#bfr-rpt-005,POST /api/admin/v1/reports/savings,savings read model.,US-RPT-005,TC-RPT-005-4,Positive functional,"Later reversals reported as adjustments, not restatements",NOT_EXECUTED,,
BFR-RPT-006,P1,Platform shall report Circle participation.,"Groups, members and contribution indicators available.",Reporting and sandbox KPI,EPIC-RPT,Reporting (`reporting-svc`),05-fds/domain-28-reporting.md#bfr-rpt-006,POST /api/admin/v1/reports/circles,Circle read model.,US-RPT-006,TC-RPT-006-1,Positive functional,"Groups, members and contribution indicators reported",NOT_EXECUTED,,
BFR-RPT-006,P1,Platform shall report Circle participation.,"Groups, members and contribution indicators available.",Reporting and sandbox KPI,EPIC-RPT,Reporting (`reporting-svc`),05-fds/domain-28-reporting.md#bfr-rpt-006,POST /api/admin/v1/reports/circles,Circle read model.,US-RPT-006,TC-RPT-006-2,Positive functional,Models reported separately,NOT_EXECUTED,,
BFR-RPT-006,P1,Platform shall report Circle participation.,"Groups, members and contribution indicators available.",Reporting and sandbox KPI,EPIC-RPT,Reporting (`reporting-svc`),05-fds/domain-28-reporting.md#bfr-rpt-006,POST /api/admin/v1/reports/circles,Circle read model.,US-RPT-006,TC-RPT-006-3,Positive functional,Closure settlement outcomes reported,NOT_EXECUTED,,
BFR-RPT-006,P1,Platform shall report Circle participation.,"Groups, members and contribution indicators available.",Reporting and sandbox KPI,EPIC-RPT,Reporting (`reporting-svc`),05-fds/domain-28-reporting.md#bfr-rpt-006,POST /api/admin/v1/reports/circles,Circle read model.,US-RPT-006,TC-RPT-006-4,Security,Individual members not identifiable,NOT_EXECUTED,,
BFR-RPT-007,P1,Platform shall report cross-border transaction outcomes.,"Volumes, values, success/failure and timing available.",Reporting and sandbox KPI,EPIC-RPT,Reporting (`reporting-svc`),05-fds/domain-28-reporting.md#bfr-rpt-007,POST /api/admin/v1/reports/cross-border,transfer read model.,US-RPT-007,TC-RPT-007-1,Positive functional,"Volumes, values, outcomes and timings reported by corridor",NOT_EXECUTED,,
BFR-RPT-007,P1,Platform shall report cross-border transaction outcomes.,"Volumes, values, success/failure and timing available.",Reporting and sandbox KPI,EPIC-RPT,Reporting (`reporting-svc`),05-fds/domain-28-reporting.md#bfr-rpt-007,POST /api/admin/v1/reports/cross-border,transfer read model.,US-RPT-007,TC-RPT-007-2,Positive functional,Failure reasons categorised,NOT_EXECUTED,,
BFR-RPT-007,P1,Platform shall report cross-border transaction outcomes.,"Volumes, values, success/failure and timing available.",Reporting and sandbox KPI,EPIC-RPT,Reporting (`reporting-svc`),05-fds/domain-28-reporting.md#bfr-rpt-007,POST /api/admin/v1/reports/cross-border,transfer read model.,US-RPT-007,TC-RPT-007-3,Positive functional,Held and screened transfers reported,NOT_EXECUTED,,
BFR-RPT-007,P1,Platform shall report cross-border transaction outcomes.,"Volumes, values, success/failure and timing available.",Reporting and sandbox KPI,EPIC-RPT,Reporting (`reporting-svc`),05-fds/domain-28-reporting.md#bfr-rpt-007,POST /api/admin/v1/reports/cross-border,transfer read model.,US-RPT-007,TC-RPT-007-4,Positive functional,Timing basis stated,NOT_EXECUTED,,
BFR-RPT-008,P1,Platform shall report financing-marketplace outcomes.,"Requests, offers, approvals and disbursement confirmations available.",Reporting and sandbox KPI,EPIC-RPT,Reporting (`reporting-svc`),05-fds/domain-28-reporting.md#bfr-rpt-008,POST /api/admin/v1/reports/capital,capital read model.,US-RPT-008,TC-RPT-008-1,Positive functional,Full funnel reported,NOT_EXECUTED,,
BFR-RPT-008,P1,Platform shall report financing-marketplace outcomes.,"Requests, offers, approvals and disbursement confirmations available.",Reporting and sandbox KPI,EPIC-RPT,Reporting (`reporting-svc`),05-fds/domain-28-reporting.md#bfr-rpt-008,POST /api/admin/v1/reports/capital,capital read model.,US-RPT-008,TC-RPT-008-2,Positive functional,Outcomes reported per provider,NOT_EXECUTED,,
BFR-RPT-008,P1,Platform shall report financing-marketplace outcomes.,"Requests, offers, approvals and disbursement confirmations available.",Reporting and sandbox KPI,EPIC-RPT,Reporting (`reporting-svc`),05-fds/domain-28-reporting.md#bfr-rpt-008,POST /api/admin/v1/reports/capital,capital read model.,US-RPT-008,TC-RPT-008-3,Positive functional,Proportion of declines with no reason reported,NOT_EXECUTED,,
BFR-RPT-008,P1,Platform shall report financing-marketplace outcomes.,"Requests, offers, approvals and disbursement confirmations available.",Reporting and sandbox KPI,EPIC-RPT,Reporting (`reporting-svc`),05-fds/domain-28-reporting.md#bfr-rpt-008,POST /api/admin/v1/reports/capital,capital read model.,US-RPT-008,TC-RPT-008-4,Negative functional,Only confirmed disbursements counted,NOT_EXECUTED,,
BFR-RPT-009,P1,Platform shall report complaints/fraud/AML metrics.,Counts and outcomes exportable.,Reporting and sandbox KPI,EPIC-RPT,Reporting (`reporting-svc`),05-fds/domain-28-reporting.md#bfr-rpt-009,POST /api/admin/v1/reports/conduct,"complaint, fraud and AML read models.",US-RPT-009,TC-RPT-009-1,Positive functional,"Complaint, fraud and AML metrics produced",NOT_EXECUTED,,
BFR-RPT-009,P1,Platform shall report complaints/fraud/AML metrics.,Counts and outcomes exportable.,Reporting and sandbox KPI,EPIC-RPT,Reporting (`reporting-svc`),05-fds/domain-28-reporting.md#bfr-rpt-009,POST /api/admin/v1/reports/conduct,"complaint, fraud and AML read models.",US-RPT-009,TC-RPT-009-2,Security,No case detail in the report,NOT_EXECUTED,,
BFR-RPT-009,P1,Platform shall report complaints/fraud/AML metrics.,Counts and outcomes exportable.,Reporting and sandbox KPI,EPIC-RPT,Reporting (`reporting-svc`),05-fds/domain-28-reporting.md#bfr-rpt-009,POST /api/admin/v1/reports/conduct,"complaint, fraud and AML read models.",US-RPT-009,TC-RPT-009-3,Negative functional,SLA breaches not suppressed,NOT_EXECUTED,,
BFR-RPT-009,P1,Platform shall report complaints/fraud/AML metrics.,Counts and outcomes exportable.,Reporting and sandbox KPI,EPIC-RPT,Reporting (`reporting-svc`),05-fds/domain-28-reporting.md#bfr-rpt-009,POST /api/admin/v1/reports/conduct,"complaint, fraud and AML read models.",US-RPT-009,TC-RPT-009-4,Permissions,Report access role-restricted and audited,NOT_EXECUTED,,
BFR-RPT-009,P1,Platform shall report complaints/fraud/AML metrics.,Counts and outcomes exportable.,Reporting and sandbox KPI,EPIC-RPT,Reporting (`reporting-svc`),05-fds/domain-28-reporting.md#bfr-rpt-009,POST /api/admin/v1/reports/conduct,"complaint, fraud and AML read models.",US-RPT-009,TC-RPT-009-5,Security,Small cells suppressed,NOT_EXECUTED,,
BFR-RPT-010,P2,Sandbox reports shall export to common formats.,CSV/XLSX/PDF or approved reporting format can be produced.,Reporting and sandbox KPI,EPIC-RPT,Reporting (`reporting-svc`),05-fds/domain-28-reporting.md#bfr-rpt-010,POST /api/admin/v1/reports/{id}/export; GET .../exports/{eid},"report_export(format, generated_at, expires_at, download_count)",US-RPT-010,TC-RPT-010-1,Positive functional,Export produced in each supported format,NOT_EXECUTED,,
BFR-RPT-010,P2,Sandbox reports shall export to common formats.,CSV/XLSX/PDF or approved reporting format can be produced.,Reporting and sandbox KPI,EPIC-RPT,Reporting (`reporting-svc`),05-fds/domain-28-reporting.md#bfr-rpt-010,POST /api/admin/v1/reports/{id}/export; GET .../exports/{eid},"report_export(format, generated_at, expires_at, download_count)",US-RPT-010,TC-RPT-010-2,Positive functional,Exported figures match the on-screen report,NOT_EXECUTED,,
BFR-RPT-010,P2,Sandbox reports shall export to common formats.,CSV/XLSX/PDF or approved reporting format can be produced.,Reporting and sandbox KPI,EPIC-RPT,Reporting (`reporting-svc`),05-fds/domain-28-reporting.md#bfr-rpt-010,POST /api/admin/v1/reports/{id}/export; GET .../exports/{eid},"report_export(format, generated_at, expires_at, download_count)",US-RPT-010,TC-RPT-010-3,Security,Links short-lived and authenticated,NOT_EXECUTED,,
BFR-RPT-010,P2,Sandbox reports shall export to common formats.,CSV/XLSX/PDF or approved reporting format can be produced.,Reporting and sandbox KPI,EPIC-RPT,Reporting (`reporting-svc`),05-fds/domain-28-reporting.md#bfr-rpt-010,POST /api/admin/v1/reports/{id}/export; GET .../exports/{eid},"report_export(format, generated_at, expires_at, download_count)",US-RPT-010,TC-RPT-010-4,Audit verification,Export audited and volume-alerted,NOT_EXECUTED,,
BFR-RPT-010,P2,Sandbox reports shall export to common formats.,CSV/XLSX/PDF or approved reporting format can be produced.,Reporting and sandbox KPI,EPIC-RPT,Reporting (`reporting-svc`),05-fds/domain-28-reporting.md#bfr-rpt-010,POST /api/admin/v1/reports/{id}/export; GET .../exports/{eid},"report_export(format, generated_at, expires_at, download_count)",US-RPT-010,TC-RPT-010-5,Negative functional,Partial export refused,NOT_EXECUTED,,
BFR-REC-001,P1,External monetary partners shall be reconciled.,Internal and partner records can be compared.,Reconciliation and settlement,EPIC-REC,Reconciliation (`recon-svc`),05-fds/domain-29-reconciliation.md#bfr-rec-001,POST /api/admin/v1/reconciliation/runs; GET .../runs/{id},"settlement_file, settlement_record, recon_run, recon_match, recon_exception",US-REC-001,TC-REC-001-1,Positive functional,Run compares internal and partner records,NOT_EXECUTED,,
BFR-REC-001,P1,External monetary partners shall be reconciled.,Internal and partner records can be compared.,Reconciliation and settlement,EPIC-REC,Reconciliation (`recon-svc`),05-fds/domain-29-reconciliation.md#bfr-rec-001,POST /api/admin/v1/reconciliation/runs; GET .../runs/{id},"settlement_file, settlement_record, recon_run, recon_match, recon_exception",US-REC-001,TC-REC-001-2,Idempotency,Re-running a period does not duplicate results,NOT_EXECUTED,,
BFR-REC-001,P1,External monetary partners shall be reconciled.,Internal and partner records can be compared.,Reconciliation and settlement,EPIC-REC,Reconciliation (`recon-svc`),05-fds/domain-29-reconciliation.md#bfr-rec-001,POST /api/admin/v1/reconciliation/runs; GET .../runs/{id},"settlement_file, settlement_record, recon_run, recon_match, recon_exception",US-REC-001,TC-REC-001-3,Negative functional,"Missing file flagged, not treated as clean",NOT_EXECUTED,,
BFR-REC-001,P1,External monetary partners shall be reconciled.,Internal and partner records can be compared.,Reconciliation and settlement,EPIC-REC,Reconciliation (`recon-svc`),05-fds/domain-29-reconciliation.md#bfr-rec-001,POST /api/admin/v1/reconciliation/runs; GET .../runs/{id},"settlement_file, settlement_record, recon_run, recon_match, recon_exception",US-REC-001,TC-REC-001-4,Negative functional,Malformed file rejected atomically,NOT_EXECUTED,,
BFR-REC-001,P1,External monetary partners shall be reconciled.,Internal and partner records can be compared.,Reconciliation and settlement,EPIC-REC,Reconciliation (`recon-svc`),05-fds/domain-29-reconciliation.md#bfr-rec-001,POST /api/admin/v1/reconciliation/runs; GET .../runs/{id},"settlement_file, settlement_record, recon_run, recon_match, recon_exception",US-REC-001,TC-REC-001-5,Positive functional,Every record accounted for; no silent remainder,NOT_EXECUTED,,
BFR-REC-002,P1,Reconciliation shall identify matched records.,Matching criteria produce MATCHED status.,Reconciliation and settlement,EPIC-REC,Reconciliation (`recon-svc`),05-fds/domain-29-reconciliation.md#bfr-rec-002,GET /api/admin/v1/reconciliation/runs/{id}/matches,"recon_match(settlement_record_id, journal_id, rule_applied, confidence)",US-REC-002,TC-REC-002-1,Positive functional,Exact reference produces MATCHED,NOT_EXECUTED,,
BFR-REC-002,P1,Reconciliation shall identify matched records.,Matching criteria produce MATCHED status.,Reconciliation and settlement,EPIC-REC,Reconciliation (`recon-svc`),05-fds/domain-29-reconciliation.md#bfr-rec-002,GET /api/admin/v1/reconciliation/runs/{id}/matches,"recon_match(settlement_record_id, journal_id, rule_applied, confidence)",US-REC-002,TC-REC-002-2,Positive functional,Fuzzy match labelled and reviewable,NOT_EXECUTED,,
BFR-REC-002,P1,Reconciliation shall identify matched records.,Matching criteria produce MATCHED status.,Reconciliation and settlement,EPIC-REC,Reconciliation (`recon-svc`),05-fds/domain-29-reconciliation.md#bfr-rec-002,GET /api/admin/v1/reconciliation/runs/{id}/matches,"recon_match(settlement_record_id, journal_id, rule_applied, confidence)",US-REC-002,TC-REC-002-3,Negative functional,Ambiguous match becomes an exception,NOT_EXECUTED,,
BFR-REC-002,P1,Reconciliation shall identify matched records.,Matching criteria produce MATCHED status.,Reconciliation and settlement,EPIC-REC,Reconciliation (`recon-svc`),05-fds/domain-29-reconciliation.md#bfr-rec-002,GET /api/admin/v1/reconciliation/runs/{id}/matches,"recon_match(settlement_record_id, journal_id, rule_applied, confidence)",US-REC-002,TC-REC-002-4,Negative functional,One-to-one matching enforced,NOT_EXECUTED,,
BFR-REC-002,P1,Reconciliation shall identify matched records.,Matching criteria produce MATCHED status.,Reconciliation and settlement,EPIC-REC,Reconciliation (`recon-svc`),05-fds/domain-29-reconciliation.md#bfr-rec-002,GET /api/admin/v1/reconciliation/runs/{id}/matches,"recon_match(settlement_record_id, journal_id, rule_applied, confidence)",US-REC-002,TC-REC-002-5,Positive functional,Rule and version recorded,NOT_EXECUTED,,
BFR-REC-003,P1,Reconciliation shall identify amount mismatch.,Difference is flagged with expected and actual values.,Reconciliation and settlement,EPIC-REC,Reconciliation (`recon-svc`),05-fds/domain-29-reconciliation.md#bfr-rec-003,GET .../exceptions?type=AMOUNT_MISMATCH,"recon_exception(type, expected_minor, actual_minor, difference_minor, currency)",US-REC-003,TC-REC-003-1,Positive functional,"Mismatch flagged with expected, actual and difference",NOT_EXECUTED,,
BFR-REC-003,P1,Reconciliation shall identify amount mismatch.,Difference is flagged with expected and actual values.,Reconciliation and settlement,EPIC-REC,Reconciliation (`recon-svc`),05-fds/domain-29-reconciliation.md#bfr-rec-003,GET .../exceptions?type=AMOUNT_MISMATCH,"recon_exception(type, expected_minor, actual_minor, difference_minor, currency)",US-REC-003,TC-REC-003-2,Decimal and rounding,Difference exact in minor units,NOT_EXECUTED,,
BFR-REC-003,P1,Reconciliation shall identify amount mismatch.,Difference is flagged with expected and actual values.,Reconciliation and settlement,EPIC-REC,Reconciliation (`recon-svc`),05-fds/domain-29-reconciliation.md#bfr-rec-003,GET .../exceptions?type=AMOUNT_MISMATCH,"recon_exception(type, expected_minor, actual_minor, difference_minor, currency)",US-REC-003,TC-REC-003-3,Negative functional,No implicit tolerance applied,NOT_EXECUTED,,
BFR-REC-003,P1,Reconciliation shall identify amount mismatch.,Difference is flagged with expected and actual values.,Reconciliation and settlement,EPIC-REC,Reconciliation (`recon-svc`),05-fds/domain-29-reconciliation.md#bfr-rec-003,GET .../exceptions?type=AMOUNT_MISMATCH,"recon_exception(type, expected_minor, actual_minor, difference_minor, currency)",US-REC-003,TC-REC-003-4,Positive functional,Fee version referenced on the exception,NOT_EXECUTED,,
BFR-REC-003,P1,Reconciliation shall identify amount mismatch.,Difference is flagged with expected and actual values.,Reconciliation and settlement,EPIC-REC,Reconciliation (`recon-svc`),05-fds/domain-29-reconciliation.md#bfr-rec-003,GET .../exceptions?type=AMOUNT_MISMATCH,"recon_exception(type, expected_minor, actual_minor, difference_minor, currency)",US-REC-003,TC-REC-003-5,Negative functional,Resolution never edits the ledger,NOT_EXECUTED,,
BFR-REC-004,P1,Reconciliation shall identify missing internal records.,Partner-only transaction creates exception.,Reconciliation and settlement,EPIC-REC,Reconciliation (`recon-svc`),05-fds/domain-29-reconciliation.md#bfr-rec-004,GET .../exceptions?type=MISSING_INTERNAL,"recon_exception(type = MISSING_INTERNAL, settlement_record_id)",US-REC-004,TC-REC-004-1,Positive functional,Partner-only record creates an exception,NOT_EXECUTED,,
BFR-REC-004,P1,Reconciliation shall identify missing internal records.,Partner-only transaction creates exception.,Reconciliation and settlement,EPIC-REC,Reconciliation (`recon-svc`),05-fds/domain-29-reconciliation.md#bfr-rec-004,GET .../exceptions?type=MISSING_INTERNAL,"recon_exception(type = MISSING_INTERNAL, settlement_record_id)",US-REC-004,TC-REC-004-2,Positive functional,Adjacent-period check resolves timing differences,NOT_EXECUTED,,
BFR-REC-004,P1,Reconciliation shall identify missing internal records.,Partner-only transaction creates exception.,Reconciliation and settlement,EPIC-REC,Reconciliation (`recon-svc`),05-fds/domain-29-reconciliation.md#bfr-rec-004,GET .../exceptions?type=MISSING_INTERNAL,"recon_exception(type = MISSING_INTERNAL, settlement_record_id)",US-REC-004,TC-REC-004-3,Positive functional,UNKNOWN adapter outcomes appear here as expected,NOT_EXECUTED,,
BFR-REC-004,P1,Reconciliation shall identify missing internal records.,Partner-only transaction creates exception.,Reconciliation and settlement,EPIC-REC,Reconciliation (`recon-svc`),05-fds/domain-29-reconciliation.md#bfr-rec-004,GET .../exceptions?type=MISSING_INTERNAL,"recon_exception(type = MISSING_INTERNAL, settlement_record_id)",US-REC-004,TC-REC-004-4,Integration,Unexplained case raises an incident,NOT_EXECUTED,,
BFR-REC-005,P1,Reconciliation shall identify missing partner records.,Internal-only transaction creates exception.,Reconciliation and settlement,EPIC-REC,Reconciliation (`recon-svc`),05-fds/domain-29-reconciliation.md#bfr-rec-005,GET .../exceptions?type=MISSING_PARTNER,"recon_exception(type = MISSING_PARTNER, journal_id)",US-REC-005,TC-REC-005-1,Positive functional,Internal-only record creates an exception,NOT_EXECUTED,,
BFR-REC-005,P1,Reconciliation shall identify missing partner records.,Internal-only transaction creates exception.,Reconciliation and settlement,EPIC-REC,Reconciliation (`recon-svc`),05-fds/domain-29-reconciliation.md#bfr-rec-005,GET .../exceptions?type=MISSING_PARTNER,"recon_exception(type = MISSING_PARTNER, journal_id)",US-REC-005,TC-REC-005-2,Positive functional,Adjacent-period check resolves timing,NOT_EXECUTED,,
BFR-REC-005,P1,Reconciliation shall identify missing partner records.,Internal-only transaction creates exception.,Reconciliation and settlement,EPIC-REC,Reconciliation (`recon-svc`),05-fds/domain-29-reconciliation.md#bfr-rec-005,GET .../exceptions?type=MISSING_PARTNER,"recon_exception(type = MISSING_PARTNER, journal_id)",US-REC-005,TC-REC-005-3,Reversal,"Resolution by linked reversal, never deletion",NOT_EXECUTED,,
BFR-REC-005,P1,Reconciliation shall identify missing partner records.,Internal-only transaction creates exception.,Reconciliation and settlement,EPIC-REC,Reconciliation (`recon-svc`),05-fds/domain-29-reconciliation.md#bfr-rec-005,GET .../exceptions?type=MISSING_PARTNER,"recon_exception(type = MISSING_PARTNER, journal_id)",US-REC-005,TC-REC-005-4,Integration,Confirmed case raises a customer-impact incident,NOT_EXECUTED,,
BFR-REC-006,P1,Duplicate settlement records shall be detected.,Duplicate partner reference creates exception.,Reconciliation and settlement,EPIC-REC,Reconciliation (`recon-svc`),05-fds/domain-29-reconciliation.md#bfr-rec-006,GET .../exceptions?type=DUPLICATE,"recon_exception(type = DUPLICATE, references[])",US-REC-006,TC-REC-006-1,Positive functional,Duplicate reference creates an exception,NOT_EXECUTED,,
BFR-REC-006,P1,Duplicate settlement records shall be detected.,Duplicate partner reference creates exception.,Reconciliation and settlement,EPIC-REC,Reconciliation (`recon-svc`),05-fds/domain-29-reconciliation.md#bfr-rec-006,GET .../exceptions?type=DUPLICATE,"recon_exception(type = DUPLICATE, references[])",US-REC-006,TC-REC-006-2,Negative functional,Duplicates never silently deduplicated,NOT_EXECUTED,,
BFR-REC-006,P1,Duplicate settlement records shall be detected.,Duplicate partner reference creates exception.,Reconciliation and settlement,EPIC-REC,Reconciliation (`recon-svc`),05-fds/domain-29-reconciliation.md#bfr-rec-006,GET .../exceptions?type=DUPLICATE,"recon_exception(type = DUPLICATE, references[])",US-REC-006,TC-REC-006-3,Positive functional,File re-send detected by hash at ingestion,NOT_EXECUTED,,
BFR-REC-006,P1,Duplicate settlement records shall be detected.,Duplicate partner reference creates exception.,Reconciliation and settlement,EPIC-REC,Reconciliation (`recon-svc`),05-fds/domain-29-reconciliation.md#bfr-rec-006,GET .../exceptions?type=DUPLICATE,"recon_exception(type = DUPLICATE, references[])",US-REC-006,TC-REC-006-4,Reversal,Confirmed double-payment corrected by reversal,NOT_EXECUTED,,
BFR-REC-007,P1,Reconciliation exceptions shall support investigation workflow.,"Exception can be assigned, annotated and resolved.",Reconciliation and settlement,EPIC-REC,Reconciliation (`recon-svc`),05-fds/domain-29-reconciliation.md#bfr-rec-007,POST .../exceptions/{id}/assign; POST .../notes; POST .../resolve,"recon_exception(status, assignee_id), recon_exception_note",US-REC-007,TC-REC-007-1,Positive functional,"Exception assigned, annotated and resolved",NOT_EXECUTED,,
BFR-REC-007,P1,Reconciliation exceptions shall support investigation workflow.,"Exception can be assigned, annotated and resolved.",Reconciliation and settlement,EPIC-REC,Reconciliation (`recon-svc`),05-fds/domain-29-reconciliation.md#bfr-rec-007,POST .../exceptions/{id}/assign; POST .../notes; POST .../resolve,"recon_exception(status, assignee_id), recon_exception_note",US-REC-007,TC-REC-007-2,Positive functional,Unassigned and ageing exceptions escalate,NOT_EXECUTED,,
BFR-REC-007,P1,Reconciliation exceptions shall support investigation workflow.,"Exception can be assigned, annotated and resolved.",Reconciliation and settlement,EPIC-REC,Reconciliation (`recon-svc`),05-fds/domain-29-reconciliation.md#bfr-rec-007,POST .../exceptions/{id}/assign; POST .../notes; POST .../resolve,"recon_exception(status, assignee_id), recon_exception_note",US-REC-007,TC-REC-007-3,Security,Notes append-only,NOT_EXECUTED,,
BFR-REC-007,P1,Reconciliation exceptions shall support investigation workflow.,"Exception can be assigned, annotated and resolved.",Reconciliation and settlement,EPIC-REC,Reconciliation (`recon-svc`),05-fds/domain-29-reconciliation.md#bfr-rec-007,POST .../exceptions/{id}/assign; POST .../notes; POST .../resolve,"recon_exception(status, assignee_id), recon_exception_note",US-REC-007,TC-REC-007-4,Permissions,Corrective posting requires approval,NOT_EXECUTED,,
BFR-REC-008,P1,Reconciliation resolution shall be audited.,Reason and corrective action recorded.,Reconciliation and settlement,EPIC-REC,Reconciliation (`recon-svc`),05-fds/domain-29-reconciliation.md#bfr-rec-008,POST .../exceptions/{id}/resolve,"recon_exception(resolution_type, resolution_reason, resolved_by, resolved_at, corrective_journal_id)",US-REC-008,TC-REC-008-1,Positive functional,"Resolution records type, reason and actor",NOT_EXECUTED,,
BFR-REC-008,P1,Reconciliation resolution shall be audited.,Reason and corrective action recorded.,Reconciliation and settlement,EPIC-REC,Reconciliation (`recon-svc`),05-fds/domain-29-reconciliation.md#bfr-rec-008,POST .../exceptions/{id}/resolve,"recon_exception(resolution_type, resolution_reason, resolved_by, resolved_at, corrective_journal_id)",US-REC-008,TC-REC-008-2,Negative functional,Resolution without a reason refused,NOT_EXECUTED,,
BFR-REC-008,P1,Reconciliation resolution shall be audited.,Reason and corrective action recorded.,Reconciliation and settlement,EPIC-REC,Reconciliation (`recon-svc`),05-fds/domain-29-reconciliation.md#bfr-rec-008,POST .../exceptions/{id}/resolve,"recon_exception(resolution_type, resolution_reason, resolved_by, resolved_at, corrective_journal_id)",US-REC-008,TC-REC-008-3,Positive functional,Corrective journal linked,NOT_EXECUTED,,
BFR-REC-008,P1,Reconciliation resolution shall be audited.,Reason and corrective action recorded.,Reconciliation and settlement,EPIC-REC,Reconciliation (`recon-svc`),05-fds/domain-29-reconciliation.md#bfr-rec-008,POST .../exceptions/{id}/resolve,"recon_exception(resolution_type, resolution_reason, resolved_by, resolved_at, corrective_journal_id)",US-REC-008,TC-REC-008-4,Security,Resolution immutable; reopening recorded,NOT_EXECUTED,,
BFR-REC-009,P1,Settlement files shall retain source integrity/reference.,Original received source/file reference is preserved.,Reconciliation and settlement,EPIC-REC,Reconciliation (`recon-svc`),05-fds/domain-29-reconciliation.md#bfr-rec-009,GET .../runs/{id}/source,"settlement_file(filename, sha256, received_at, object_ref, ingest_status); settlement_record.source_line",US-REC-009,TC-REC-009-1,Positive functional,Original file retained unmodified with its hash,NOT_EXECUTED,,
BFR-REC-009,P1,Settlement files shall retain source integrity/reference.,Original received source/file reference is preserved.,Reconciliation and settlement,EPIC-REC,Reconciliation (`recon-svc`),05-fds/domain-29-reconciliation.md#bfr-rec-009,GET .../runs/{id}/source,"settlement_file(filename, sha256, received_at, object_ref, ingest_status); settlement_record.source_line",US-REC-009,TC-REC-009-2,Positive functional,Records trace to file and line,NOT_EXECUTED,,
BFR-REC-009,P1,Settlement files shall retain source integrity/reference.,Original received source/file reference is preserved.,Reconciliation and settlement,EPIC-REC,Reconciliation (`recon-svc`),05-fds/domain-29-reconciliation.md#bfr-rec-009,GET .../runs/{id}/source,"settlement_file(filename, sha256, received_at, object_ref, ingest_status); settlement_record.source_line",US-REC-009,TC-REC-009-3,Positive functional,Re-send detected by hash and recorded,NOT_EXECUTED,,
BFR-REC-009,P1,Settlement files shall retain source integrity/reference.,Original received source/file reference is preserved.,Reconciliation and settlement,EPIC-REC,Reconciliation (`recon-svc`),05-fds/domain-29-reconciliation.md#bfr-rec-009,GET .../runs/{id}/source,"settlement_file(filename, sha256, received_at, object_ref, ingest_status); settlement_record.source_line",US-REC-009,TC-REC-009-4,Security,File encrypted; access restricted and audited,NOT_EXECUTED,,
BFR-REC-009,P1,Settlement files shall retain source integrity/reference.,Original received source/file reference is preserved.,Reconciliation and settlement,EPIC-REC,Reconciliation (`recon-svc`),05-fds/domain-29-reconciliation.md#bfr-rec-009,GET .../runs/{id}/source,"settlement_file(filename, sha256, received_at, object_ref, ingest_status); settlement_record.source_line",US-REC-009,TC-REC-009-5,Negative functional,Checksum mismatch rejected and alerted,NOT_EXECUTED,,
BFR-REC-010,P2,Reconciliation reports shall be exportable.,Operations can export unresolved/resolved exceptions.,Reconciliation and settlement,EPIC-REC,Reconciliation (`recon-svc`),05-fds/domain-29-reconciliation.md#bfr-rec-010,POST /api/admin/v1/reconciliation/reports,reconciliation read models.,US-REC-010,TC-REC-010-1,Positive functional,Open and resolved exceptions exportable,NOT_EXECUTED,,
BFR-REC-010,P2,Reconciliation reports shall be exportable.,Operations can export unresolved/resolved exceptions.,Reconciliation and settlement,EPIC-REC,Reconciliation (`recon-svc`),05-fds/domain-29-reconciliation.md#bfr-rec-010,POST /api/admin/v1/reconciliation/reports,reconciliation read models.,US-REC-010,TC-REC-010-2,Positive functional,Ageing included,NOT_EXECUTED,,
BFR-REC-010,P2,Reconciliation reports shall be exportable.,Operations can export unresolved/resolved exceptions.,Reconciliation and settlement,EPIC-REC,Reconciliation (`recon-svc`),05-fds/domain-29-reconciliation.md#bfr-rec-010,POST /api/admin/v1/reconciliation/reports,reconciliation read models.,US-REC-010,TC-REC-010-3,Positive functional,Reproducible for a period,NOT_EXECUTED,,
BFR-REC-010,P2,Reconciliation reports shall be exportable.,Operations can export unresolved/resolved exceptions.,Reconciliation and settlement,EPIC-REC,Reconciliation (`recon-svc`),05-fds/domain-29-reconciliation.md#bfr-rec-010,POST /api/admin/v1/reconciliation/reports,reconciliation read models.,US-REC-010,TC-REC-010-4,Negative functional,No completed run refuses rather than implying a clean period,NOT_EXECUTED,,
BFR-REC-010,P2,Reconciliation reports shall be exportable.,Operations can export unresolved/resolved exceptions.,Reconciliation and settlement,EPIC-REC,Reconciliation (`recon-svc`),05-fds/domain-29-reconciliation.md#bfr-rec-010,POST /api/admin/v1/reconciliation/reports,reconciliation read models.,US-REC-010,TC-REC-010-5,Audit verification,Export audited,NOT_EXECUTED,,
BFR-NFR-001,P1,Data shall be encrypted in transit.,Supported production endpoints enforce approved TLS configuration.,Cross-cutting non-functional,EPIC-NFR,Platform-wide (no bounded context),05-fds/domain-30-nfr.md#bfr-nfr-001,(no new endpoint),,US-NFR-001,TC-NFR-001-1,Security,All production endpoints enforce approved TLS,NOT_EXECUTED,,
BFR-NFR-001,P1,Data shall be encrypted in transit.,Supported production endpoints enforce approved TLS configuration.,Cross-cutting non-functional,EPIC-NFR,Platform-wide (no bounded context),05-fds/domain-30-nfr.md#bfr-nfr-001,(no new endpoint),,US-NFR-001,TC-NFR-001-2,Security,Plaintext HTTP not served,NOT_EXECUTED,,
BFR-NFR-001,P1,Data shall be encrypted in transit.,Supported production endpoints enforce approved TLS configuration.,Cross-cutting non-functional,EPIC-NFR,Platform-wide (no bounded context),05-fds/domain-30-nfr.md#bfr-nfr-001,(no new endpoint),,US-NFR-001,TC-NFR-001-3,Security,Internal traffic encrypted,NOT_EXECUTED,,
BFR-NFR-001,P1,Data shall be encrypted in transit.,Supported production endpoints enforce approved TLS configuration.,Cross-cutting non-functional,EPIC-NFR,Platform-wide (no bounded context),05-fds/domain-30-nfr.md#bfr-nfr-001,(no new endpoint),,US-NFR-001,TC-NFR-001-4,Security,Certificate verification never disabled in adapters,NOT_EXECUTED,,
BFR-NFR-002,P1,Sensitive data shall be encrypted at rest.,Database/storage encryption enabled for production data stores.,Cross-cutting non-functional,EPIC-NFR,Platform-wide (no bounded context),05-fds/domain-30-nfr.md#bfr-nfr-002,(no new endpoint),,US-NFR-002,TC-NFR-002-1,Security,Storage encryption enabled on all production stores,NOT_EXECUTED,,
BFR-NFR-002,P1,Sensitive data shall be encrypted at rest.,Database/storage encryption enabled for production data stores.,Cross-cutting non-functional,EPIC-NFR,Platform-wide (no bounded context),05-fds/domain-30-nfr.md#bfr-nfr-002,(no new endpoint),,US-NFR-002,TC-NFR-002-2,Security,Identity fields column-encrypted,NOT_EXECUTED,,
BFR-NFR-002,P1,Sensitive data shall be encrypted at rest.,Database/storage encryption enabled for production data stores.,Cross-cutting non-functional,EPIC-NFR,Platform-wide (no bounded context),05-fds/domain-30-nfr.md#bfr-nfr-002,(no new endpoint),,US-NFR-002,TC-NFR-002-3,Security,Backups and object storage encrypted,NOT_EXECUTED,,
BFR-NFR-002,P1,Sensitive data shall be encrypted at rest.,Database/storage encryption enabled for production data stores.,Cross-cutting non-functional,EPIC-NFR,Platform-wide (no bounded context),05-fds/domain-30-nfr.md#bfr-nfr-002,(no new endpoint),,US-NFR-002,TC-NFR-002-4,Security,"Searchable fields use keyed hashes, not plaintext",NOT_EXECUTED,,
BFR-NFR-003,P1,Secrets shall not be stored in source code.,Repository scan finds no production credentials/secrets.,Cross-cutting non-functional,EPIC-NFR,Platform-wide (no bounded context),05-fds/domain-30-nfr.md#bfr-nfr-003,(no new endpoint),,US-NFR-003,TC-NFR-003-1,Security,Secret scanning fails the build on detection,NOT_EXECUTED,,
BFR-NFR-003,P1,Secrets shall not be stored in source code.,Repository scan finds no production credentials/secrets.,Cross-cutting non-functional,EPIC-NFR,Platform-wide (no bounded context),05-fds/domain-30-nfr.md#bfr-nfr-003,(no new endpoint),,US-NFR-003,TC-NFR-003-2,Security,No production secret in the repository or its history,NOT_EXECUTED,,
BFR-NFR-003,P1,Secrets shall not be stored in source code.,Repository scan finds no production credentials/secrets.,Cross-cutting non-functional,EPIC-NFR,Platform-wide (no bounded context),05-fds/domain-30-nfr.md#bfr-nfr-003,(no new endpoint),,US-NFR-003,TC-NFR-003-3,Security,Secrets resolve from the secret manager at runtime,NOT_EXECUTED,,
BFR-NFR-003,P1,Secrets shall not be stored in source code.,Repository scan finds no production credentials/secrets.,Cross-cutting non-functional,EPIC-NFR,Platform-wide (no bounded context),05-fds/domain-30-nfr.md#bfr-nfr-003,(no new endpoint),,US-NFR-003,TC-NFR-003-4,Security,"Secrets absent from logs, errors and events",NOT_EXECUTED,,
BFR-NFR-004,P1,API calls modifying money shall support idempotency.,Repeated same idempotent request does not duplicate monetary action.,Cross-cutting non-functional,EPIC-NFR,Platform-wide (no bounded context),05-fds/domain-30-nfr.md#bfr-nfr-004,(no new endpoint),,US-NFR-004,TC-NFR-004-1,Idempotency,Repeat request produces one monetary action,NOT_EXECUTED,,
BFR-NFR-004,P1,API calls modifying money shall support idempotency.,Repeated same idempotent request does not duplicate monetary action.,Cross-cutting non-functional,EPIC-NFR,Platform-wide (no bounded context),05-fds/domain-30-nfr.md#bfr-nfr-004,(no new endpoint),,US-NFR-004,TC-NFR-004-2,Concurrency,Concurrent identical requests produce one action,NOT_EXECUTED,,
BFR-NFR-004,P1,API calls modifying money shall support idempotency.,Repeated same idempotent request does not duplicate monetary action.,Cross-cutting non-functional,EPIC-NFR,Platform-wide (no bounded context),05-fds/domain-30-nfr.md#bfr-nfr-004,(no new endpoint),,US-NFR-004,TC-NFR-004-3,Negative functional,Missing key on a money-moving endpoint refused,NOT_EXECUTED,,
BFR-NFR-004,P1,API calls modifying money shall support idempotency.,Repeated same idempotent request does not duplicate monetary action.,Cross-cutting non-functional,EPIC-NFR,Platform-wide (no bounded context),05-fds/domain-30-nfr.md#bfr-nfr-004,(no new endpoint),,US-NFR-004,TC-NFR-004-4,Idempotency,Redelivered event does not repeat its effect,NOT_EXECUTED,,
BFR-NFR-004,P1,API calls modifying money shall support idempotency.,Repeated same idempotent request does not duplicate monetary action.,Cross-cutting non-functional,EPIC-NFR,Platform-wide (no bounded context),05-fds/domain-30-nfr.md#bfr-nfr-004,(no new endpoint),,US-NFR-004,TC-NFR-004-5,Security,Every money-moving route covered (route inventory test),NOT_EXECUTED,,
BFR-NFR-005,P1,APIs shall use structured error responses.,Error response includes stable code and correlation ID.,Cross-cutting non-functional,EPIC-NFR,Platform-wide (no bounded context),05-fds/domain-30-nfr.md#bfr-nfr-005,(no new endpoint),,US-NFR-005,TC-NFR-005-1,API contract,Every endpoint conforms to the error schema,NOT_EXECUTED,,
BFR-NFR-005,P1,APIs shall use structured error responses.,Error response includes stable code and correlation ID.,Cross-cutting non-functional,EPIC-NFR,Platform-wide (no bounded context),05-fds/domain-30-nfr.md#bfr-nfr-005,(no new endpoint),,US-NFR-005,TC-NFR-005-2,Positive functional,Correlation id present and traceable to logs and audit,NOT_EXECUTED,,
BFR-NFR-005,P1,APIs shall use structured error responses.,Error response includes stable code and correlation ID.,Cross-cutting non-functional,EPIC-NFR,Platform-wide (no bounded context),05-fds/domain-30-nfr.md#bfr-nfr-005,(no new endpoint),,US-NFR-005,TC-NFR-005-3,Security,No internal detail in any error response,NOT_EXECUTED,,
BFR-NFR-005,P1,APIs shall use structured error responses.,Error response includes stable code and correlation ID.,Cross-cutting non-functional,EPIC-NFR,Platform-wide (no bounded context),05-fds/domain-30-nfr.md#bfr-nfr-005,(no new endpoint),,US-NFR-005,TC-NFR-005-4,Security,Enumeration-sensitive errors do not disclose existence,NOT_EXECUTED,,
BFR-NFR-005,P1,APIs shall use structured error responses.,Error response includes stable code and correlation ID.,Cross-cutting non-functional,EPIC-NFR,Platform-wide (no bounded context),05-fds/domain-30-nfr.md#bfr-nfr-005,(no new endpoint),,US-NFR-005,TC-NFR-005-5,Error handling,Unhandled exception returns a generic error with a correlation id,NOT_EXECUTED,,
BFR-NFR-006,P1,Audit logs shall be protected from ordinary modification.,Standard users/admins cannot delete audit events.,Cross-cutting non-functional,EPIC-NFR,Platform-wide (no bounded context),05-fds/domain-30-nfr.md#bfr-nfr-006,(no new endpoint),,US-NFR-006,TC-NFR-006-1,Security,UPDATE and DELETE denied to the application role,NOT_EXECUTED,,
BFR-NFR-006,P1,Audit logs shall be protected from ordinary modification.,Standard users/admins cannot delete audit events.,Cross-cutting non-functional,EPIC-NFR,Platform-wide (no bounded context),05-fds/domain-30-nfr.md#bfr-nfr-006,(no new endpoint),,US-NFR-006,TC-NFR-006-2,Security,Hash chain detects tampering,NOT_EXECUTED,,
BFR-NFR-006,P1,Audit logs shall be protected from ordinary modification.,Standard users/admins cannot delete audit events.,Cross-cutting non-functional,EPIC-NFR,Platform-wide (no bounded context),05-fds/domain-30-nfr.md#bfr-nfr-006,(no new endpoint),,US-NFR-006,TC-NFR-006-3,Error handling,Audit write failure rolls back the action,NOT_EXECUTED,,
BFR-NFR-006,P1,Audit logs shall be protected from ordinary modification.,Standard users/admins cannot delete audit events.,Cross-cutting non-functional,EPIC-NFR,Platform-wide (no bounded context),05-fds/domain-30-nfr.md#bfr-nfr-006,(no new endpoint),,US-NFR-006,TC-NFR-006-4,Permissions,Retention disposal requires dual approval and is audited,NOT_EXECUTED,,
BFR-NFR-006,P1,Audit logs shall be protected from ordinary modification.,Standard users/admins cannot delete audit events.,Cross-cutting non-functional,EPIC-NFR,Platform-wide (no bounded context),05-fds/domain-30-nfr.md#bfr-nfr-006,(no new endpoint),,US-NFR-006,TC-NFR-006-5,Security,Same protections verified on all append-only evidence tables,NOT_EXECUTED,,
BFR-NFR-007,P2,Platform shall support low-bandwidth operation.,Critical customer screens remain usable on constrained connection test profile.,Cross-cutting non-functional,EPIC-NFR,Platform-wide (no bounded context),05-fds/domain-30-nfr.md#bfr-nfr-007,(no new endpoint),,US-NFR-007,TC-NFR-007-1,Positive functional,Critical journeys complete on the constrained profile,NOT_EXECUTED,,
BFR-NFR-007,P2,Platform shall support low-bandwidth operation.,Critical customer screens remain usable on constrained connection test profile.,Cross-cutting non-functional,EPIC-NFR,Platform-wide (no bounded context),05-fds/domain-30-nfr.md#bfr-nfr-007,(no new endpoint),,US-NFR-007,TC-NFR-007-2,Positive functional,Payload and asset budgets enforced in CI,NOT_EXECUTED,,
BFR-NFR-007,P2,Platform shall support low-bandwidth operation.,Critical customer screens remain usable on constrained connection test profile.,Cross-cutting non-functional,EPIC-NFR,Platform-wide (no bounded context),05-fds/domain-30-nfr.md#bfr-nfr-007,(no new endpoint),,US-NFR-007,TC-NFR-007-3,Positive functional,Dropped connection recoverable without duplication,NOT_EXECUTED,,
BFR-NFR-007,P2,Platform shall support low-bandwidth operation.,Critical customer screens remain usable on constrained connection test profile.,Cross-cutting non-functional,EPIC-NFR,Platform-wide (no bounded context),05-fds/domain-30-nfr.md#bfr-nfr-007,(no new endpoint),,US-NFR-007,TC-NFR-007-4,Positive functional,Cached views display their age,NOT_EXECUTED,,
BFR-NFR-008,P2,Production service availability target shall be at least 99.9% excluding approved maintenance.,Availability monitoring reports against defined target.,Cross-cutting non-functional,EPIC-NFR,Platform-wide (no bounded context),05-fds/domain-30-nfr.md#bfr-nfr-008,(no new endpoint),,US-NFR-008,TC-NFR-008-1,Positive functional,Availability computed from synthetic critical-journey probes,NOT_EXECUTED,,
BFR-NFR-008,P2,Production service availability target shall be at least 99.9% excluding approved maintenance.,Availability monitoring reports against defined target.,Cross-cutting non-functional,EPIC-NFR,Platform-wide (no bounded context),05-fds/domain-30-nfr.md#bfr-nfr-008,(no new endpoint),,US-NFR-008,TC-NFR-008-2,Positive functional,Only approved maintenance excluded,NOT_EXECUTED,,
BFR-NFR-008,P2,Production service availability target shall be at least 99.9% excluding approved maintenance.,Availability monitoring reports against defined target.,Cross-cutting non-functional,EPIC-NFR,Platform-wide (no bounded context),05-fds/domain-30-nfr.md#bfr-nfr-008,(no new endpoint),,US-NFR-008,TC-NFR-008-3,Positive functional,Partial degradation reported distinctly,NOT_EXECUTED,,
BFR-NFR-008,P2,Production service availability target shall be at least 99.9% excluding approved maintenance.,Availability monitoring reports against defined target.,Cross-cutting non-functional,EPIC-NFR,Platform-wide (no bounded context),05-fds/domain-30-nfr.md#bfr-nfr-008,(no new endpoint),,US-NFR-008,TC-NFR-008-4,Positive functional,"Provider outages reported separately, not netted off",NOT_EXECUTED,,
BFR-NFR-009,P1,Critical functionality shall have automated tests.,CI pipeline executes unit/integration/E2E suites for defined critical flows.,Cross-cutting non-functional,EPIC-NFR,Platform-wide (no bounded context),05-fds/domain-30-nfr.md#bfr-nfr-009,(no new endpoint),,US-NFR-009,TC-NFR-009-1,Positive functional,All critical flow suites execute in CI,NOT_EXECUTED,,
BFR-NFR-009,P1,Critical functionality shall have automated tests.,CI pipeline executes unit/integration/E2E suites for defined critical flows.,Cross-cutting non-functional,EPIC-NFR,Platform-wide (no bounded context),05-fds/domain-30-nfr.md#bfr-nfr-009,(no new endpoint),,US-NFR-009,TC-NFR-009-2,Negative functional,A failing critical suite blocks promotion,NOT_EXECUTED,,
BFR-NFR-009,P1,Critical functionality shall have automated tests.,CI pipeline executes unit/integration/E2E suites for defined critical flows.,Cross-cutting non-functional,EPIC-NFR,Platform-wide (no bounded context),05-fds/domain-30-nfr.md#bfr-nfr-009,(no new endpoint),,US-NFR-009,TC-NFR-009-3,Positive functional,Financial modules carry the five additional test categories,NOT_EXECUTED,,
BFR-NFR-009,P1,Critical functionality shall have automated tests.,CI pipeline executes unit/integration/E2E suites for defined critical flows.,Cross-cutting non-functional,EPIC-NFR,Platform-wide (no bounded context),05-fds/domain-30-nfr.md#bfr-nfr-009,(no new endpoint),,US-NFR-009,TC-NFR-009-4,Security,No production data in test,NOT_EXECUTED,,
BFR-NFR-009,P1,Critical functionality shall have automated tests.,CI pipeline executes unit/integration/E2E suites for defined critical flows.,Cross-cutting non-functional,EPIC-NFR,Platform-wide (no bounded context),05-fds/domain-30-nfr.md#bfr-nfr-009,(no new endpoint),,US-NFR-009,TC-NFR-009-5,Error handling,"Infrastructure failure fails the pipeline, not passes it",NOT_EXECUTED,,
BFR-NFR-010,P1,Every URS requirement shall be traceable to design and test evidence before production release.,Traceability matrix shows requirement → design → build → test → result.,Cross-cutting non-functional,EPIC-NFR,Platform-wide (no bounded context),05-fds/domain-30-nfr.md#bfr-nfr-010,(no new endpoint),,US-NFR-010,TC-NFR-010-1,Positive functional,RTM generated from route and test declarations,NOT_EXECUTED,,
BFR-NFR-010,P1,Every URS requirement shall be traceable to design and test evidence before production release.,Traceability matrix shows requirement → design → build → test → result.,Cross-cutting non-functional,EPIC-NFR,Platform-wide (no bounded context),05-fds/domain-30-nfr.md#bfr-nfr-010,(no new endpoint),,US-NFR-010,TC-NFR-010-2,Negative functional,P1 requirement without a passing test fails the gate,NOT_EXECUTED,,
BFR-NFR-010,P1,Every URS requirement shall be traceable to design and test evidence before production release.,Traceability matrix shows requirement → design → build → test → result.,Cross-cutting non-functional,EPIC-NFR,Platform-wide (no bounded context),05-fds/domain-30-nfr.md#bfr-nfr-010,(no new endpoint),,US-NFR-010,TC-NFR-010-3,Negative functional,Undeclared route fails the gate,NOT_EXECUTED,,
BFR-NFR-010,P1,Every URS requirement shall be traceable to design and test evidence before production release.,Traceability matrix shows requirement → design → build → test → result.,Cross-cutting non-functional,EPIC-NFR,Platform-wide (no bounded context),05-fds/domain-30-nfr.md#bfr-nfr-010,(no new endpoint),,US-NFR-010,TC-NFR-010-4,Positive functional,RTM contains every URS §27 column,NOT_EXECUTED,,
BFR-NFR-010,P1,Every URS requirement shall be traceable to design and test evidence before production release.,Traceability matrix shows requirement → design → build → test → result.,Cross-cutting non-functional,EPIC-NFR,Platform-wide (no bounded context),05-fds/domain-30-nfr.md#bfr-nfr-010,(no new endpoint),,US-NFR-010,TC-NFR-010-5,Audit verification,"Exceptions documented, approved and dated",NOT_EXECUTED,,
